#
# There is insufficient memory for the Java Runtime Environment to continue.
# Native memory allocation (mmap) failed to map 1753219072 bytes. Error detail: G1 virtual space
# Possible reasons:
#   The system is out of physical RAM or swap space
#   This process is running with CompressedOops enabled, and the Java Heap may be blocking the growth of the native heap
# Possible solutions:
#   Reduce memory load on the system
#   Increase physical memory or swap space
#   Check if swap backing store is full
#   Decrease Java heap size (-Xmx/-Xms)
#   Decrease number of Java threads
#   Decrease Java thread stack sizes (-Xss)
#   Set larger code cache with -XX:ReservedCodeCacheSize=
#   JVM is running with Zero Based Compressed Oops mode in which the Java heap is
#     placed in the first 32GB address space. The Java Heap base address is the
#     maximum limit for the native heap growth. Please use -XX:HeapBaseMinAddress
#     to set the Java Heap base and to place the Java Heap above 32GB virtual address.
# This output file may be truncated or incomplete.
#
#  Out of Memory Error (os_windows.cpp:3618), pid=26428, tid=16768
#
# JRE version: OpenJDK Runtime Environment Temurin-17.0.19+10 (17.0.19+10) (build 17.0.19+10)
# Java VM: OpenJDK 64-Bit Server VM Temurin-17.0.19+10 (17.0.19+10, mixed mode, sharing, tiered, compressed oops, compressed class ptrs, g1 gc, windows-amd64)
# No core dump will be written. Minidumps are not enabled by default on client versions of Windows
#

---------------  S U M M A R Y ------------

Command Line: -XX:+UseG1GC -XX:+UnlockExperimentalVMOptions -XX:G1NewSizePercent=20 -XX:G1ReservePercent=15 -XX:MaxGCPauseMillis=100 -XX:MetaspaceSize=512m -XX:MaxMetaspaceSize=512m --add-opens=java.base/java.util=ALL-UNNAMED --add-opens=java.base/java.lang=ALL-UNNAMED --add-opens=java.base/java.lang.invoke=ALL-UNNAMED --add-opens=java.prefs/java.util.prefs=ALL-UNNAMED --add-opens=java.base/java.nio.charset=ALL-UNNAMED --add-opens=java.base/java.net=ALL-UNNAMED --add-opens=java.base/java.util.concurrent.atomic=ALL-UNNAMED -Xmx8g -Dfile.encoding=windows-1251 -Duser.country=RU -Duser.language=ru -Duser.variant -javaagent:C:\Users\ivanp\.gradle\wrapper\dists\gradle-8.7-bin\bhs2wmbdwecv87pi65oeuq5iu\gradle-8.7\lib\agents\gradle-instrumentation-agent-8.7.jar org.gradle.launcher.daemon.bootstrap.GradleDaemon 8.7

Host: 12th Gen Intel(R) Core(TM) i5-12450H, 12 cores, 15G,  Windows 11 , 64 bit Build 26100 (10.0.26100.8521)
Time: Sat Jul  4 19:41:45 2026  Windows 11 , 64 bit Build 26100 (10.0.26100.8521) elapsed time: 268.168300 seconds (0d 0h 4m 28s)

---------------  T H R E A D  ---------------

Current thread (0x0000022cb6eb07a0):  VMThread "VM Thread" [stack: 0x000000ce7dd00000,0x000000ce7de00000] [id=16768]

Stack: [0x000000ce7dd00000,0x000000ce7de00000]
Native frames: (J=compiled Java code, j=interpreted, Vv=VM code, C=native code)
V  [jvm.dll+0x684b29]
V  [jvm.dll+0x83a2d5]
V  [jvm.dll+0x83bd4e]
V  [jvm.dll+0x83c3d3]
V  [jvm.dll+0x24905f]
V  [jvm.dll+0x6818e9]
V  [jvm.dll+0x6766ea]
V  [jvm.dll+0x3093b7]
V  [jvm.dll+0x3109a6]
V  [jvm.dll+0x360f1e]
V  [jvm.dll+0x36115d]
V  [jvm.dll+0x2e043c]
V  [jvm.dll+0x2e34c6]
V  [jvm.dll+0x2edc04]
V  [jvm.dll+0x320edd]
V  [jvm.dll+0x840bed]
V  [jvm.dll+0x841923]
V  [jvm.dll+0x841e4f]
V  [jvm.dll+0x842235]
V  [jvm.dll+0x8422fe]
V  [jvm.dll+0x7eaf1c]
V  [jvm.dll+0x6839f7]
C  [ucrtbase.dll+0x2cd30]
C  [KERNEL32.DLL+0x2e957]
C  [ntdll.dll+0x87c1c]

VM_Operation (0x000000ce7d9ffa40): G1PauseRemark, mode: safepoint, requested by thread 0x0000022cb6cd0c20


---------------  P R O C E S S  ---------------

Threads class SMR info:
_java_thread_list=0x0000022cdd1107b0, length=112, elements={
0x0000022c8ae2ba90, 0x0000022cb6eb6300, 0x0000022cb6eb7940, 0x0000022cb9a96470,
0x0000022cb9a98d50, 0x0000022cb9a9a190, 0x0000022cb9a9b5d0, 0x0000022cb9a9fcd0,
0x0000022cb9aa25f0, 0x0000022cb9aa3a70, 0x0000022cb6ea13f0, 0x0000022cb9c77750,
0x0000022cda187690, 0x0000022cd9f40df0, 0x0000022cdb1c2110, 0x0000022cd96bb9e0,
0x0000022cda59c010, 0x0000022cd9f388d0, 0x0000022cdb2603d0, 0x0000022cda514880,
0x0000022cda5152a0, 0x0000022cda5157b0, 0x0000022cda5161d0, 0x0000022cda513e60,
0x0000022cda514370, 0x0000022cda512a20, 0x0000022cda512f30, 0x0000022cda513440,
0x0000022cda514d90, 0x0000022cdc7b5fa0, 0x0000022cdc7b8820, 0x0000022cdc7b6ed0,
0x0000022cdc7b73e0, 0x0000022cdc7b8d30, 0x0000022cdc7b78f0, 0x0000022cdc7b5a90,
0x0000022cdc7b5580, 0x0000022cdc7b9240, 0x0000022cdc7b9c60, 0x0000022cdc7bab90,
0x0000022cdc7ba170, 0x0000022cdc7ba680, 0x0000022cdc7bb0a0, 0x0000022cdc7bb5b0,
0x0000022cdc7bbac0, 0x0000022cdc7b8310, 0x0000022cdc7bbfd0, 0x0000022cdc7bc4e0,
0x0000022cdc7bc9f0, 0x0000022cdbfdd300, 0x0000022cdbfdd810, 0x0000022cdbfda060,
0x0000022cdbfdc8e0, 0x0000022cdbfde230, 0x0000022cdbfdaa80, 0x0000022cdbfde740,
0x0000022cdbfdaf90, 0x0000022cdbfdec50, 0x0000022cdd53b5e0, 0x0000022cdd53baf0,
0x0000022cdd53c510, 0x0000022cdd53ca20, 0x0000022cdd53cf30, 0x0000022cdd53d950,
0x0000022cdd53d440, 0x0000022cdbfda570, 0x0000022cdbfe0090, 0x0000022cdbfe0ab0,
0x0000022cdbfe0fc0, 0x0000022cdbfe14d0, 0x0000022cdbfdf160, 0x0000022cdc6d4270,
0x0000022cdc6d4c90, 0x0000022cdc6d51a0, 0x0000022cdc6d56b0, 0x0000022cdc6d5bc0,
0x0000022cdc6d60d0, 0x0000022cdc6d65e0, 0x0000022cdc6d4780, 0x0000022cdc6d6af0,
0x0000022cdc6d7000, 0x0000022cdc6d7510, 0x0000022cdc6d3d60, 0x0000022cdc6da2a0,
0x0000022cdc6dacc0, 0x0000022cdc6d7f30, 0x0000022cdc6d7a20, 0x0000022cdc6d8440,
0x0000022cdc6d8950, 0x0000022cdc6db1d0, 0x0000022cdc6d8e60, 0x0000022cdc6d9370,
0x0000022cdc6d9880, 0x0000022ce0a1f870, 0x0000022ce0a20290, 0x0000022ce0a23f50,
0x0000022ce0a24460, 0x0000022ce0a211c0, 0x0000022ce0a267d0, 0x0000022ce0a262c0,
0x0000022ce0a25390, 0x0000022ce0a25db0, 0x0000022ce0a258a0, 0x0000022cdc7b9750,
0x0000022ce0126090, 0x0000022ce01279e0, 0x0000022cdc6d9d90, 0x0000022ce0a22600,
0x0000022ce0a1ee50, 0x0000022ce0a216d0, 0x0000022ce0a21be0, 0x0000022ce0a23a40
}

Java Threads: ( => current thread )
  0x0000022c8ae2ba90 JavaThread "main" [_thread_blocked, id=18824, stack(0x000000ce7d700000,0x000000ce7d800000)]
  0x0000022cb6eb6300 JavaThread "Reference Handler" daemon [_thread_blocked, id=18612, stack(0x000000ce7de00000,0x000000ce7df00000)]
  0x0000022cb6eb7940 JavaThread "Finalizer" daemon [_thread_blocked, id=17984, stack(0x000000ce7df00000,0x000000ce7e000000)]
  0x0000022cb9a96470 JavaThread "Signal Dispatcher" daemon [_thread_blocked, id=28624, stack(0x000000ce7e000000,0x000000ce7e100000)]
  0x0000022cb9a98d50 JavaThread "Attach Listener" daemon [_thread_blocked, id=23228, stack(0x000000ce7e100000,0x000000ce7e200000)]
  0x0000022cb9a9a190 JavaThread "Service Thread" daemon [_thread_blocked, id=28016, stack(0x000000ce7e200000,0x000000ce7e300000)]
  0x0000022cb9a9b5d0 JavaThread "Monitor Deflation Thread" daemon [_thread_blocked, id=3356, stack(0x000000ce7e300000,0x000000ce7e400000)]
  0x0000022cb9a9fcd0 JavaThread "C2 CompilerThread0" daemon [_thread_blocked, id=9268, stack(0x000000ce7e400000,0x000000ce7e500000)]
  0x0000022cb9aa25f0 JavaThread "C1 CompilerThread0" daemon [_thread_blocked, id=9516, stack(0x000000ce7e500000,0x000000ce7e600000)]
  0x0000022cb9aa3a70 JavaThread "Sweeper thread" daemon [_thread_blocked, id=25384, stack(0x000000ce7e600000,0x000000ce7e700000)]
  0x0000022cb6ea13f0 JavaThread "Common-Cleaner" daemon [_thread_blocked, id=21696, stack(0x000000ce7e700000,0x000000ce7e800000)]
  0x0000022cb9c77750 JavaThread "Notification Thread" daemon [_thread_blocked, id=4900, stack(0x000000ce7e800000,0x000000ce7e900000)]
  0x0000022cda187690 JavaThread "Daemon health stats" [_thread_blocked, id=27216, stack(0x000000ce7f100000,0x000000ce7f200000)]
  0x0000022cd9f40df0 JavaThread "Incoming local TCP Connector on port 60308" [_thread_in_native, id=27872, stack(0x000000ce7f200000,0x000000ce7f300000)]
  0x0000022cdb1c2110 JavaThread "Daemon periodic checks" [_thread_blocked, id=24072, stack(0x000000ce7f300000,0x000000ce7f400000)]
  0x0000022cd96bb9e0 JavaThread "Daemon" [_thread_blocked, id=27164, stack(0x000000ce7f800000,0x000000ce7f900000)]
  0x0000022cda59c010 JavaThread "Handler for socket connection from /127.0.0.1:60308 to /127.0.0.1:60309" [_thread_in_native, id=20976, stack(0x000000ce7f900000,0x000000ce7fa00000)]
  0x0000022cd9f388d0 JavaThread "Cancel handler" [_thread_blocked, id=20788, stack(0x000000ce7fa00000,0x000000ce7fb00000)]
  0x0000022cdb2603d0 JavaThread "Daemon worker" [_thread_blocked, id=192, stack(0x000000ce7fb00000,0x000000ce7fc00000)]
  0x0000022cda514880 JavaThread "Asynchronous log dispatcher for DefaultDaemonConnection: socket connection from /127.0.0.1:60308 to /127.0.0.1:60309" [_thread_blocked, id=20872, stack(0x000000ce7fc00000,0x000000ce7fd00000)]
  0x0000022cda5152a0 JavaThread "Daemon client event forwarder" [_thread_blocked, id=24636, stack(0x000000ce7fe00000,0x000000ce7ff00000)]
  0x0000022cda5157b0 JavaThread "Cache worker for journal cache (C:\Users\ivanp\.gradle\caches\journal-1)" [_thread_blocked, id=16820, stack(0x000000ce7eb00000,0x000000ce7ec00000)]
  0x0000022cda5161d0 JavaThread "File lock request listener" [_thread_in_native, id=28664, stack(0x000000ce7ff00000,0x000000ce80000000)]
  0x0000022cda513e60 JavaThread "Cache worker for file hash cache (C:\Users\ivanp\.gradle\caches\8.7\fileHashes)" [_thread_blocked, id=4204, stack(0x000000ce00000000,0x000000ce00100000)]
  0x0000022cda514370 JavaThread "Cache worker for file hash cache (C:\Users\ivanp\NewCatroid\.gradle\8.7\fileHashes)" [_thread_blocked, id=27112, stack(0x000000ce00100000,0x000000ce00200000)]
  0x0000022cda512a20 JavaThread "File watcher server" daemon [_thread_blocked, id=8056, stack(0x000000ce00300000,0x000000ce00400000)]
  0x0000022cda512f30 JavaThread "File watcher consumer" daemon [_thread_blocked, id=22648, stack(0x000000ce00400000,0x000000ce00500000)]
  0x0000022cda513440 JavaThread "Cache worker for checksums cache (C:\Users\ivanp\NewCatroid\.gradle\8.7\checksums)" [_thread_blocked, id=3940, stack(0x000000ce00500000,0x000000ce00600000)]
  0x0000022cda514d90 JavaThread "Cache worker for cache directory md-supplier (C:\Users\ivanp\.gradle\caches\8.7\md-supplier)" [_thread_blocked, id=3148, stack(0x000000ce00600000,0x000000ce00700000)]
  0x0000022cdc7b5fa0 JavaThread "Cache worker for cache directory md-rule (C:\Users\ivanp\.gradle\caches\8.7\md-rule)" [_thread_blocked, id=23912, stack(0x000000ce00700000,0x000000ce00800000)]
  0x0000022cdc7b8820 JavaThread "Cache worker for file content cache (C:\Users\ivanp\.gradle\caches\8.7\fileContent)" [_thread_blocked, id=6732, stack(0x000000ce00200000,0x000000ce00300000)]
  0x0000022cdc7b6ed0 JavaThread "jar transforms" [_thread_blocked, id=7972, stack(0x000000ce00a00000,0x000000ce00b00000)]
  0x0000022cdc7b73e0 JavaThread "jar transforms Thread 2" [_thread_blocked, id=28200, stack(0x000000ce00b00000,0x000000ce00c00000)]
  0x0000022cdc7b8d30 JavaThread "Cache worker for Build Output Cleanup Cache (C:\Users\ivanp\NewCatroid\.gradle\buildOutputCleanup)" [_thread_blocked, id=19376, stack(0x000000ce00c00000,0x000000ce00d00000)]
  0x0000022cdc7b78f0 JavaThread "jar transforms Thread 3" [_thread_blocked, id=26948, stack(0x000000ce00d00000,0x000000ce00e00000)]
  0x0000022cdc7b5a90 JavaThread "Unconstrained build operations" [_thread_blocked, id=17124, stack(0x000000ce00e00000,0x000000ce00f00000)]
  0x0000022cdc7b5580 JavaThread "Unconstrained build operations Thread 2" [_thread_blocked, id=28612, stack(0x000000ce00f00000,0x000000ce01000000)]
  0x0000022cdc7b9240 JavaThread "Unconstrained build operations Thread 3" [_thread_blocked, id=20512, stack(0x000000ce01000000,0x000000ce01100000)]
  0x0000022cdc7b9c60 JavaThread "Unconstrained build operations Thread 4" [_thread_blocked, id=20016, stack(0x000000ce01100000,0x000000ce01200000)]
  0x0000022cdc7bab90 JavaThread "Unconstrained build operations Thread 5" [_thread_blocked, id=24528, stack(0x000000ce01200000,0x000000ce01300000)]
  0x0000022cdc7ba170 JavaThread "Unconstrained build operations Thread 6" [_thread_blocked, id=26564, stack(0x000000ce01300000,0x000000ce01400000)]
  0x0000022cdc7ba680 JavaThread "jar transforms Thread 4" [_thread_blocked, id=10608, stack(0x000000ce01400000,0x000000ce01500000)]
  0x0000022cdc7bb0a0 JavaThread "jar transforms Thread 5" [_thread_blocked, id=2808, stack(0x000000ce01500000,0x000000ce01600000)]
  0x0000022cdc7bb5b0 JavaThread "Unconstrained build operations Thread 7" [_thread_blocked, id=28156, stack(0x000000ce01600000,0x000000ce01700000)]
  0x0000022cdc7bbac0 JavaThread "Unconstrained build operations Thread 8" [_thread_blocked, id=9792, stack(0x000000ce01700000,0x000000ce01800000)]
  0x0000022cdc7b8310 JavaThread "Unconstrained build operations Thread 9" [_thread_blocked, id=6596, stack(0x000000ce01800000,0x000000ce01900000)]
  0x0000022cdc7bbfd0 JavaThread "Unconstrained build operations Thread 10" [_thread_blocked, id=10340, stack(0x000000ce01900000,0x000000ce01a00000)]
  0x0000022cdc7bc4e0 JavaThread "Unconstrained build operations Thread 11" [_thread_blocked, id=27592, stack(0x000000ce01a00000,0x000000ce01b00000)]
  0x0000022cdc7bc9f0 JavaThread "Unconstrained build operations Thread 12" [_thread_blocked, id=6224, stack(0x000000ce01b00000,0x000000ce01c00000)]
  0x0000022cdbfdd300 JavaThread "build event listener" [_thread_blocked, id=23252, stack(0x000000ce02500000,0x000000ce02600000)]
  0x0000022cdbfdd810 JavaThread "jar transforms Thread 6" [_thread_blocked, id=19280, stack(0x000000ce00900000,0x000000ce00a00000)]
  0x0000022cdbfda060 JavaThread "Memory manager" [_thread_blocked, id=3636, stack(0x000000ce02600000,0x000000ce02700000)]
  0x0000022cdbfdc8e0 JavaThread "jar transforms Thread 7" [_thread_blocked, id=28168, stack(0x000000ce02700000,0x000000ce02800000)]
  0x0000022cdbfde230 JavaThread "jar transforms Thread 8" [_thread_blocked, id=5652, stack(0x000000ce02800000,0x000000ce02900000)]
  0x0000022cdbfdaa80 JavaThread "jar transforms Thread 9" [_thread_blocked, id=28556, stack(0x000000ce02a00000,0x000000ce02b00000)]
  0x0000022cdbfde740 JavaThread "jar transforms Thread 10" [_thread_blocked, id=5592, stack(0x000000ce02b00000,0x000000ce02c00000)]
  0x0000022cdbfdaf90 JavaThread "jar transforms Thread 11" [_thread_blocked, id=16960, stack(0x000000ce02c00000,0x000000ce02d00000)]
  0x0000022cdbfdec50 JavaThread "jar transforms Thread 12" [_thread_blocked, id=7064, stack(0x000000ce02d00000,0x000000ce02e00000)]
  0x0000022cdd53b5e0 JavaThread "pool-3-thread-1" [_thread_blocked, id=25948, stack(0x000000ce03200000,0x000000ce03300000)]
  0x0000022cdd53baf0 JavaThread "build event listener" [_thread_blocked, id=26384, stack(0x000000ce03300000,0x000000ce03400000)]
  0x0000022cdd53c510 JavaThread "included builds" [_thread_blocked, id=24588, stack(0x000000ce03400000,0x000000ce03500000)]
  0x0000022cdd53ca20 JavaThread "Execution worker" [_thread_blocked, id=26412, stack(0x000000ce03500000,0x000000ce03600000)]
  0x0000022cdd53cf30 JavaThread "Execution worker Thread 2" [_thread_blocked, id=28076, stack(0x000000ce03600000,0x000000ce03700000)]
  0x0000022cdd53d950 JavaThread "Execution worker Thread 3" [_thread_blocked, id=28868, stack(0x000000ce03700000,0x000000ce03800000)]
  0x0000022cdd53d440 JavaThread "Cache worker for execution history cache (C:\Users\ivanp\NewCatroid\.gradle\8.7\executionHistory)" [_thread_blocked, id=3504, stack(0x000000ce03800000,0x000000ce03900000)]
  0x0000022cdbfda570 JavaThread "Unconstrained build operations Thread 13" [_thread_blocked, id=27264, stack(0x000000ce03900000,0x000000ce03a00000)]
  0x0000022cdbfe0090 JavaThread "Unconstrained build operations Thread 14" [_thread_blocked, id=8776, stack(0x000000ce03a00000,0x000000ce03b00000)]
  0x0000022cdbfe0ab0 JavaThread "Unconstrained build operations Thread 15" [_thread_blocked, id=23060, stack(0x000000ce03b00000,0x000000ce03c00000)]
  0x0000022cdbfe0fc0 JavaThread "Unconstrained build operations Thread 16" [_thread_blocked, id=13460, stack(0x000000ce03c00000,0x000000ce03d00000)]
  0x0000022cdbfe14d0 JavaThread "Unconstrained build operations Thread 17" [_thread_blocked, id=9896, stack(0x000000ce03d00000,0x000000ce03e00000)]
  0x0000022cdbfdf160 JavaThread "Unconstrained build operations Thread 18" [_thread_blocked, id=20416, stack(0x000000ce03e00000,0x000000ce03f00000)]
  0x0000022cdc6d4270 JavaThread "Unconstrained build operations Thread 19" [_thread_blocked, id=29348, stack(0x000000ce03f00000,0x000000ce04000000)]
  0x0000022cdc6d4c90 JavaThread "Unconstrained build operations Thread 20" [_thread_blocked, id=26872, stack(0x000000ce04000000,0x000000ce04100000)]
  0x0000022cdc6d51a0 JavaThread "Unconstrained build operations Thread 21" [_thread_blocked, id=17612, stack(0x000000ce04100000,0x000000ce04200000)]
  0x0000022cdc6d56b0 JavaThread "Unconstrained build operations Thread 22" [_thread_blocked, id=11096, stack(0x000000ce04200000,0x000000ce04300000)]
  0x0000022cdc6d5bc0 JavaThread "Unconstrained build operations Thread 23" [_thread_blocked, id=17284, stack(0x000000ce04300000,0x000000ce04400000)]
  0x0000022cdc6d60d0 JavaThread "Unconstrained build operations Thread 24" [_thread_blocked, id=29176, stack(0x000000ce04400000,0x000000ce04500000)]
  0x0000022cdc6d65e0 JavaThread "Unconstrained build operations Thread 25" [_thread_blocked, id=1476, stack(0x000000ce04500000,0x000000ce04600000)]
  0x0000022cdc6d4780 JavaThread "Unconstrained build operations Thread 26" [_thread_blocked, id=12876, stack(0x000000ce04600000,0x000000ce04700000)]
  0x0000022cdc6d6af0 JavaThread "Unconstrained build operations Thread 27" [_thread_blocked, id=26832, stack(0x000000ce04700000,0x000000ce04800000)]
  0x0000022cdc6d7000 JavaThread "Unconstrained build operations Thread 28" [_thread_blocked, id=4144, stack(0x000000ce04800000,0x000000ce04900000)]
  0x0000022cdc6d7510 JavaThread "Unconstrained build operations Thread 29" [_thread_blocked, id=25448, stack(0x000000ce04900000,0x000000ce04a00000)]
  0x0000022cdc6d3d60 JavaThread "Unconstrained build operations Thread 30" [_thread_blocked, id=7968, stack(0x000000ce04a00000,0x000000ce04b00000)]
  0x0000022cdc6da2a0 JavaThread "Unconstrained build operations Thread 31" [_thread_blocked, id=28956, stack(0x000000ce04b00000,0x000000ce04c00000)]
  0x0000022cdc6dacc0 JavaThread "Unconstrained build operations Thread 32" [_thread_blocked, id=12412, stack(0x000000ce04c00000,0x000000ce04d00000)]
  0x0000022cdc6d7f30 JavaThread "Unconstrained build operations Thread 33" [_thread_blocked, id=28320, stack(0x000000ce04d00000,0x000000ce04e00000)]
  0x0000022cdc6d7a20 JavaThread "Unconstrained build operations Thread 34" [_thread_blocked, id=28680, stack(0x000000ce04e00000,0x000000ce04f00000)]
  0x0000022cdc6d8440 JavaThread "Unconstrained build operations Thread 35" [_thread_blocked, id=20600, stack(0x000000ce04f00000,0x000000ce05000000)]
  0x0000022cdc6d8950 JavaThread "Unconstrained build operations Thread 36" [_thread_blocked, id=23872, stack(0x000000ce05000000,0x000000ce05100000)]
  0x0000022cdc6db1d0 JavaThread "Unconstrained build operations Thread 37" [_thread_blocked, id=25896, stack(0x000000ce05100000,0x000000ce05200000)]
  0x0000022cdc6d8e60 JavaThread "Unconstrained build operations Thread 38" [_thread_blocked, id=24296, stack(0x000000ce05200000,0x000000ce05300000)]
  0x0000022cdc6d9370 JavaThread "Unconstrained build operations Thread 39" [_thread_blocked, id=25052, stack(0x000000ce05300000,0x000000ce05400000)]
  0x0000022cdc6d9880 JavaThread "Unconstrained build operations Thread 40" [_thread_blocked, id=28300, stack(0x000000ce05400000,0x000000ce05500000)]
  0x0000022ce0a1f870 JavaThread "WorkerExecutor Queue" [_thread_blocked, id=8072, stack(0x000000ce05800000,0x000000ce05900000)]
  0x0000022ce0a20290 JavaThread "WorkerExecutor Queue Thread 2" [_thread_blocked, id=29476, stack(0x000000ce05900000,0x000000ce05a00000)]
  0x0000022ce0a23f50 JavaThread "WorkerExecutor Queue Thread 3" [_thread_blocked, id=7696, stack(0x000000ce05a00000,0x000000ce05b00000)]
  0x0000022ce0a24460 JavaThread "WorkerExecutor Queue Thread 4" [_thread_blocked, id=3168, stack(0x000000ce05b00000,0x000000ce05c00000)]
  0x0000022ce0a211c0 JavaThread "pool-4-thread-1" [_thread_blocked, id=1412, stack(0x000000ce05c00000,0x000000ce05d00000)]
  0x0000022ce0a267d0 JavaThread "stderr" [_thread_in_native, id=18336, stack(0x000000ce05d00000,0x000000ce05e00000)]
  0x0000022ce0a262c0 JavaThread "stdout" [_thread_in_native, id=15520, stack(0x000000ce05e00000,0x000000ce05f00000)]
  0x0000022ce0a25390 JavaThread "stderr" [_thread_in_native, id=22024, stack(0x000000ce03100000,0x000000ce03200000)]
  0x0000022ce0a25db0 JavaThread "stdout" [_thread_in_native, id=3256, stack(0x000000ce05f00000,0x000000ce06000000)]
  0x0000022ce0a258a0 JavaThread "stderr" [_thread_in_native, id=7160, stack(0x000000ce06000000,0x000000ce06100000)]
  0x0000022cdc7b9750 JavaThread "stdout" [_thread_in_native, id=20692, stack(0x000000ce06100000,0x000000ce06200000)]
  0x0000022ce0126090 JavaThread "stderr" [_thread_in_native, id=14912, stack(0x000000ce06200000,0x000000ce06300000)]
  0x0000022ce01279e0 JavaThread "stdout" [_thread_in_native, id=2888, stack(0x000000ce06300000,0x000000ce06400000)]
  0x0000022cdc6d9d90 JavaThread "ForkJoinPool-1-worker-1" daemon [_thread_blocked, id=16860, stack(0x000000ce06500000,0x000000ce06600000)]
  0x0000022ce0a22600 JavaThread "ForkJoinPool-1-worker-2" daemon [_thread_blocked, id=24240, stack(0x000000ce06600000,0x000000ce06700000)]
  0x0000022ce0a1ee50 JavaThread "ForkJoinPool-1-worker-3" daemon [_thread_blocked, id=18068, stack(0x000000ce06700000,0x000000ce06800000)]
  0x0000022ce0a216d0 JavaThread "ForkJoinPool-1-worker-4" daemon [_thread_blocked, id=29284, stack(0x000000ce06800000,0x000000ce06900000)]
  0x0000022ce0a21be0 JavaThread "ForkJoinPool-1-worker-5" daemon [_thread_blocked, id=22040, stack(0x000000ce06900000,0x000000ce06a00000)]
  0x0000022ce0a23a40 JavaThread "ForkJoinPool-1-worker-6" daemon [_thread_blocked, id=3704, stack(0x000000ce06a00000,0x000000ce06b00000)]

Other Threads:
=>0x0000022cb6eb07a0 VMThread "VM Thread" [stack: 0x000000ce7dd00000,0x000000ce7de00000] [id=16768]
  0x0000022c8ae2c820 WatcherThread [stack: 0x000000ce7e900000,0x000000ce7ea00000] [id=19340]
  0x0000022c8aedde20 GCTaskThread "GC Thread#0" [stack: 0x000000ce7d800000,0x000000ce7d900000] [id=26408]
  0x0000022cb9d3e470 GCTaskThread "GC Thread#1" [stack: 0x000000ce7ec00000,0x000000ce7ed00000] [id=6788]
  0x0000022cd99de4a0 GCTaskThread "GC Thread#2" [stack: 0x000000ce7ed00000,0x000000ce7ee00000] [id=6072]
  0x0000022cd99de760 GCTaskThread "GC Thread#3" [stack: 0x000000ce7ee00000,0x000000ce7ef00000] [id=17476]
  0x0000022cd9440860 GCTaskThread "GC Thread#4" [stack: 0x000000ce7ef00000,0x000000ce7f000000] [id=25548]
  0x0000022cd9440b20 GCTaskThread "GC Thread#5" [stack: 0x000000ce7f000000,0x000000ce7f100000] [id=27012]
  0x0000022cdb4cf820 GCTaskThread "GC Thread#6" [stack: 0x000000ce7f400000,0x000000ce7f500000] [id=25676]
  0x0000022cdadfa180 GCTaskThread "GC Thread#7" [stack: 0x000000ce7f500000,0x000000ce7f600000] [id=6772]
  0x0000022cda92e060 GCTaskThread "GC Thread#8" [stack: 0x000000ce7f600000,0x000000ce7f700000] [id=13808]
  0x0000022cd901b880 GCTaskThread "GC Thread#9" [stack: 0x000000ce7f700000,0x000000ce7f800000] [id=13488]
  0x0000022cb6cd0c20 ConcurrentGCThread "G1 Main Marker" [stack: 0x000000ce7d900000,0x000000ce7da00000] [id=27956]
  0x0000022cb6cd1450 ConcurrentGCThread "G1 Conc#0" [stack: 0x000000ce7da00000,0x000000ce7db00000] [id=8424]
  0x0000022cdb137e20 ConcurrentGCThread "G1 Conc#1" [stack: 0x000000ce02e00000,0x000000ce02f00000] [id=29108]
  0x0000022ce02fe4b0 ConcurrentGCThread "G1 Conc#2" [stack: 0x000000ce02f00000,0x000000ce03000000] [id=10616]
  0x0000022cb6d6c240 ConcurrentGCThread "G1 Refine#0" [stack: 0x000000ce7db00000,0x000000ce7dc00000] [id=23404]
  0x0000022cdc68e250 ConcurrentGCThread "G1 Refine#1" [stack: 0x000000ce01c00000,0x000000ce01d00000] [id=27312]
  0x0000022cdb1254f0 ConcurrentGCThread "G1 Refine#2" [stack: 0x000000ce01d00000,0x000000ce01e00000] [id=25396]
  0x0000022cdaf33870 ConcurrentGCThread "G1 Refine#3" [stack: 0x000000ce01e00000,0x000000ce01f00000] [id=20884]
  0x0000022cde7cb5d0 ConcurrentGCThread "G1 Refine#4" [stack: 0x000000ce01f00000,0x000000ce02000000] [id=14004]
  0x0000022cdc007720 ConcurrentGCThread "G1 Refine#5" [stack: 0x000000ce02000000,0x000000ce02100000] [id=18076]
  0x0000022cddc02030 ConcurrentGCThread "G1 Refine#6" [stack: 0x000000ce02100000,0x000000ce02200000] [id=3792]
  0x0000022cdc1638b0 ConcurrentGCThread "G1 Refine#7" [stack: 0x000000ce02200000,0x000000ce02300000] [id=24912]
  0x0000022cdef7a4e0 ConcurrentGCThread "G1 Refine#8" [stack: 0x000000ce02300000,0x000000ce02400000] [id=9580]
  0x0000022cdedef030 ConcurrentGCThread "G1 Refine#9" [stack: 0x000000ce02400000,0x000000ce02500000] [id=21252]
  0x0000022cb6d6cb80 ConcurrentGCThread "G1 Service" [stack: 0x000000ce7dc00000,0x000000ce7dd00000] [id=7092]

Threads with active compile tasks:

VM state: at safepoint (normal execution)

VM Mutex/Monitor currently owned by a thread:  ([mutex/lock_event])
[0x0000022c8ae28a50] Threads_lock - owner thread: 0x0000022cb6eb07a0
[0x0000022c8ae28f60] Heap_lock - owner thread: 0x0000022cb6cd0c20

Heap address: 0x0000000600000000, size: 8192 MB, Compressed Oops mode: Zero based, Oop shift amount: 3

CDS archive(s) mapped at: [0x0000022cba000000-0x0000022cbabb0000-0x0000022cbabb0000), size 12255232, SharedBaseAddress: 0x0000022cba000000, ArchiveRelocationMode: 1.
Compressed class space mapped at: 0x0000022cbb000000-0x0000022cd5000000, reserved size: 436207616
Narrow klass base: 0x0000022cba000000, Narrow klass shift: 0, Narrow klass range: 0x100000000

GC Precious Log:
 CPUs: 12 total, 12 available
 Memory: 16087M
 Large Page Support: Disabled
 NUMA Support: Disabled
 Compressed Oops: Enabled (Zero based)
 Heap Region Size: 4M
 Heap Min Capacity: 8M
 Heap Initial Capacity: 252M
 Heap Max Capacity: 8G
 Pre-touch: Disabled
 Parallel Workers: 10
 Concurrent Workers: 3
 Concurrent Refinement Workers: 10
 Periodic GC: Disabled

Heap:
 garbage-first heap   total 6676480K, used 5064704K [0x0000000600000000, 0x0000000800000000)
  region size 4096K, 161 young (659456K), 7 survivors (28672K)
 Metaspace       used 158528K, committed 160064K, reserved 622592K
  class space    used 20904K, committed 21632K, reserved 425984K

Heap Regions: E=young(eden), S=young(survivor), O=old, HS=humongous(starts), HC=humongous(continues), CS=collection set, F=free, OA=open archive, CA=closed archive, TAMS=top-at-mark-start (previous, next)
|   0|0x0000000600000000, 0x0000000600400000, 0x0000000600400000|100%|HS|  |TAMS 0x0000000600400000, 0x0000000600000000| Complete 
|   1|0x0000000600400000, 0x0000000600800000, 0x0000000600800000|100%| O|  |TAMS 0x0000000600800000, 0x0000000600400000| Untracked 
|   2|0x0000000600800000, 0x0000000600c00000, 0x0000000600c00000|100%| O|  |TAMS 0x0000000600c00000, 0x0000000600800000| Untracked 
|   3|0x0000000600c00000, 0x0000000601000000, 0x0000000601000000|100%| O|  |TAMS 0x0000000601000000, 0x0000000600c00000| Untracked 
|   4|0x0000000601000000, 0x0000000601400000, 0x0000000601400000|100%| O|  |TAMS 0x0000000601400000, 0x0000000601000000| Untracked 
|   5|0x0000000601400000, 0x0000000601800000, 0x0000000601800000|100%|HS|  |TAMS 0x0000000601800000, 0x0000000601400000| Complete 
|   6|0x0000000601800000, 0x0000000601c00000, 0x0000000601c00000|100%| O|  |TAMS 0x0000000601c00000, 0x0000000601800000| Untracked 
|   7|0x0000000601c00000, 0x0000000602000000, 0x0000000602000000|100%| O|  |TAMS 0x0000000602000000, 0x0000000601c00000| Updating 
|   8|0x0000000602000000, 0x0000000602400000, 0x0000000602400000|100%| O|  |TAMS 0x0000000602400000, 0x0000000602000000| Untracked 
|   9|0x0000000602400000, 0x0000000602800000, 0x0000000602800000|100%| O|  |TAMS 0x0000000602800000, 0x0000000602400000| Untracked 
|  10|0x0000000602800000, 0x0000000602c00000, 0x0000000602c00000|100%| O|  |TAMS 0x0000000602c00000, 0x0000000602800000| Untracked 
|  11|0x0000000602c00000, 0x0000000603000000, 0x0000000603000000|100%| O|  |TAMS 0x0000000603000000, 0x0000000602c00000| Untracked 
|  12|0x0000000603000000, 0x0000000603400000, 0x0000000603400000|100%| O|  |TAMS 0x0000000603400000, 0x0000000603000000| Untracked 
|  13|0x0000000603400000, 0x0000000603800000, 0x0000000603800000|100%| O|  |TAMS 0x0000000603800000, 0x0000000603400000| Untracked 
|  14|0x0000000603800000, 0x0000000603c00000, 0x0000000603c00000|100%| O|  |TAMS 0x0000000603c00000, 0x0000000603800000| Updating 
|  15|0x0000000603c00000, 0x0000000604000000, 0x0000000604000000|100%|HS|  |TAMS 0x0000000604000000, 0x0000000603c00000| Complete 
|  16|0x0000000604000000, 0x0000000604400000, 0x0000000604400000|100%| O|  |TAMS 0x0000000604400000, 0x0000000604000000| Untracked 
|  17|0x0000000604400000, 0x0000000604800000, 0x0000000604800000|100%| O|  |TAMS 0x0000000604800000, 0x0000000604400000| Updating 
|  18|0x0000000604800000, 0x0000000604c00000, 0x0000000604c00000|100%| O|  |TAMS 0x0000000604c00000, 0x0000000604800000| Untracked 
|  19|0x0000000604c00000, 0x0000000605000000, 0x0000000605000000|100%| O|  |TAMS 0x0000000605000000, 0x0000000604c00000| Updating 
|  20|0x0000000605000000, 0x0000000605400000, 0x0000000605400000|100%| O|  |TAMS 0x0000000605400000, 0x0000000605000000| Untracked 
|  21|0x0000000605400000, 0x0000000605800000, 0x0000000605800000|100%| O|  |TAMS 0x0000000605800000, 0x0000000605400000| Untracked 
|  22|0x0000000605800000, 0x0000000605c00000, 0x0000000605c00000|100%| O|  |TAMS 0x0000000605c00000, 0x0000000605800000| Untracked 
|  23|0x0000000605c00000, 0x0000000606000000, 0x0000000606000000|100%| O|  |TAMS 0x0000000606000000, 0x0000000605c00000| Untracked 
|  24|0x0000000606000000, 0x0000000606400000, 0x0000000606400000|100%| O|  |TAMS 0x0000000606400000, 0x0000000606000000| Updating 
|  25|0x0000000606400000, 0x0000000606800000, 0x0000000606800000|100%| O|  |TAMS 0x0000000606800000, 0x0000000606400000| Untracked 
|  26|0x0000000606800000, 0x0000000606c00000, 0x0000000606c00000|100%| O|  |TAMS 0x0000000606c00000, 0x0000000606800000| Untracked 
|  27|0x0000000606c00000, 0x0000000607000000, 0x0000000607000000|100%| O|  |TAMS 0x0000000607000000, 0x0000000606c00000| Untracked 
|  28|0x0000000607000000, 0x0000000607400000, 0x0000000607400000|100%| O|  |TAMS 0x0000000607400000, 0x0000000607000000| Untracked 
|  29|0x0000000607400000, 0x0000000607800000, 0x0000000607800000|100%| O|  |TAMS 0x0000000607800000, 0x0000000607400000| Untracked 
|  30|0x0000000607800000, 0x0000000607c00000, 0x0000000607c00000|100%| O|  |TAMS 0x0000000607c00000, 0x0000000607800000| Untracked 
|  31|0x0000000607c00000, 0x0000000608000000, 0x0000000608000000|100%| O|  |TAMS 0x0000000608000000, 0x0000000607c00000| Untracked 
|  32|0x0000000608000000, 0x0000000608400000, 0x0000000608400000|100%| O|  |TAMS 0x0000000608400000, 0x0000000608000000| Untracked 
|  33|0x0000000608400000, 0x0000000608800000, 0x0000000608800000|100%| O|  |TAMS 0x0000000608800000, 0x0000000608400000| Updating 
|  34|0x0000000608800000, 0x0000000608c00000, 0x0000000608c00000|100%| O|  |TAMS 0x0000000608c00000, 0x0000000608800000| Untracked 
|  35|0x0000000608c00000, 0x0000000609000000, 0x0000000609000000|100%| O|  |TAMS 0x0000000609000000, 0x0000000608c00000| Updating 
|  36|0x0000000609000000, 0x0000000609400000, 0x0000000609400000|100%| O|  |TAMS 0x0000000609400000, 0x0000000609000000| Untracked 
|  37|0x0000000609400000, 0x0000000609800000, 0x0000000609800000|100%| O|  |TAMS 0x0000000609800000, 0x0000000609400000| Untracked 
|  38|0x0000000609800000, 0x0000000609c00000, 0x0000000609c00000|100%| O|  |TAMS 0x0000000609c00000, 0x0000000609800000| Untracked 
|  39|0x0000000609c00000, 0x000000060a000000, 0x000000060a000000|100%| O|  |TAMS 0x000000060a000000, 0x0000000609c00000| Updating 
|  40|0x000000060a000000, 0x000000060a400000, 0x000000060a400000|100%| O|  |TAMS 0x000000060a400000, 0x000000060a000000| Untracked 
|  41|0x000000060a400000, 0x000000060a800000, 0x000000060a800000|100%| O|  |TAMS 0x000000060a800000, 0x000000060a400000| Untracked 
|  42|0x000000060a800000, 0x000000060ac00000, 0x000000060ac00000|100%| O|  |TAMS 0x000000060ac00000, 0x000000060a800000| Untracked 
|  43|0x000000060ac00000, 0x000000060b000000, 0x000000060b000000|100%| O|  |TAMS 0x000000060b000000, 0x000000060ac00000| Untracked 
|  44|0x000000060b000000, 0x000000060b400000, 0x000000060b400000|100%| O|  |TAMS 0x000000060b400000, 0x000000060b000000| Untracked 
|  45|0x000000060b400000, 0x000000060b800000, 0x000000060b800000|100%| O|  |TAMS 0x000000060b800000, 0x000000060b400000| Updating 
|  46|0x000000060b800000, 0x000000060bc00000, 0x000000060bc00000|100%| O|  |TAMS 0x000000060bc00000, 0x000000060b800000| Untracked 
|  47|0x000000060bc00000, 0x000000060c000000, 0x000000060c000000|100%| O|  |TAMS 0x000000060c000000, 0x000000060bc00000| Untracked 
|  48|0x000000060c000000, 0x000000060c400000, 0x000000060c400000|100%| O|  |TAMS 0x000000060c400000, 0x000000060c000000| Untracked 
|  49|0x000000060c400000, 0x000000060c800000, 0x000000060c800000|100%| O|  |TAMS 0x000000060c800000, 0x000000060c400000| Updating 
|  50|0x000000060c800000, 0x000000060cc00000, 0x000000060cc00000|100%| O|  |TAMS 0x000000060cc00000, 0x000000060c800000| Untracked 
|  51|0x000000060cc00000, 0x000000060d000000, 0x000000060d000000|100%| O|  |TAMS 0x000000060d000000, 0x000000060cc00000| Untracked 
|  52|0x000000060d000000, 0x000000060d000000, 0x000000060d400000|  0%| F|  |TAMS 0x000000060d000000, 0x000000060d000000| Untracked 
|  53|0x000000060d400000, 0x000000060d800000, 0x000000060d800000|100%| O|  |TAMS 0x000000060d800000, 0x000000060d400000| Updating 
|  54|0x000000060d800000, 0x000000060dc00000, 0x000000060dc00000|100%| O|  |TAMS 0x000000060dc00000, 0x000000060d800000| Untracked 
|  55|0x000000060dc00000, 0x000000060e000000, 0x000000060e000000|100%| O|  |TAMS 0x000000060e000000, 0x000000060dc00000| Untracked 
|  56|0x000000060e000000, 0x000000060e400000, 0x000000060e400000|100%| O|  |TAMS 0x000000060e400000, 0x000000060e000000| Untracked 
|  57|0x000000060e400000, 0x000000060e800000, 0x000000060e800000|100%| O|  |TAMS 0x000000060e800000, 0x000000060e400000| Updating 
|  58|0x000000060e800000, 0x000000060ec00000, 0x000000060ec00000|100%| O|  |TAMS 0x000000060ec00000, 0x000000060e800000| Untracked 
|  59|0x000000060ec00000, 0x000000060f000000, 0x000000060f000000|100%| O|  |TAMS 0x000000060f000000, 0x000000060ec00000| Untracked 
|  60|0x000000060f000000, 0x000000060f400000, 0x000000060f400000|100%| O|  |TAMS 0x000000060f400000, 0x000000060f000000| Untracked 
|  61|0x000000060f400000, 0x000000060f800000, 0x000000060f800000|100%| O|  |TAMS 0x000000060f800000, 0x000000060f400000| Untracked 
|  62|0x000000060f800000, 0x000000060fc00000, 0x000000060fc00000|100%| O|  |TAMS 0x000000060fc00000, 0x000000060f800000| Untracked 
|  63|0x000000060fc00000, 0x0000000610000000, 0x0000000610000000|100%| O|  |TAMS 0x0000000610000000, 0x000000060fc00000| Untracked 
|  64|0x0000000610000000, 0x0000000610400000, 0x0000000610400000|100%| O|  |TAMS 0x0000000610400000, 0x0000000610000000| Untracked 
|  65|0x0000000610400000, 0x0000000610800000, 0x0000000610800000|100%| O|  |TAMS 0x0000000610800000, 0x0000000610400000| Updating 
|  66|0x0000000610800000, 0x0000000610c00000, 0x0000000610c00000|100%| O|  |TAMS 0x0000000610c00000, 0x0000000610800000| Updating 
|  67|0x0000000610c00000, 0x0000000611000000, 0x0000000611000000|100%| O|  |TAMS 0x0000000611000000, 0x0000000610c00000| Updating 
|  68|0x0000000611000000, 0x0000000611400000, 0x0000000611400000|100%| O|  |TAMS 0x0000000611400000, 0x0000000611000000| Untracked 
|  69|0x0000000611400000, 0x0000000611800000, 0x0000000611800000|100%| O|  |TAMS 0x0000000611800000, 0x0000000611400000| Updating 
|  70|0x0000000611800000, 0x0000000611c00000, 0x0000000611c00000|100%| O|  |TAMS 0x0000000611c00000, 0x0000000611800000| Untracked 
|  71|0x0000000611c00000, 0x0000000612000000, 0x0000000612000000|100%| O|  |TAMS 0x0000000612000000, 0x0000000611c00000| Updating 
|  72|0x0000000612000000, 0x0000000612400000, 0x0000000612400000|100%| O|  |TAMS 0x0000000612400000, 0x0000000612000000| Updating 
|  73|0x0000000612400000, 0x0000000612800000, 0x0000000612800000|100%| O|  |TAMS 0x0000000612800000, 0x0000000612400000| Updating 
|  74|0x0000000612800000, 0x0000000612c00000, 0x0000000612c00000|100%| O|  |TAMS 0x0000000612c00000, 0x0000000612800000| Updating 
|  75|0x0000000612c00000, 0x0000000613000000, 0x0000000613000000|100%| O|  |TAMS 0x0000000613000000, 0x0000000612c00000| Updating 
|  76|0x0000000613000000, 0x0000000613400000, 0x0000000613400000|100%| O|  |TAMS 0x0000000613400000, 0x0000000613000000| Updating 
|  77|0x0000000613400000, 0x0000000613800000, 0x0000000613800000|100%| O|  |TAMS 0x0000000613800000, 0x0000000613400000| Updating 
|  78|0x0000000613800000, 0x0000000613c00000, 0x0000000613c00000|100%| O|  |TAMS 0x0000000613c00000, 0x0000000613800000| Updating 
|  79|0x0000000613c00000, 0x0000000614000000, 0x0000000614000000|100%| O|  |TAMS 0x0000000614000000, 0x0000000613c00000| Updating 
|  80|0x0000000614000000, 0x0000000614400000, 0x0000000614400000|100%| O|  |TAMS 0x0000000614400000, 0x0000000614000000| Updating 
|  81|0x0000000614400000, 0x0000000614800000, 0x0000000614800000|100%| O|  |TAMS 0x0000000614800000, 0x0000000614400000| Updating 
|  82|0x0000000614800000, 0x0000000614800000, 0x0000000614c00000|  0%| F|  |TAMS 0x0000000614800000, 0x0000000614800000| Untracked 
|  83|0x0000000614c00000, 0x0000000615000000, 0x0000000615000000|100%| O|  |TAMS 0x0000000615000000, 0x0000000614c00000| Updating 
|  84|0x0000000615000000, 0x0000000615400000, 0x0000000615400000|100%| O|  |TAMS 0x0000000615400000, 0x0000000615000000| Updating 
|  85|0x0000000615400000, 0x0000000615800000, 0x0000000615800000|100%| O|  |TAMS 0x0000000615800000, 0x0000000615400000| Updating 
|  86|0x0000000615800000, 0x0000000615c00000, 0x0000000615c00000|100%| O|  |TAMS 0x0000000615c00000, 0x0000000615800000| Updating 
|  87|0x0000000615c00000, 0x0000000616000000, 0x0000000616000000|100%| O|  |TAMS 0x0000000616000000, 0x0000000615c00000| Updating 
|  88|0x0000000616000000, 0x0000000616400000, 0x0000000616400000|100%| O|  |TAMS 0x0000000616400000, 0x0000000616000000| Updating 
|  89|0x0000000616400000, 0x0000000616800000, 0x0000000616800000|100%| O|  |TAMS 0x0000000616800000, 0x0000000616400000| Updating 
|  90|0x0000000616800000, 0x0000000616c00000, 0x0000000616c00000|100%| O|  |TAMS 0x0000000616c00000, 0x0000000616800000| Updating 
|  91|0x0000000616c00000, 0x0000000617000000, 0x0000000617000000|100%| O|  |TAMS 0x0000000617000000, 0x0000000616c00000| Updating 
|  92|0x0000000617000000, 0x0000000617400000, 0x0000000617400000|100%| O|  |TAMS 0x0000000617400000, 0x0000000617000000| Updating 
|  93|0x0000000617400000, 0x0000000617800000, 0x0000000617800000|100%| O|  |TAMS 0x0000000617800000, 0x0000000617400000| Updating 
|  94|0x0000000617800000, 0x0000000617c00000, 0x0000000617c00000|100%|HS|  |TAMS 0x0000000617c00000, 0x0000000617800000| Complete 
|  95|0x0000000617c00000, 0x0000000618000000, 0x0000000618000000|100%|HC|  |TAMS 0x0000000618000000, 0x0000000617c00000| Complete 
|  96|0x0000000618000000, 0x0000000618400000, 0x0000000618400000|100%| O|  |TAMS 0x0000000618400000, 0x0000000618000000| Updating 
|  97|0x0000000618400000, 0x0000000618800000, 0x0000000618800000|100%| O|  |TAMS 0x0000000618800000, 0x0000000618400000| Updating 
|  98|0x0000000618800000, 0x0000000618c00000, 0x0000000618c00000|100%| O|  |TAMS 0x0000000618c00000, 0x0000000618800000| Updating 
|  99|0x0000000618c00000, 0x0000000619000000, 0x0000000619000000|100%| O|  |TAMS 0x0000000619000000, 0x0000000618c00000| Updating 
| 100|0x0000000619000000, 0x0000000619400000, 0x0000000619400000|100%| O|  |TAMS 0x0000000619400000, 0x0000000619000000| Updating 
| 101|0x0000000619400000, 0x0000000619800000, 0x0000000619800000|100%| O|  |TAMS 0x0000000619800000, 0x0000000619400000| Updating 
| 102|0x0000000619800000, 0x0000000619c00000, 0x0000000619c00000|100%| O|  |TAMS 0x0000000619c00000, 0x0000000619800000| Updating 
| 103|0x0000000619c00000, 0x000000061a000000, 0x000000061a000000|100%| O|  |TAMS 0x000000061a000000, 0x0000000619c00000| Updating 
| 104|0x000000061a000000, 0x000000061a400000, 0x000000061a400000|100%| O|  |TAMS 0x000000061a400000, 0x000000061a000000| Updating 
| 105|0x000000061a400000, 0x000000061a800000, 0x000000061a800000|100%| O|  |TAMS 0x000000061a800000, 0x000000061a400000| Updating 
| 106|0x000000061a800000, 0x000000061ac00000, 0x000000061ac00000|100%| O|  |TAMS 0x000000061ac00000, 0x000000061a800000| Untracked 
| 107|0x000000061ac00000, 0x000000061b000000, 0x000000061b000000|100%| O|  |TAMS 0x000000061b000000, 0x000000061ac00000| Updating 
| 108|0x000000061b000000, 0x000000061b400000, 0x000000061b400000|100%| O|  |TAMS 0x000000061b400000, 0x000000061b000000| Updating 
| 109|0x000000061b400000, 0x000000061b800000, 0x000000061b800000|100%| O|  |TAMS 0x000000061b800000, 0x000000061b400000| Updating 
| 110|0x000000061b800000, 0x000000061bc00000, 0x000000061bc00000|100%| O|  |TAMS 0x000000061bc00000, 0x000000061b800000| Updating 
| 111|0x000000061bc00000, 0x000000061c000000, 0x000000061c000000|100%| O|  |TAMS 0x000000061c000000, 0x000000061bc00000| Updating 
| 112|0x000000061c000000, 0x000000061c400000, 0x000000061c400000|100%| O|  |TAMS 0x000000061c400000, 0x000000061c000000| Untracked 
| 113|0x000000061c400000, 0x000000061c800000, 0x000000061c800000|100%| O|  |TAMS 0x000000061c800000, 0x000000061c400000| Untracked 
| 114|0x000000061c800000, 0x000000061cc00000, 0x000000061cc00000|100%| O|  |TAMS 0x000000061cc00000, 0x000000061c800000| Updating 
| 115|0x000000061cc00000, 0x000000061d000000, 0x000000061d000000|100%| O|  |TAMS 0x000000061d000000, 0x000000061cc00000| Updating 
| 116|0x000000061d000000, 0x000000061d400000, 0x000000061d400000|100%| O|  |TAMS 0x000000061d400000, 0x000000061d000000| Updating 
| 117|0x000000061d400000, 0x000000061d800000, 0x000000061d800000|100%| O|  |TAMS 0x000000061d800000, 0x000000061d400000| Updating 
| 118|0x000000061d800000, 0x000000061dc00000, 0x000000061dc00000|100%| O|  |TAMS 0x000000061dc00000, 0x000000061d800000| Updating 
| 119|0x000000061dc00000, 0x000000061e000000, 0x000000061e000000|100%| O|  |TAMS 0x000000061e000000, 0x000000061dc00000| Updating 
| 120|0x000000061e000000, 0x000000061e400000, 0x000000061e400000|100%| O|  |TAMS 0x000000061e400000, 0x000000061e000000| Untracked 
| 121|0x000000061e400000, 0x000000061e800000, 0x000000061e800000|100%| O|  |TAMS 0x000000061e800000, 0x000000061e400000| Untracked 
| 122|0x000000061e800000, 0x000000061ec00000, 0x000000061ec00000|100%| O|  |TAMS 0x000000061ec00000, 0x000000061e800000| Untracked 
| 123|0x000000061ec00000, 0x000000061f000000, 0x000000061f000000|100%| O|  |TAMS 0x000000061f000000, 0x000000061ec00000| Untracked 
| 124|0x000000061f000000, 0x000000061f400000, 0x000000061f400000|100%| O|  |TAMS 0x000000061f400000, 0x000000061f000000| Untracked 
| 125|0x000000061f400000, 0x000000061f800000, 0x000000061f800000|100%| O|  |TAMS 0x000000061f800000, 0x000000061f400000| Untracked 
| 126|0x000000061f800000, 0x000000061fc00000, 0x000000061fc00000|100%| O|  |TAMS 0x000000061fc00000, 0x000000061f800000| Untracked 
| 127|0x000000061fc00000, 0x0000000620000000, 0x0000000620000000|100%| O|  |TAMS 0x0000000620000000, 0x000000061fc00000| Untracked 
| 128|0x0000000620000000, 0x0000000620400000, 0x0000000620400000|100%| O|  |TAMS 0x0000000620400000, 0x0000000620000000| Updating 
| 129|0x0000000620400000, 0x0000000620800000, 0x0000000620800000|100%| O|  |TAMS 0x0000000620800000, 0x0000000620400000| Updating 
| 130|0x0000000620800000, 0x0000000620c00000, 0x0000000620c00000|100%| O|  |TAMS 0x0000000620c00000, 0x0000000620800000| Updating 
| 131|0x0000000620c00000, 0x0000000621000000, 0x0000000621000000|100%|HS|  |TAMS 0x0000000621000000, 0x0000000620c00000| Complete 
| 132|0x0000000621000000, 0x0000000621400000, 0x0000000621400000|100%| O|  |TAMS 0x0000000621400000, 0x0000000621000000| Updating 
| 133|0x0000000621400000, 0x0000000621800000, 0x0000000621800000|100%| O|  |TAMS 0x0000000621800000, 0x0000000621400000| Updating 
| 134|0x0000000621800000, 0x0000000621c00000, 0x0000000621c00000|100%| O|  |TAMS 0x0000000621c00000, 0x0000000621800000| Untracked 
| 135|0x0000000621c00000, 0x0000000621c00000, 0x0000000622000000|  0%| F|  |TAMS 0x0000000621c00000, 0x0000000621c00000| Untracked 
| 136|0x0000000622000000, 0x0000000622400000, 0x0000000622400000|100%| O|  |TAMS 0x0000000622400000, 0x0000000622000000| Updating 
| 137|0x0000000622400000, 0x0000000622800000, 0x0000000622800000|100%| O|  |TAMS 0x0000000622800000, 0x0000000622400000| Updating 
| 138|0x0000000622800000, 0x0000000622800000, 0x0000000622c00000|  0%| F|  |TAMS 0x0000000622800000, 0x0000000622800000| Untracked 
| 139|0x0000000622c00000, 0x0000000623000000, 0x0000000623000000|100%| O|  |TAMS 0x0000000623000000, 0x0000000622c00000| Updating 
| 140|0x0000000623000000, 0x0000000623400000, 0x0000000623400000|100%| O|  |TAMS 0x0000000623400000, 0x0000000623000000| Updating 
| 141|0x0000000623400000, 0x0000000623800000, 0x0000000623800000|100%| O|  |TAMS 0x0000000623800000, 0x0000000623400000| Updating 
| 142|0x0000000623800000, 0x0000000623c00000, 0x0000000623c00000|100%| O|  |TAMS 0x0000000623c00000, 0x0000000623800000| Updating 
| 143|0x0000000623c00000, 0x0000000624000000, 0x0000000624000000|100%| O|  |TAMS 0x0000000624000000, 0x0000000623c00000| Updating 
| 144|0x0000000624000000, 0x0000000624400000, 0x0000000624400000|100%| O|  |TAMS 0x0000000624400000, 0x0000000624000000| Updating 
| 145|0x0000000624400000, 0x0000000624800000, 0x0000000624800000|100%| O|  |TAMS 0x0000000624800000, 0x0000000624400000| Updating 
| 146|0x0000000624800000, 0x0000000624c00000, 0x0000000624c00000|100%| O|  |TAMS 0x0000000624c00000, 0x0000000624800000| Updating 
| 147|0x0000000624c00000, 0x0000000625000000, 0x0000000625000000|100%| O|  |TAMS 0x0000000625000000, 0x0000000624c00000| Updating 
| 148|0x0000000625000000, 0x0000000625000000, 0x0000000625400000|  0%| F|  |TAMS 0x0000000625000000, 0x0000000625000000| Untracked 
| 149|0x0000000625400000, 0x0000000625800000, 0x0000000625800000|100%| O|  |TAMS 0x0000000625800000, 0x0000000625400000| Updating 
| 150|0x0000000625800000, 0x0000000625c00000, 0x0000000625c00000|100%| O|  |TAMS 0x0000000625c00000, 0x0000000625800000| Updating 
| 151|0x0000000625c00000, 0x0000000626000000, 0x0000000626000000|100%| O|  |TAMS 0x0000000626000000, 0x0000000625c00000| Updating 
| 152|0x0000000626000000, 0x0000000626400000, 0x0000000626400000|100%| O|  |TAMS 0x0000000626400000, 0x0000000626000000| Updating 
| 153|0x0000000626400000, 0x0000000626800000, 0x0000000626800000|100%| O|  |TAMS 0x0000000626800000, 0x0000000626400000| Updating 
| 154|0x0000000626800000, 0x0000000626c00000, 0x0000000626c00000|100%| O|  |TAMS 0x0000000626c00000, 0x0000000626800000| Updating 
| 155|0x0000000626c00000, 0x0000000627000000, 0x0000000627000000|100%| O|  |TAMS 0x0000000627000000, 0x0000000626c00000| Updating 
| 156|0x0000000627000000, 0x0000000627400000, 0x0000000627400000|100%| O|  |TAMS 0x0000000627400000, 0x0000000627000000| Updating 
| 157|0x0000000627400000, 0x0000000627800000, 0x0000000627800000|100%| O|  |TAMS 0x0000000627800000, 0x0000000627400000| Updating 
| 158|0x0000000627800000, 0x0000000627c00000, 0x0000000627c00000|100%| O|  |TAMS 0x0000000627c00000, 0x0000000627800000| Updating 
| 159|0x0000000627c00000, 0x0000000628000000, 0x0000000628000000|100%| O|  |TAMS 0x0000000628000000, 0x0000000627c00000| Updating 
| 160|0x0000000628000000, 0x0000000628400000, 0x0000000628400000|100%| O|  |TAMS 0x0000000628400000, 0x0000000628000000| Updating 
| 161|0x0000000628400000, 0x0000000628800000, 0x0000000628800000|100%| O|  |TAMS 0x0000000628800000, 0x0000000628400000| Updating 
| 162|0x0000000628800000, 0x0000000628c00000, 0x0000000628c00000|100%| O|  |TAMS 0x0000000628c00000, 0x0000000628800000| Updating 
| 163|0x0000000628c00000, 0x0000000629000000, 0x0000000629000000|100%| O|  |TAMS 0x0000000629000000, 0x0000000628c00000| Updating 
| 164|0x0000000629000000, 0x0000000629400000, 0x0000000629400000|100%| O|  |TAMS 0x0000000629400000, 0x0000000629000000| Updating 
| 165|0x0000000629400000, 0x0000000629800000, 0x0000000629800000|100%| O|  |TAMS 0x0000000629800000, 0x0000000629400000| Updating 
| 166|0x0000000629800000, 0x0000000629c00000, 0x0000000629c00000|100%| O|  |TAMS 0x0000000629c00000, 0x0000000629800000| Updating 
| 167|0x0000000629c00000, 0x0000000629c00000, 0x000000062a000000|  0%| F|  |TAMS 0x0000000629c00000, 0x0000000629c00000| Untracked 
| 168|0x000000062a000000, 0x000000062a400000, 0x000000062a400000|100%| O|  |TAMS 0x000000062a400000, 0x000000062a000000| Updating 
| 169|0x000000062a400000, 0x000000062a800000, 0x000000062a800000|100%| O|  |TAMS 0x000000062a800000, 0x000000062a400000| Updating 
| 170|0x000000062a800000, 0x000000062ac00000, 0x000000062ac00000|100%| O|  |TAMS 0x000000062ac00000, 0x000000062a800000| Updating 
| 171|0x000000062ac00000, 0x000000062b000000, 0x000000062b000000|100%| O|  |TAMS 0x000000062b000000, 0x000000062ac00000| Updating 
| 172|0x000000062b000000, 0x000000062b400000, 0x000000062b400000|100%| O|  |TAMS 0x000000062b400000, 0x000000062b000000| Updating 
| 173|0x000000062b400000, 0x000000062b800000, 0x000000062b800000|100%| O|  |TAMS 0x000000062b800000, 0x000000062b400000| Untracked 
| 174|0x000000062b800000, 0x000000062bc00000, 0x000000062bc00000|100%| O|  |TAMS 0x000000062bc00000, 0x000000062b800000| Untracked 
| 175|0x000000062bc00000, 0x000000062c000000, 0x000000062c000000|100%| O|  |TAMS 0x000000062c000000, 0x000000062bc00000| Untracked 
| 176|0x000000062c000000, 0x000000062c400000, 0x000000062c400000|100%| O|  |TAMS 0x000000062c400000, 0x000000062c000000| Updating 
| 177|0x000000062c400000, 0x000000062c800000, 0x000000062c800000|100%| O|  |TAMS 0x000000062c800000, 0x000000062c400000| Updating 
| 178|0x000000062c800000, 0x000000062cc00000, 0x000000062cc00000|100%| O|  |TAMS 0x000000062cc00000, 0x000000062c800000| Updating 
| 179|0x000000062cc00000, 0x000000062d000000, 0x000000062d000000|100%| O|  |TAMS 0x000000062d000000, 0x000000062cc00000| Updating 
| 180|0x000000062d000000, 0x000000062d400000, 0x000000062d400000|100%| O|  |TAMS 0x000000062d400000, 0x000000062d000000| Untracked 
| 181|0x000000062d400000, 0x000000062d800000, 0x000000062d800000|100%| O|  |TAMS 0x000000062d800000, 0x000000062d400000| Updating 
| 182|0x000000062d800000, 0x000000062dc00000, 0x000000062dc00000|100%| O|  |TAMS 0x000000062dc00000, 0x000000062d800000| Untracked 
| 183|0x000000062dc00000, 0x000000062e000000, 0x000000062e000000|100%| O|  |TAMS 0x000000062e000000, 0x000000062dc00000| Untracked 
| 184|0x000000062e000000, 0x000000062e400000, 0x000000062e400000|100%| O|  |TAMS 0x000000062e400000, 0x000000062e000000| Updating 
| 185|0x000000062e400000, 0x000000062e800000, 0x000000062e800000|100%| O|  |TAMS 0x000000062e800000, 0x000000062e400000| Updating 
| 186|0x000000062e800000, 0x000000062ec00000, 0x000000062ec00000|100%| O|  |TAMS 0x000000062ec00000, 0x000000062e800000| Updating 
| 187|0x000000062ec00000, 0x000000062f000000, 0x000000062f000000|100%| O|  |TAMS 0x000000062f000000, 0x000000062ec00000| Untracked 
| 188|0x000000062f000000, 0x000000062f400000, 0x000000062f400000|100%| O|  |TAMS 0x000000062f400000, 0x000000062f000000| Untracked 
| 189|0x000000062f400000, 0x000000062f800000, 0x000000062f800000|100%| O|  |TAMS 0x000000062f800000, 0x000000062f400000| Untracked 
| 190|0x000000062f800000, 0x000000062fc00000, 0x000000062fc00000|100%| O|  |TAMS 0x000000062fc00000, 0x000000062f800000| Updating 
| 191|0x000000062fc00000, 0x0000000630000000, 0x0000000630000000|100%| O|  |TAMS 0x0000000630000000, 0x000000062fc00000| Untracked 
| 192|0x0000000630000000, 0x0000000630400000, 0x0000000630400000|100%| O|  |TAMS 0x0000000630400000, 0x0000000630000000| Untracked 
| 193|0x0000000630400000, 0x0000000630800000, 0x0000000630800000|100%| O|  |TAMS 0x0000000630800000, 0x0000000630400000| Untracked 
| 194|0x0000000630800000, 0x0000000630c00000, 0x0000000630c00000|100%| O|  |TAMS 0x0000000630c00000, 0x0000000630800000| Untracked 
| 195|0x0000000630c00000, 0x0000000631000000, 0x0000000631000000|100%| O|  |TAMS 0x0000000631000000, 0x0000000630c00000| Untracked 
| 196|0x0000000631000000, 0x0000000631000000, 0x0000000631400000|  0%| F|  |TAMS 0x0000000631000000, 0x0000000631000000| Untracked 
| 197|0x0000000631400000, 0x0000000631800000, 0x0000000631800000|100%| O|  |TAMS 0x0000000631800000, 0x0000000631400000| Updating 
| 198|0x0000000631800000, 0x0000000631c00000, 0x0000000631c00000|100%| O|  |TAMS 0x0000000631c00000, 0x0000000631800000| Updating 
| 199|0x0000000631c00000, 0x0000000632000000, 0x0000000632000000|100%| O|  |TAMS 0x0000000632000000, 0x0000000631c00000| Updating 
| 200|0x0000000632000000, 0x0000000632400000, 0x0000000632400000|100%| O|  |TAMS 0x0000000632400000, 0x0000000632000000| Updating 
| 201|0x0000000632400000, 0x0000000632400000, 0x0000000632800000|  0%| F|  |TAMS 0x0000000632400000, 0x0000000632400000| Untracked 
| 202|0x0000000632800000, 0x0000000632c00000, 0x0000000632c00000|100%| O|  |TAMS 0x0000000632c00000, 0x0000000632800000| Updating 
| 203|0x0000000632c00000, 0x0000000633000000, 0x0000000633000000|100%| O|  |TAMS 0x0000000633000000, 0x0000000632c00000| Untracked 
| 204|0x0000000633000000, 0x0000000633400000, 0x0000000633400000|100%| O|  |TAMS 0x0000000633400000, 0x0000000633000000| Untracked 
| 205|0x0000000633400000, 0x0000000633800000, 0x0000000633800000|100%| O|  |TAMS 0x0000000633800000, 0x0000000633400000| Untracked 
| 206|0x0000000633800000, 0x0000000633c00000, 0x0000000633c00000|100%| O|  |TAMS 0x0000000633c00000, 0x0000000633800000| Untracked 
| 207|0x0000000633c00000, 0x0000000634000000, 0x0000000634000000|100%| O|  |TAMS 0x0000000634000000, 0x0000000633c00000| Untracked 
| 208|0x0000000634000000, 0x0000000634400000, 0x0000000634400000|100%| O|  |TAMS 0x0000000634400000, 0x0000000634000000| Untracked 
| 209|0x0000000634400000, 0x0000000634800000, 0x0000000634800000|100%| O|  |TAMS 0x0000000634800000, 0x0000000634400000| Untracked 
| 210|0x0000000634800000, 0x0000000634c00000, 0x0000000634c00000|100%| O|  |TAMS 0x0000000634c00000, 0x0000000634800000| Untracked 
| 211|0x0000000634c00000, 0x0000000635000000, 0x0000000635000000|100%| O|  |TAMS 0x0000000635000000, 0x0000000634c00000| Untracked 
| 212|0x0000000635000000, 0x0000000635400000, 0x0000000635400000|100%| O|  |TAMS 0x0000000635400000, 0x0000000635000000| Untracked 
| 213|0x0000000635400000, 0x0000000635800000, 0x0000000635800000|100%| O|  |TAMS 0x0000000635800000, 0x0000000635400000| Untracked 
| 214|0x0000000635800000, 0x0000000635c00000, 0x0000000635c00000|100%| O|  |TAMS 0x0000000635c00000, 0x0000000635800000| Untracked 
| 215|0x0000000635c00000, 0x0000000636000000, 0x0000000636000000|100%| O|  |TAMS 0x0000000636000000, 0x0000000635c00000| Untracked 
| 216|0x0000000636000000, 0x0000000636400000, 0x0000000636400000|100%| O|  |TAMS 0x0000000636400000, 0x0000000636000000| Untracked 
| 217|0x0000000636400000, 0x0000000636800000, 0x0000000636800000|100%| O|  |TAMS 0x0000000636800000, 0x0000000636400000| Untracked 
| 218|0x0000000636800000, 0x0000000636c00000, 0x0000000636c00000|100%| O|  |TAMS 0x0000000636c00000, 0x0000000636800000| Untracked 
| 219|0x0000000636c00000, 0x0000000637000000, 0x0000000637000000|100%| O|  |TAMS 0x0000000637000000, 0x0000000636c00000| Untracked 
| 220|0x0000000637000000, 0x0000000637400000, 0x0000000637400000|100%| O|  |TAMS 0x0000000637400000, 0x0000000637000000| Untracked 
| 221|0x0000000637400000, 0x0000000637800000, 0x0000000637800000|100%| O|  |TAMS 0x0000000637800000, 0x0000000637400000| Untracked 
| 222|0x0000000637800000, 0x0000000637c00000, 0x0000000637c00000|100%| O|  |TAMS 0x0000000637c00000, 0x0000000637800000| Untracked 
| 223|0x0000000637c00000, 0x0000000638000000, 0x0000000638000000|100%| O|  |TAMS 0x0000000638000000, 0x0000000637c00000| Untracked 
| 224|0x0000000638000000, 0x0000000638400000, 0x0000000638400000|100%| O|  |TAMS 0x0000000638400000, 0x0000000638000000| Untracked 
| 225|0x0000000638400000, 0x0000000638800000, 0x0000000638800000|100%| O|  |TAMS 0x0000000638800000, 0x0000000638400000| Untracked 
| 226|0x0000000638800000, 0x0000000638c00000, 0x0000000638c00000|100%| O|  |TAMS 0x0000000638c00000, 0x0000000638800000| Untracked 
| 227|0x0000000638c00000, 0x0000000639000000, 0x0000000639000000|100%| O|  |TAMS 0x0000000639000000, 0x0000000638c00000| Untracked 
| 228|0x0000000639000000, 0x0000000639400000, 0x0000000639400000|100%| O|  |TAMS 0x0000000639400000, 0x0000000639000000| Untracked 
| 229|0x0000000639400000, 0x0000000639800000, 0x0000000639800000|100%| O|  |TAMS 0x0000000639800000, 0x0000000639400000| Untracked 
| 230|0x0000000639800000, 0x0000000639c00000, 0x0000000639c00000|100%| O|  |TAMS 0x0000000639c00000, 0x0000000639800000| Untracked 
| 231|0x0000000639c00000, 0x000000063a000000, 0x000000063a000000|100%| O|  |TAMS 0x000000063a000000, 0x0000000639c00000| Untracked 
| 232|0x000000063a000000, 0x000000063a400000, 0x000000063a400000|100%| O|  |TAMS 0x000000063a400000, 0x000000063a000000| Untracked 
| 233|0x000000063a400000, 0x000000063a800000, 0x000000063a800000|100%| O|  |TAMS 0x000000063a800000, 0x000000063a400000| Untracked 
| 234|0x000000063a800000, 0x000000063ac00000, 0x000000063ac00000|100%| O|  |TAMS 0x000000063ac00000, 0x000000063a800000| Untracked 
| 235|0x000000063ac00000, 0x000000063b000000, 0x000000063b000000|100%| O|  |TAMS 0x000000063b000000, 0x000000063ac00000| Untracked 
| 236|0x000000063b000000, 0x000000063b400000, 0x000000063b400000|100%| O|  |TAMS 0x000000063b400000, 0x000000063b000000| Untracked 
| 237|0x000000063b400000, 0x000000063b800000, 0x000000063b800000|100%| O|  |TAMS 0x000000063b800000, 0x000000063b400000| Untracked 
| 238|0x000000063b800000, 0x000000063bc00000, 0x000000063bc00000|100%| O|  |TAMS 0x000000063bc00000, 0x000000063b800000| Untracked 
| 239|0x000000063bc00000, 0x000000063c000000, 0x000000063c000000|100%| O|  |TAMS 0x000000063c000000, 0x000000063bc00000| Updating 
| 240|0x000000063c000000, 0x000000063c400000, 0x000000063c400000|100%| O|  |TAMS 0x000000063c400000, 0x000000063c000000| Updating 
| 241|0x000000063c400000, 0x000000063c800000, 0x000000063c800000|100%| O|  |TAMS 0x000000063c800000, 0x000000063c400000| Updating 
| 242|0x000000063c800000, 0x000000063cc00000, 0x000000063cc00000|100%| O|  |TAMS 0x000000063cc00000, 0x000000063c800000| Updating 
| 243|0x000000063cc00000, 0x000000063d000000, 0x000000063d000000|100%| O|  |TAMS 0x000000063d000000, 0x000000063cc00000| Untracked 
| 244|0x000000063d000000, 0x000000063d400000, 0x000000063d400000|100%| O|  |TAMS 0x000000063d400000, 0x000000063d000000| Untracked 
| 245|0x000000063d400000, 0x000000063d800000, 0x000000063d800000|100%| O|  |TAMS 0x000000063d800000, 0x000000063d400000| Untracked 
| 246|0x000000063d800000, 0x000000063dc00000, 0x000000063dc00000|100%| O|  |TAMS 0x000000063dc00000, 0x000000063d800000| Untracked 
| 247|0x000000063dc00000, 0x000000063e000000, 0x000000063e000000|100%| O|  |TAMS 0x000000063e000000, 0x000000063dc00000| Updating 
| 248|0x000000063e000000, 0x000000063e400000, 0x000000063e400000|100%| O|  |TAMS 0x000000063e400000, 0x000000063e000000| Updating 
| 249|0x000000063e400000, 0x000000063e800000, 0x000000063e800000|100%| O|  |TAMS 0x000000063e800000, 0x000000063e400000| Updating 
| 250|0x000000063e800000, 0x000000063ec00000, 0x000000063ec00000|100%| O|  |TAMS 0x000000063ec00000, 0x000000063e800000| Updating 
| 251|0x000000063ec00000, 0x000000063f000000, 0x000000063f000000|100%| O|  |TAMS 0x000000063f000000, 0x000000063ec00000| Untracked 
| 252|0x000000063f000000, 0x000000063f400000, 0x000000063f400000|100%| O|  |TAMS 0x000000063f400000, 0x000000063f000000| Untracked 
| 253|0x000000063f400000, 0x000000063f800000, 0x000000063f800000|100%| O|  |TAMS 0x000000063f800000, 0x000000063f400000| Updating 
| 254|0x000000063f800000, 0x000000063fc00000, 0x000000063fc00000|100%| O|  |TAMS 0x000000063fc00000, 0x000000063f800000| Updating 
| 255|0x000000063fc00000, 0x0000000640000000, 0x0000000640000000|100%| O|  |TAMS 0x0000000640000000, 0x000000063fc00000| Untracked 
| 256|0x0000000640000000, 0x0000000640400000, 0x0000000640400000|100%| O|  |TAMS 0x0000000640400000, 0x0000000640000000| Updating 
| 257|0x0000000640400000, 0x0000000640800000, 0x0000000640800000|100%| O|  |TAMS 0x0000000640800000, 0x0000000640400000| Updating 
| 258|0x0000000640800000, 0x0000000640c00000, 0x0000000640c00000|100%| O|  |TAMS 0x0000000640c00000, 0x0000000640800000| Updating 
| 259|0x0000000640c00000, 0x0000000641000000, 0x0000000641000000|100%| O|  |TAMS 0x0000000641000000, 0x0000000640c00000| Updating 
| 260|0x0000000641000000, 0x0000000641400000, 0x0000000641400000|100%| O|  |TAMS 0x0000000641400000, 0x0000000641000000| Updating 
| 261|0x0000000641400000, 0x0000000641800000, 0x0000000641800000|100%| O|  |TAMS 0x0000000641800000, 0x0000000641400000| Updating 
| 262|0x0000000641800000, 0x0000000641c00000, 0x0000000641c00000|100%| O|  |TAMS 0x0000000641c00000, 0x0000000641800000| Updating 
| 263|0x0000000641c00000, 0x0000000642000000, 0x0000000642000000|100%| O|  |TAMS 0x0000000642000000, 0x0000000641c00000| Updating 
| 264|0x0000000642000000, 0x0000000642400000, 0x0000000642400000|100%| O|  |TAMS 0x0000000642400000, 0x0000000642000000| Updating 
| 265|0x0000000642400000, 0x0000000642800000, 0x0000000642800000|100%| O|  |TAMS 0x0000000642800000, 0x0000000642400000| Updating 
| 266|0x0000000642800000, 0x0000000642c00000, 0x0000000642c00000|100%| O|  |TAMS 0x0000000642c00000, 0x0000000642800000| Updating 
| 267|0x0000000642c00000, 0x0000000643000000, 0x0000000643000000|100%| O|  |TAMS 0x0000000643000000, 0x0000000642c00000| Updating 
| 268|0x0000000643000000, 0x0000000643400000, 0x0000000643400000|100%| O|  |TAMS 0x0000000643400000, 0x0000000643000000| Updating 
| 269|0x0000000643400000, 0x0000000643800000, 0x0000000643800000|100%| O|  |TAMS 0x0000000643800000, 0x0000000643400000| Updating 
| 270|0x0000000643800000, 0x0000000643c00000, 0x0000000643c00000|100%| O|  |TAMS 0x0000000643c00000, 0x0000000643800000| Updating 
| 271|0x0000000643c00000, 0x0000000644000000, 0x0000000644000000|100%| O|  |TAMS 0x0000000644000000, 0x0000000643c00000| Updating 
| 272|0x0000000644000000, 0x0000000644400000, 0x0000000644400000|100%| O|  |TAMS 0x0000000644400000, 0x0000000644000000| Updating 
| 273|0x0000000644400000, 0x0000000644800000, 0x0000000644800000|100%| O|  |TAMS 0x0000000644800000, 0x0000000644400000| Updating 
| 274|0x0000000644800000, 0x0000000644800000, 0x0000000644c00000|  0%| F|  |TAMS 0x0000000644800000, 0x0000000644800000| Untracked 
| 275|0x0000000644c00000, 0x0000000644c00000, 0x0000000645000000|  0%| F|  |TAMS 0x0000000644c00000, 0x0000000644c00000| Untracked 
| 276|0x0000000645000000, 0x0000000645400000, 0x0000000645400000|100%| O|  |TAMS 0x0000000645400000, 0x0000000645000000| Untracked 
| 277|0x0000000645400000, 0x0000000645800000, 0x0000000645800000|100%| O|  |TAMS 0x0000000645800000, 0x0000000645400000| Untracked 
| 278|0x0000000645800000, 0x0000000645c00000, 0x0000000645c00000|100%| O|  |TAMS 0x0000000645c00000, 0x0000000645800000| Untracked 
| 279|0x0000000645c00000, 0x0000000646000000, 0x0000000646000000|100%| O|  |TAMS 0x0000000646000000, 0x0000000645c00000| Untracked 
| 280|0x0000000646000000, 0x0000000646400000, 0x0000000646400000|100%| O|  |TAMS 0x0000000646400000, 0x0000000646000000| Untracked 
| 281|0x0000000646400000, 0x0000000646800000, 0x0000000646800000|100%| O|  |TAMS 0x0000000646800000, 0x0000000646400000| Untracked 
| 282|0x0000000646800000, 0x0000000646c00000, 0x0000000646c00000|100%| O|  |TAMS 0x0000000646c00000, 0x0000000646800000| Untracked 
| 283|0x0000000646c00000, 0x0000000647000000, 0x0000000647000000|100%| O|  |TAMS 0x0000000647000000, 0x0000000646c00000| Untracked 
| 284|0x0000000647000000, 0x0000000647400000, 0x0000000647400000|100%| O|  |TAMS 0x0000000647400000, 0x0000000647000000| Untracked 
| 285|0x0000000647400000, 0x0000000647800000, 0x0000000647800000|100%| O|  |TAMS 0x0000000647800000, 0x0000000647400000| Untracked 
| 286|0x0000000647800000, 0x0000000647c00000, 0x0000000647c00000|100%| O|  |TAMS 0x0000000647c00000, 0x0000000647800000| Untracked 
| 287|0x0000000647c00000, 0x0000000648000000, 0x0000000648000000|100%| O|  |TAMS 0x0000000648000000, 0x0000000647c00000| Untracked 
| 288|0x0000000648000000, 0x0000000648400000, 0x0000000648400000|100%| O|  |TAMS 0x0000000648400000, 0x0000000648000000| Updating 
| 289|0x0000000648400000, 0x0000000648800000, 0x0000000648800000|100%| O|  |TAMS 0x0000000648800000, 0x0000000648400000| Untracked 
| 290|0x0000000648800000, 0x0000000648c00000, 0x0000000648c00000|100%| O|  |TAMS 0x0000000648c00000, 0x0000000648800000| Untracked 
| 291|0x0000000648c00000, 0x0000000649000000, 0x0000000649000000|100%| O|  |TAMS 0x0000000649000000, 0x0000000648c00000| Untracked 
| 292|0x0000000649000000, 0x0000000649400000, 0x0000000649400000|100%| O|  |TAMS 0x0000000649400000, 0x0000000649000000| Untracked 
| 293|0x0000000649400000, 0x0000000649800000, 0x0000000649800000|100%| O|  |TAMS 0x0000000649800000, 0x0000000649400000| Untracked 
| 294|0x0000000649800000, 0x0000000649c00000, 0x0000000649c00000|100%| O|  |TAMS 0x0000000649c00000, 0x0000000649800000| Untracked 
| 295|0x0000000649c00000, 0x000000064a000000, 0x000000064a000000|100%| O|  |TAMS 0x000000064a000000, 0x0000000649c00000| Untracked 
| 296|0x000000064a000000, 0x000000064a400000, 0x000000064a400000|100%| O|  |TAMS 0x000000064a400000, 0x000000064a000000| Untracked 
| 297|0x000000064a400000, 0x000000064a800000, 0x000000064a800000|100%| O|  |TAMS 0x000000064a800000, 0x000000064a400000| Untracked 
| 298|0x000000064a800000, 0x000000064ac00000, 0x000000064ac00000|100%| O|  |TAMS 0x000000064ac00000, 0x000000064a800000| Untracked 
| 299|0x000000064ac00000, 0x000000064b000000, 0x000000064b000000|100%| O|  |TAMS 0x000000064b000000, 0x000000064ac00000| Untracked 
| 300|0x000000064b000000, 0x000000064b400000, 0x000000064b400000|100%| O|  |TAMS 0x000000064b400000, 0x000000064b000000| Untracked 
| 301|0x000000064b400000, 0x000000064b800000, 0x000000064b800000|100%| O|  |TAMS 0x000000064b800000, 0x000000064b400000| Untracked 
| 302|0x000000064b800000, 0x000000064bc00000, 0x000000064bc00000|100%| O|  |TAMS 0x000000064bc00000, 0x000000064b800000| Untracked 
| 303|0x000000064bc00000, 0x000000064c000000, 0x000000064c000000|100%| O|  |TAMS 0x000000064c000000, 0x000000064bc00000| Untracked 
| 304|0x000000064c000000, 0x000000064c400000, 0x000000064c400000|100%| O|  |TAMS 0x000000064c400000, 0x000000064c000000| Updating 
| 305|0x000000064c400000, 0x000000064c800000, 0x000000064c800000|100%| O|  |TAMS 0x000000064c800000, 0x000000064c400000| Untracked 
| 306|0x000000064c800000, 0x000000064cc00000, 0x000000064cc00000|100%| O|  |TAMS 0x000000064cc00000, 0x000000064c800000| Untracked 
| 307|0x000000064cc00000, 0x000000064d000000, 0x000000064d000000|100%| O|  |TAMS 0x000000064d000000, 0x000000064cc00000| Updating 
| 308|0x000000064d000000, 0x000000064d400000, 0x000000064d400000|100%| O|  |TAMS 0x000000064d400000, 0x000000064d000000| Updating 
| 309|0x000000064d400000, 0x000000064d800000, 0x000000064d800000|100%| O|  |TAMS 0x000000064d800000, 0x000000064d400000| Updating 
| 310|0x000000064d800000, 0x000000064dc00000, 0x000000064dc00000|100%| O|  |TAMS 0x000000064dc00000, 0x000000064d800000| Updating 
| 311|0x000000064dc00000, 0x000000064e000000, 0x000000064e000000|100%| O|  |TAMS 0x000000064e000000, 0x000000064dc00000| Updating 
| 312|0x000000064e000000, 0x000000064e400000, 0x000000064e400000|100%| O|  |TAMS 0x000000064e400000, 0x000000064e000000| Updating 
| 313|0x000000064e400000, 0x000000064e400000, 0x000000064e800000|  0%| F|  |TAMS 0x000000064e400000, 0x000000064e400000| Untracked 
| 314|0x000000064e800000, 0x000000064ec00000, 0x000000064ec00000|100%| O|  |TAMS 0x000000064ec00000, 0x000000064e800000| Updating 
| 315|0x000000064ec00000, 0x000000064f000000, 0x000000064f000000|100%| O|  |TAMS 0x000000064f000000, 0x000000064ec00000| Updating 
| 316|0x000000064f000000, 0x000000064f400000, 0x000000064f400000|100%| O|  |TAMS 0x000000064f400000, 0x000000064f000000| Updating 
| 317|0x000000064f400000, 0x000000064f800000, 0x000000064f800000|100%| O|  |TAMS 0x000000064f800000, 0x000000064f400000| Updating 
| 318|0x000000064f800000, 0x000000064fc00000, 0x000000064fc00000|100%| O|  |TAMS 0x000000064fc00000, 0x000000064f800000| Updating 
| 319|0x000000064fc00000, 0x0000000650000000, 0x0000000650000000|100%| O|  |TAMS 0x0000000650000000, 0x000000064fc00000| Updating 
| 320|0x0000000650000000, 0x0000000650400000, 0x0000000650400000|100%| O|  |TAMS 0x0000000650400000, 0x0000000650000000| Updating 
| 321|0x0000000650400000, 0x0000000650800000, 0x0000000650800000|100%| O|  |TAMS 0x0000000650800000, 0x0000000650400000| Untracked 
| 322|0x0000000650800000, 0x0000000650c00000, 0x0000000650c00000|100%| O|  |TAMS 0x0000000650c00000, 0x0000000650800000| Untracked 
| 323|0x0000000650c00000, 0x0000000651000000, 0x0000000651000000|100%| O|  |TAMS 0x0000000651000000, 0x0000000650c00000| Untracked 
| 324|0x0000000651000000, 0x0000000651400000, 0x0000000651400000|100%| O|  |TAMS 0x0000000651400000, 0x0000000651000000| Untracked 
| 325|0x0000000651400000, 0x0000000651800000, 0x0000000651800000|100%| O|  |TAMS 0x0000000651800000, 0x0000000651400000| Untracked 
| 326|0x0000000651800000, 0x0000000651c00000, 0x0000000651c00000|100%| O|  |TAMS 0x0000000651c00000, 0x0000000651800000| Untracked 
| 327|0x0000000651c00000, 0x0000000652000000, 0x0000000652000000|100%| O|  |TAMS 0x0000000652000000, 0x0000000651c00000| Untracked 
| 328|0x0000000652000000, 0x0000000652400000, 0x0000000652400000|100%| O|  |TAMS 0x0000000652400000, 0x0000000652000000| Updating 
| 329|0x0000000652400000, 0x0000000652800000, 0x0000000652800000|100%| O|  |TAMS 0x0000000652800000, 0x0000000652400000| Updating 
| 330|0x0000000652800000, 0x0000000652c00000, 0x0000000652c00000|100%| O|  |TAMS 0x0000000652c00000, 0x0000000652800000| Updating 
| 331|0x0000000652c00000, 0x0000000653000000, 0x0000000653000000|100%| O|  |TAMS 0x0000000653000000, 0x0000000652c00000| Updating 
| 332|0x0000000653000000, 0x0000000653400000, 0x0000000653400000|100%| O|  |TAMS 0x0000000653400000, 0x0000000653000000| Updating 
| 333|0x0000000653400000, 0x0000000653800000, 0x0000000653800000|100%| O|  |TAMS 0x0000000653800000, 0x0000000653400000| Updating 
| 334|0x0000000653800000, 0x0000000653c00000, 0x0000000653c00000|100%| O|  |TAMS 0x0000000653c00000, 0x0000000653800000| Updating 
| 335|0x0000000653c00000, 0x0000000654000000, 0x0000000654000000|100%| O|  |TAMS 0x0000000654000000, 0x0000000653c00000| Updating 
| 336|0x0000000654000000, 0x0000000654400000, 0x0000000654400000|100%| O|  |TAMS 0x0000000654400000, 0x0000000654000000| Updating 
| 337|0x0000000654400000, 0x0000000654800000, 0x0000000654800000|100%| O|  |TAMS 0x0000000654800000, 0x0000000654400000| Updating 
| 338|0x0000000654800000, 0x0000000654c00000, 0x0000000654c00000|100%| O|  |TAMS 0x0000000654c00000, 0x0000000654800000| Updating 
| 339|0x0000000654c00000, 0x0000000655000000, 0x0000000655000000|100%| O|  |TAMS 0x0000000655000000, 0x0000000654c00000| Updating 
| 340|0x0000000655000000, 0x0000000655400000, 0x0000000655400000|100%| O|  |TAMS 0x0000000655400000, 0x0000000655000000| Updating 
| 341|0x0000000655400000, 0x0000000655800000, 0x0000000655800000|100%| O|  |TAMS 0x0000000655800000, 0x0000000655400000| Updating 
| 342|0x0000000655800000, 0x0000000655c00000, 0x0000000655c00000|100%| O|  |TAMS 0x0000000655c00000, 0x0000000655800000| Updating 
| 343|0x0000000655c00000, 0x0000000656000000, 0x0000000656000000|100%| O|  |TAMS 0x0000000656000000, 0x0000000655c00000| Updating 
| 344|0x0000000656000000, 0x0000000656400000, 0x0000000656400000|100%| O|  |TAMS 0x0000000656400000, 0x0000000656000000| Updating 
| 345|0x0000000656400000, 0x0000000656800000, 0x0000000656800000|100%| O|  |TAMS 0x0000000656800000, 0x0000000656400000| Updating 
| 346|0x0000000656800000, 0x0000000656c00000, 0x0000000656c00000|100%| O|  |TAMS 0x0000000656c00000, 0x0000000656800000| Updating 
| 347|0x0000000656c00000, 0x0000000657000000, 0x0000000657000000|100%| O|  |TAMS 0x0000000657000000, 0x0000000656c00000| Updating 
| 348|0x0000000657000000, 0x0000000657400000, 0x0000000657400000|100%| O|  |TAMS 0x0000000657400000, 0x0000000657000000| Updating 
| 349|0x0000000657400000, 0x0000000657800000, 0x0000000657800000|100%| O|  |TAMS 0x0000000657800000, 0x0000000657400000| Updating 
| 350|0x0000000657800000, 0x0000000657800000, 0x0000000657c00000|  0%| F|  |TAMS 0x0000000657800000, 0x0000000657800000| Untracked 
| 351|0x0000000657c00000, 0x0000000658000000, 0x0000000658000000|100%| O|  |TAMS 0x0000000658000000, 0x0000000657c00000| Updating 
| 352|0x0000000658000000, 0x0000000658400000, 0x0000000658400000|100%| O|  |TAMS 0x0000000658400000, 0x0000000658000000| Updating 
| 353|0x0000000658400000, 0x0000000658800000, 0x0000000658800000|100%| O|  |TAMS 0x0000000658800000, 0x0000000658400000| Updating 
| 354|0x0000000658800000, 0x0000000658c00000, 0x0000000658c00000|100%| O|  |TAMS 0x0000000658c00000, 0x0000000658800000| Updating 
| 355|0x0000000658c00000, 0x0000000659000000, 0x0000000659000000|100%| O|  |TAMS 0x0000000659000000, 0x0000000658c00000| Updating 
| 356|0x0000000659000000, 0x0000000659400000, 0x0000000659400000|100%| O|  |TAMS 0x0000000659400000, 0x0000000659000000| Updating 
| 357|0x0000000659400000, 0x0000000659800000, 0x0000000659800000|100%| O|  |TAMS 0x0000000659800000, 0x0000000659400000| Updating 
| 358|0x0000000659800000, 0x0000000659c00000, 0x0000000659c00000|100%| O|  |TAMS 0x0000000659c00000, 0x0000000659800000| Updating 
| 359|0x0000000659c00000, 0x000000065a000000, 0x000000065a000000|100%| O|  |TAMS 0x000000065a000000, 0x0000000659c00000| Updating 
| 360|0x000000065a000000, 0x000000065a400000, 0x000000065a400000|100%| O|  |TAMS 0x000000065a400000, 0x000000065a000000| Updating 
| 361|0x000000065a400000, 0x000000065a800000, 0x000000065a800000|100%| O|  |TAMS 0x000000065a800000, 0x000000065a400000| Updating 
| 362|0x000000065a800000, 0x000000065ac00000, 0x000000065ac00000|100%| O|  |TAMS 0x000000065ac00000, 0x000000065a800000| Updating 
| 363|0x000000065ac00000, 0x000000065b000000, 0x000000065b000000|100%| O|  |TAMS 0x000000065b000000, 0x000000065ac00000| Updating 
| 364|0x000000065b000000, 0x000000065b400000, 0x000000065b400000|100%| O|  |TAMS 0x000000065b400000, 0x000000065b000000| Updating 
| 365|0x000000065b400000, 0x000000065b800000, 0x000000065b800000|100%| O|  |TAMS 0x000000065b800000, 0x000000065b400000| Updating 
| 366|0x000000065b800000, 0x000000065bc00000, 0x000000065bc00000|100%| O|  |TAMS 0x000000065bc00000, 0x000000065b800000| Updating 
| 367|0x000000065bc00000, 0x000000065c000000, 0x000000065c000000|100%| O|  |TAMS 0x000000065c000000, 0x000000065bc00000| Updating 
| 368|0x000000065c000000, 0x000000065c400000, 0x000000065c400000|100%| O|  |TAMS 0x000000065c400000, 0x000000065c000000| Updating 
| 369|0x000000065c400000, 0x000000065c800000, 0x000000065c800000|100%| O|  |TAMS 0x000000065c800000, 0x000000065c400000| Updating 
| 370|0x000000065c800000, 0x000000065cc00000, 0x000000065cc00000|100%| O|  |TAMS 0x000000065cc00000, 0x000000065c800000| Updating 
| 371|0x000000065cc00000, 0x000000065d000000, 0x000000065d000000|100%| O|  |TAMS 0x000000065d000000, 0x000000065cc00000| Updating 
| 372|0x000000065d000000, 0x000000065d400000, 0x000000065d400000|100%| O|  |TAMS 0x000000065d400000, 0x000000065d000000| Updating 
| 373|0x000000065d400000, 0x000000065d800000, 0x000000065d800000|100%| O|  |TAMS 0x000000065d800000, 0x000000065d400000| Updating 
| 374|0x000000065d800000, 0x000000065dc00000, 0x000000065dc00000|100%| O|  |TAMS 0x000000065dc00000, 0x000000065d800000| Updating 
| 375|0x000000065dc00000, 0x000000065e000000, 0x000000065e000000|100%| O|  |TAMS 0x000000065e000000, 0x000000065dc00000| Updating 
| 376|0x000000065e000000, 0x000000065e400000, 0x000000065e400000|100%| O|  |TAMS 0x000000065e400000, 0x000000065e000000| Updating 
| 377|0x000000065e400000, 0x000000065e800000, 0x000000065e800000|100%| O|  |TAMS 0x000000065e800000, 0x000000065e400000| Updating 
| 378|0x000000065e800000, 0x000000065ec00000, 0x000000065ec00000|100%| O|  |TAMS 0x000000065ec00000, 0x000000065e800000| Updating 
| 379|0x000000065ec00000, 0x000000065f000000, 0x000000065f000000|100%| O|  |TAMS 0x000000065f000000, 0x000000065ec00000| Updating 
| 380|0x000000065f000000, 0x000000065f400000, 0x000000065f400000|100%| O|  |TAMS 0x000000065f400000, 0x000000065f000000| Updating 
| 381|0x000000065f400000, 0x000000065f800000, 0x000000065f800000|100%| O|  |TAMS 0x000000065f800000, 0x000000065f400000| Updating 
| 382|0x000000065f800000, 0x000000065fc00000, 0x000000065fc00000|100%| O|  |TAMS 0x000000065fc00000, 0x000000065f800000| Updating 
| 383|0x000000065fc00000, 0x0000000660000000, 0x0000000660000000|100%| O|  |TAMS 0x0000000660000000, 0x000000065fc00000| Updating 
| 384|0x0000000660000000, 0x0000000660400000, 0x0000000660400000|100%| O|  |TAMS 0x0000000660400000, 0x0000000660000000| Updating 
| 385|0x0000000660400000, 0x0000000660800000, 0x0000000660800000|100%| O|  |TAMS 0x0000000660800000, 0x0000000660400000| Updating 
| 386|0x0000000660800000, 0x0000000660c00000, 0x0000000660c00000|100%| O|  |TAMS 0x0000000660c00000, 0x0000000660800000| Updating 
| 387|0x0000000660c00000, 0x0000000661000000, 0x0000000661000000|100%| O|  |TAMS 0x0000000661000000, 0x0000000660c00000| Updating 
| 388|0x0000000661000000, 0x0000000661400000, 0x0000000661400000|100%| O|  |TAMS 0x0000000661400000, 0x0000000661000000| Updating 
| 389|0x0000000661400000, 0x0000000661800000, 0x0000000661800000|100%| O|  |TAMS 0x0000000661800000, 0x0000000661400000| Updating 
| 390|0x0000000661800000, 0x0000000661c00000, 0x0000000661c00000|100%| O|  |TAMS 0x0000000661c00000, 0x0000000661800000| Updating 
| 391|0x0000000661c00000, 0x0000000662000000, 0x0000000662000000|100%| O|  |TAMS 0x0000000662000000, 0x0000000661c00000| Updating 
| 392|0x0000000662000000, 0x0000000662400000, 0x0000000662400000|100%| O|  |TAMS 0x0000000662400000, 0x0000000662000000| Updating 
| 393|0x0000000662400000, 0x0000000662800000, 0x0000000662800000|100%| O|  |TAMS 0x0000000662800000, 0x0000000662400000| Updating 
| 394|0x0000000662800000, 0x0000000662c00000, 0x0000000662c00000|100%| O|  |TAMS 0x0000000662c00000, 0x0000000662800000| Updating 
| 395|0x0000000662c00000, 0x0000000663000000, 0x0000000663000000|100%| O|  |TAMS 0x0000000663000000, 0x0000000662c00000| Updating 
| 396|0x0000000663000000, 0x0000000663400000, 0x0000000663400000|100%| O|  |TAMS 0x0000000663400000, 0x0000000663000000| Updating 
| 397|0x0000000663400000, 0x0000000663800000, 0x0000000663800000|100%| O|  |TAMS 0x0000000663800000, 0x0000000663400000| Updating 
| 398|0x0000000663800000, 0x0000000663c00000, 0x0000000663c00000|100%| O|  |TAMS 0x0000000663c00000, 0x0000000663800000| Updating 
| 399|0x0000000663c00000, 0x0000000664000000, 0x0000000664000000|100%| O|  |TAMS 0x0000000664000000, 0x0000000663c00000| Updating 
| 400|0x0000000664000000, 0x0000000664400000, 0x0000000664400000|100%| O|  |TAMS 0x0000000664400000, 0x0000000664000000| Updating 
| 401|0x0000000664400000, 0x0000000664800000, 0x0000000664800000|100%| O|  |TAMS 0x0000000664800000, 0x0000000664400000| Updating 
| 402|0x0000000664800000, 0x0000000664c00000, 0x0000000664c00000|100%| O|  |TAMS 0x0000000664c00000, 0x0000000664800000| Untracked 
| 403|0x0000000664c00000, 0x0000000665000000, 0x0000000665000000|100%| O|  |TAMS 0x0000000665000000, 0x0000000664c00000| Updating 
| 404|0x0000000665000000, 0x0000000665400000, 0x0000000665400000|100%| O|  |TAMS 0x0000000665400000, 0x0000000665000000| Updating 
| 405|0x0000000665400000, 0x0000000665800000, 0x0000000665800000|100%| O|  |TAMS 0x0000000665800000, 0x0000000665400000| Updating 
| 406|0x0000000665800000, 0x0000000665c00000, 0x0000000665c00000|100%| O|  |TAMS 0x0000000665c00000, 0x0000000665800000| Updating 
| 407|0x0000000665c00000, 0x0000000666000000, 0x0000000666000000|100%| O|  |TAMS 0x0000000666000000, 0x0000000665c00000| Updating 
| 408|0x0000000666000000, 0x0000000666400000, 0x0000000666400000|100%| O|  |TAMS 0x0000000666400000, 0x0000000666000000| Updating 
| 409|0x0000000666400000, 0x0000000666800000, 0x0000000666800000|100%| O|  |TAMS 0x0000000666800000, 0x0000000666400000| Updating 
| 410|0x0000000666800000, 0x0000000666c00000, 0x0000000666c00000|100%| O|  |TAMS 0x0000000666c00000, 0x0000000666800000| Updating 
| 411|0x0000000666c00000, 0x0000000667000000, 0x0000000667000000|100%| O|  |TAMS 0x0000000667000000, 0x0000000666c00000| Updating 
| 412|0x0000000667000000, 0x0000000667400000, 0x0000000667400000|100%| O|  |TAMS 0x0000000667400000, 0x0000000667000000| Updating 
| 413|0x0000000667400000, 0x0000000667800000, 0x0000000667800000|100%| O|  |TAMS 0x0000000667800000, 0x0000000667400000| Updating 
| 414|0x0000000667800000, 0x0000000667c00000, 0x0000000667c00000|100%| O|  |TAMS 0x0000000667c00000, 0x0000000667800000| Updating 
| 415|0x0000000667c00000, 0x0000000668000000, 0x0000000668000000|100%| O|  |TAMS 0x0000000668000000, 0x0000000667c00000| Updating 
| 416|0x0000000668000000, 0x0000000668400000, 0x0000000668400000|100%| O|  |TAMS 0x0000000668400000, 0x0000000668000000| Updating 
| 417|0x0000000668400000, 0x0000000668800000, 0x0000000668800000|100%| O|  |TAMS 0x0000000668800000, 0x0000000668400000| Updating 
| 418|0x0000000668800000, 0x0000000668c00000, 0x0000000668c00000|100%| O|  |TAMS 0x0000000668c00000, 0x0000000668800000| Updating 
| 419|0x0000000668c00000, 0x0000000669000000, 0x0000000669000000|100%| O|  |TAMS 0x0000000669000000, 0x0000000668c00000| Updating 
| 420|0x0000000669000000, 0x0000000669400000, 0x0000000669400000|100%| O|  |TAMS 0x0000000669400000, 0x0000000669000000| Updating 
| 421|0x0000000669400000, 0x0000000669800000, 0x0000000669800000|100%| O|  |TAMS 0x0000000669800000, 0x0000000669400000| Updating 
| 422|0x0000000669800000, 0x0000000669c00000, 0x0000000669c00000|100%|HS|  |TAMS 0x0000000669c00000, 0x0000000669800000| Complete 
| 423|0x0000000669c00000, 0x000000066a000000, 0x000000066a000000|100%|HC|  |TAMS 0x000000066a000000, 0x0000000669c00000| Complete 
| 424|0x000000066a000000, 0x000000066a400000, 0x000000066a400000|100%|HC|  |TAMS 0x000000066a400000, 0x000000066a000000| Complete 
| 425|0x000000066a400000, 0x000000066a800000, 0x000000066a800000|100%| O|  |TAMS 0x000000066a800000, 0x000000066a400000| Updating 
| 426|0x000000066a800000, 0x000000066ac00000, 0x000000066ac00000|100%| O|  |TAMS 0x000000066ac00000, 0x000000066a800000| Updating 
| 427|0x000000066ac00000, 0x000000066b000000, 0x000000066b000000|100%| O|  |TAMS 0x000000066b000000, 0x000000066ac00000| Updating 
| 428|0x000000066b000000, 0x000000066b400000, 0x000000066b400000|100%| O|  |TAMS 0x000000066b400000, 0x000000066b000000| Updating 
| 429|0x000000066b400000, 0x000000066b800000, 0x000000066b800000|100%| O|  |TAMS 0x000000066b800000, 0x000000066b400000| Updating 
| 430|0x000000066b800000, 0x000000066bc00000, 0x000000066bc00000|100%| O|  |TAMS 0x000000066bc00000, 0x000000066b800000| Updating 
| 431|0x000000066bc00000, 0x000000066bc00000, 0x000000066c000000|  0%| F|  |TAMS 0x000000066bc00000, 0x000000066bc00000| Untracked 
| 432|0x000000066c000000, 0x000000066c400000, 0x000000066c400000|100%| O|  |TAMS 0x000000066c400000, 0x000000066c000000| Updating 
| 433|0x000000066c400000, 0x000000066c800000, 0x000000066c800000|100%| O|  |TAMS 0x000000066c800000, 0x000000066c400000| Updating 
| 434|0x000000066c800000, 0x000000066cc00000, 0x000000066cc00000|100%| O|  |TAMS 0x000000066cc00000, 0x000000066c800000| Updating 
| 435|0x000000066cc00000, 0x000000066d000000, 0x000000066d000000|100%| O|  |TAMS 0x000000066d000000, 0x000000066cc00000| Updating 
| 436|0x000000066d000000, 0x000000066d400000, 0x000000066d400000|100%| O|  |TAMS 0x000000066d400000, 0x000000066d000000| Updating 
| 437|0x000000066d400000, 0x000000066d800000, 0x000000066d800000|100%| O|  |TAMS 0x000000066d800000, 0x000000066d400000| Updating 
| 438|0x000000066d800000, 0x000000066dc00000, 0x000000066dc00000|100%| O|  |TAMS 0x000000066dc00000, 0x000000066d800000| Updating 
| 439|0x000000066dc00000, 0x000000066e000000, 0x000000066e000000|100%| O|  |TAMS 0x000000066e000000, 0x000000066dc00000| Updating 
| 440|0x000000066e000000, 0x000000066e400000, 0x000000066e400000|100%| O|  |TAMS 0x000000066e400000, 0x000000066e000000| Updating 
| 441|0x000000066e400000, 0x000000066e800000, 0x000000066e800000|100%| O|  |TAMS 0x000000066e800000, 0x000000066e400000| Updating 
| 442|0x000000066e800000, 0x000000066ec00000, 0x000000066ec00000|100%| O|  |TAMS 0x000000066ec00000, 0x000000066e800000| Updating 
| 443|0x000000066ec00000, 0x000000066f000000, 0x000000066f000000|100%| O|  |TAMS 0x000000066f000000, 0x000000066ec00000| Updating 
| 444|0x000000066f000000, 0x000000066f400000, 0x000000066f400000|100%| O|  |TAMS 0x000000066f400000, 0x000000066f000000| Updating 
| 445|0x000000066f400000, 0x000000066f400000, 0x000000066f800000|  0%| F|  |TAMS 0x000000066f400000, 0x000000066f400000| Untracked 
| 446|0x000000066f800000, 0x000000066f800000, 0x000000066fc00000|  0%| F|  |TAMS 0x000000066f800000, 0x000000066f800000| Untracked 
| 447|0x000000066fc00000, 0x000000066fc00000, 0x0000000670000000|  0%| F|  |TAMS 0x000000066fc00000, 0x000000066fc00000| Untracked 
| 448|0x0000000670000000, 0x0000000670000000, 0x0000000670400000|  0%| F|  |TAMS 0x0000000670000000, 0x0000000670000000| Untracked 
| 449|0x0000000670400000, 0x0000000670400000, 0x0000000670800000|  0%| F|  |TAMS 0x0000000670400000, 0x0000000670400000| Untracked 
| 450|0x0000000670800000, 0x0000000670800000, 0x0000000670c00000|  0%| F|  |TAMS 0x0000000670800000, 0x0000000670800000| Untracked 
| 451|0x0000000670c00000, 0x0000000670c00000, 0x0000000671000000|  0%| F|  |TAMS 0x0000000670c00000, 0x0000000670c00000| Untracked 
| 452|0x0000000671000000, 0x0000000671400000, 0x0000000671400000|100%| O|  |TAMS 0x0000000671400000, 0x0000000671000000| Updating 
| 453|0x0000000671400000, 0x0000000671800000, 0x0000000671800000|100%| O|  |TAMS 0x0000000671800000, 0x0000000671400000| Updating 
| 454|0x0000000671800000, 0x0000000671c00000, 0x0000000671c00000|100%| O|  |TAMS 0x0000000671c00000, 0x0000000671800000| Updating 
| 455|0x0000000671c00000, 0x0000000672000000, 0x0000000672000000|100%| O|  |TAMS 0x0000000672000000, 0x0000000671c00000| Updating 
| 456|0x0000000672000000, 0x0000000672400000, 0x0000000672400000|100%| O|  |TAMS 0x0000000672400000, 0x0000000672000000| Updating 
| 457|0x0000000672400000, 0x0000000672800000, 0x0000000672800000|100%| O|  |TAMS 0x0000000672800000, 0x0000000672400000| Updating 
| 458|0x0000000672800000, 0x0000000672c00000, 0x0000000672c00000|100%| O|  |TAMS 0x0000000672c00000, 0x0000000672800000| Updating 
| 459|0x0000000672c00000, 0x0000000673000000, 0x0000000673000000|100%| O|  |TAMS 0x0000000673000000, 0x0000000672c00000| Updating 
| 460|0x0000000673000000, 0x0000000673400000, 0x0000000673400000|100%| O|  |TAMS 0x0000000673400000, 0x0000000673000000| Updating 
| 461|0x0000000673400000, 0x0000000673800000, 0x0000000673800000|100%| O|  |TAMS 0x0000000673800000, 0x0000000673400000| Updating 
| 462|0x0000000673800000, 0x0000000673c00000, 0x0000000673c00000|100%| O|  |TAMS 0x0000000673c00000, 0x0000000673800000| Updating 
| 463|0x0000000673c00000, 0x0000000674000000, 0x0000000674000000|100%| O|  |TAMS 0x0000000674000000, 0x0000000673c00000| Updating 
| 464|0x0000000674000000, 0x0000000674400000, 0x0000000674400000|100%| O|  |TAMS 0x0000000674400000, 0x0000000674000000| Updating 
| 465|0x0000000674400000, 0x0000000674800000, 0x0000000674800000|100%| O|  |TAMS 0x0000000674800000, 0x0000000674400000| Updating 
| 466|0x0000000674800000, 0x0000000674c00000, 0x0000000674c00000|100%| O|  |TAMS 0x0000000674c00000, 0x0000000674800000| Updating 
| 467|0x0000000674c00000, 0x0000000675000000, 0x0000000675000000|100%| O|  |TAMS 0x0000000675000000, 0x0000000674c00000| Updating 
| 468|0x0000000675000000, 0x0000000675400000, 0x0000000675400000|100%| O|  |TAMS 0x0000000675400000, 0x0000000675000000| Updating 
| 469|0x0000000675400000, 0x0000000675800000, 0x0000000675800000|100%| O|  |TAMS 0x0000000675800000, 0x0000000675400000| Updating 
| 470|0x0000000675800000, 0x0000000675c00000, 0x0000000675c00000|100%| O|  |TAMS 0x0000000675c00000, 0x0000000675800000| Updating 
| 471|0x0000000675c00000, 0x0000000676000000, 0x0000000676000000|100%| O|  |TAMS 0x0000000676000000, 0x0000000675c00000| Updating 
| 472|0x0000000676000000, 0x0000000676400000, 0x0000000676400000|100%| O|  |TAMS 0x0000000676400000, 0x0000000676000000| Updating 
| 473|0x0000000676400000, 0x0000000676800000, 0x0000000676800000|100%| O|  |TAMS 0x0000000676800000, 0x0000000676400000| Updating 
| 474|0x0000000676800000, 0x0000000676c00000, 0x0000000676c00000|100%| O|  |TAMS 0x0000000676c00000, 0x0000000676800000| Updating 
| 475|0x0000000676c00000, 0x0000000677000000, 0x0000000677000000|100%| O|  |TAMS 0x0000000677000000, 0x0000000676c00000| Updating 
| 476|0x0000000677000000, 0x0000000677400000, 0x0000000677400000|100%| O|  |TAMS 0x0000000677400000, 0x0000000677000000| Updating 
| 477|0x0000000677400000, 0x0000000677400000, 0x0000000677800000|  0%| F|  |TAMS 0x0000000677400000, 0x0000000677400000| Untracked 
| 478|0x0000000677800000, 0x0000000677c00000, 0x0000000677c00000|100%| O|  |TAMS 0x0000000677c00000, 0x0000000677800000| Updating 
| 479|0x0000000677c00000, 0x0000000678000000, 0x0000000678000000|100%| O|  |TAMS 0x0000000678000000, 0x0000000677c00000| Updating 
| 480|0x0000000678000000, 0x0000000678400000, 0x0000000678400000|100%| O|  |TAMS 0x0000000678400000, 0x0000000678000000| Updating 
| 481|0x0000000678400000, 0x0000000678800000, 0x0000000678800000|100%| O|  |TAMS 0x0000000678800000, 0x0000000678400000| Updating 
| 482|0x0000000678800000, 0x0000000678c00000, 0x0000000678c00000|100%|HS|  |TAMS 0x0000000678c00000, 0x0000000678800000| Complete 
| 483|0x0000000678c00000, 0x0000000679000000, 0x0000000679000000|100%|HC|  |TAMS 0x0000000679000000, 0x0000000678c00000| Complete 
| 484|0x0000000679000000, 0x0000000679400000, 0x0000000679400000|100%| O|  |TAMS 0x0000000679400000, 0x0000000679000000| Updating 
| 485|0x0000000679400000, 0x0000000679800000, 0x0000000679800000|100%| O|  |TAMS 0x0000000679800000, 0x0000000679400000| Updating 
| 486|0x0000000679800000, 0x0000000679c00000, 0x0000000679c00000|100%| O|  |TAMS 0x0000000679c00000, 0x0000000679800000| Updating 
| 487|0x0000000679c00000, 0x000000067a000000, 0x000000067a000000|100%| O|  |TAMS 0x000000067a000000, 0x0000000679c00000| Updating 
| 488|0x000000067a000000, 0x000000067a400000, 0x000000067a400000|100%| O|  |TAMS 0x000000067a400000, 0x000000067a000000| Updating 
| 489|0x000000067a400000, 0x000000067a800000, 0x000000067a800000|100%| O|  |TAMS 0x000000067a800000, 0x000000067a400000| Updating 
| 490|0x000000067a800000, 0x000000067ac00000, 0x000000067ac00000|100%| O|  |TAMS 0x000000067ac00000, 0x000000067a800000| Updating 
| 491|0x000000067ac00000, 0x000000067b000000, 0x000000067b000000|100%| O|  |TAMS 0x000000067b000000, 0x000000067ac00000| Updating 
| 492|0x000000067b000000, 0x000000067b400000, 0x000000067b400000|100%| O|  |TAMS 0x000000067b400000, 0x000000067b000000| Updating 
| 493|0x000000067b400000, 0x000000067b800000, 0x000000067b800000|100%| O|  |TAMS 0x000000067b800000, 0x000000067b400000| Updating 
| 494|0x000000067b800000, 0x000000067bc00000, 0x000000067bc00000|100%| O|  |TAMS 0x000000067bc00000, 0x000000067b800000| Updating 
| 495|0x000000067bc00000, 0x000000067c000000, 0x000000067c000000|100%| O|  |TAMS 0x000000067c000000, 0x000000067bc00000| Updating 
| 496|0x000000067c000000, 0x000000067c400000, 0x000000067c400000|100%| O|  |TAMS 0x000000067c400000, 0x000000067c000000| Updating 
| 497|0x000000067c400000, 0x000000067c400000, 0x000000067c800000|  0%| F|  |TAMS 0x000000067c400000, 0x000000067c400000| Untracked 
| 498|0x000000067c800000, 0x000000067c800000, 0x000000067cc00000|  0%| F|  |TAMS 0x000000067c800000, 0x000000067c800000| Untracked 
| 499|0x000000067cc00000, 0x000000067cc00000, 0x000000067d000000|  0%| F|  |TAMS 0x000000067cc00000, 0x000000067cc00000| Untracked 
| 500|0x000000067d000000, 0x000000067d000000, 0x000000067d400000|  0%| F|  |TAMS 0x000000067d000000, 0x000000067d000000| Untracked 
| 501|0x000000067d400000, 0x000000067d400000, 0x000000067d800000|  0%| F|  |TAMS 0x000000067d400000, 0x000000067d400000| Untracked 
| 502|0x000000067d800000, 0x000000067d800000, 0x000000067dc00000|  0%| F|  |TAMS 0x000000067d800000, 0x000000067d800000| Untracked 
| 503|0x000000067dc00000, 0x000000067dc00000, 0x000000067e000000|  0%| F|  |TAMS 0x000000067dc00000, 0x000000067dc00000| Untracked 
| 504|0x000000067e000000, 0x000000067e000000, 0x000000067e400000|  0%| F|  |TAMS 0x000000067e000000, 0x000000067e000000| Untracked 
| 505|0x000000067e400000, 0x000000067e400000, 0x000000067e800000|  0%| F|  |TAMS 0x000000067e400000, 0x000000067e400000| Untracked 
| 506|0x000000067e800000, 0x000000067e800000, 0x000000067ec00000|  0%| F|  |TAMS 0x000000067e800000, 0x000000067e800000| Untracked 
| 507|0x000000067ec00000, 0x000000067ec00000, 0x000000067f000000|  0%| F|  |TAMS 0x000000067ec00000, 0x000000067ec00000| Untracked 
| 508|0x000000067f000000, 0x000000067f000000, 0x000000067f400000|  0%| F|  |TAMS 0x000000067f000000, 0x000000067f000000| Untracked 
| 509|0x000000067f400000, 0x000000067f400000, 0x000000067f800000|  0%| F|  |TAMS 0x000000067f400000, 0x000000067f400000| Untracked 
| 510|0x000000067f800000, 0x000000067f800000, 0x000000067fc00000|  0%| F|  |TAMS 0x000000067f800000, 0x000000067f800000| Untracked 
| 511|0x000000067fc00000, 0x000000067fc00000, 0x0000000680000000|  0%| F|  |TAMS 0x000000067fc00000, 0x000000067fc00000| Untracked 
| 512|0x0000000680000000, 0x0000000680000000, 0x0000000680400000|  0%| F|  |TAMS 0x0000000680000000, 0x0000000680000000| Untracked 
| 513|0x0000000680400000, 0x0000000680400000, 0x0000000680800000|  0%| F|  |TAMS 0x0000000680400000, 0x0000000680400000| Untracked 
| 514|0x0000000680800000, 0x0000000680800000, 0x0000000680c00000|  0%| F|  |TAMS 0x0000000680800000, 0x0000000680800000| Untracked 
| 515|0x0000000680c00000, 0x0000000680c00000, 0x0000000681000000|  0%| F|  |TAMS 0x0000000680c00000, 0x0000000680c00000| Untracked 
| 516|0x0000000681000000, 0x0000000681000000, 0x0000000681400000|  0%| F|  |TAMS 0x0000000681000000, 0x0000000681000000| Untracked 
| 517|0x0000000681400000, 0x0000000681400000, 0x0000000681800000|  0%| F|  |TAMS 0x0000000681400000, 0x0000000681400000| Untracked 
| 518|0x0000000681800000, 0x0000000681800000, 0x0000000681c00000|  0%| F|  |TAMS 0x0000000681800000, 0x0000000681800000| Untracked 
| 519|0x0000000681c00000, 0x0000000681c00000, 0x0000000682000000|  0%| F|  |TAMS 0x0000000681c00000, 0x0000000681c00000| Untracked 
| 520|0x0000000682000000, 0x0000000682000000, 0x0000000682400000|  0%| F|  |TAMS 0x0000000682000000, 0x0000000682000000| Untracked 
| 521|0x0000000682400000, 0x0000000682400000, 0x0000000682800000|  0%| F|  |TAMS 0x0000000682400000, 0x0000000682400000| Untracked 
| 522|0x0000000682800000, 0x0000000682800000, 0x0000000682c00000|  0%| F|  |TAMS 0x0000000682800000, 0x0000000682800000| Untracked 
| 523|0x0000000682c00000, 0x0000000682c00000, 0x0000000683000000|  0%| F|  |TAMS 0x0000000682c00000, 0x0000000682c00000| Untracked 
| 524|0x0000000683000000, 0x0000000683000000, 0x0000000683400000|  0%| F|  |TAMS 0x0000000683000000, 0x0000000683000000| Untracked 
| 525|0x0000000683400000, 0x0000000683400000, 0x0000000683800000|  0%| F|  |TAMS 0x0000000683400000, 0x0000000683400000| Untracked 
| 526|0x0000000683800000, 0x0000000683800000, 0x0000000683c00000|  0%| F|  |TAMS 0x0000000683800000, 0x0000000683800000| Untracked 
| 527|0x0000000683c00000, 0x0000000683c00000, 0x0000000684000000|  0%| F|  |TAMS 0x0000000683c00000, 0x0000000683c00000| Untracked 
| 528|0x0000000684000000, 0x0000000684400000, 0x0000000684400000|100%| O|  |TAMS 0x0000000684400000, 0x0000000684000000| Updating 
| 529|0x0000000684400000, 0x0000000684400000, 0x0000000684800000|  0%| F|  |TAMS 0x0000000684400000, 0x0000000684400000| Untracked 
| 530|0x0000000684800000, 0x0000000684800000, 0x0000000684c00000|  0%| F|  |TAMS 0x0000000684800000, 0x0000000684800000| Untracked 
| 531|0x0000000684c00000, 0x0000000684c00000, 0x0000000685000000|  0%| F|  |TAMS 0x0000000684c00000, 0x0000000684c00000| Untracked 
| 532|0x0000000685000000, 0x0000000685400000, 0x0000000685400000|100%| O|  |TAMS 0x0000000685400000, 0x0000000685000000| Updating 
| 533|0x0000000685400000, 0x0000000685800000, 0x0000000685800000|100%| O|  |TAMS 0x0000000685800000, 0x0000000685400000| Updating 
| 534|0x0000000685800000, 0x0000000685c00000, 0x0000000685c00000|100%| O|  |TAMS 0x0000000685c00000, 0x0000000685800000| Updating 
| 535|0x0000000685c00000, 0x0000000686000000, 0x0000000686000000|100%| O|  |TAMS 0x0000000686000000, 0x0000000685c00000| Updating 
| 536|0x0000000686000000, 0x0000000686400000, 0x0000000686400000|100%| O|  |TAMS 0x0000000686400000, 0x0000000686000000| Updating 
| 537|0x0000000686400000, 0x0000000686400000, 0x0000000686800000|  0%| F|  |TAMS 0x0000000686400000, 0x0000000686400000| Untracked 
| 538|0x0000000686800000, 0x0000000686c00000, 0x0000000686c00000|100%| O|  |TAMS 0x0000000686c00000, 0x0000000686800000| Updating 
| 539|0x0000000686c00000, 0x0000000686c00000, 0x0000000687000000|  0%| F|  |TAMS 0x0000000686c00000, 0x0000000686c00000| Untracked 
| 540|0x0000000687000000, 0x0000000687400000, 0x0000000687400000|100%| O|  |TAMS 0x0000000687400000, 0x0000000687000000| Updating 
| 541|0x0000000687400000, 0x0000000687400000, 0x0000000687800000|  0%| F|  |TAMS 0x0000000687400000, 0x0000000687400000| Untracked 
| 542|0x0000000687800000, 0x0000000687800000, 0x0000000687c00000|  0%| F|  |TAMS 0x0000000687800000, 0x0000000687800000| Untracked 
| 543|0x0000000687c00000, 0x0000000687c00000, 0x0000000688000000|  0%| F|  |TAMS 0x0000000687c00000, 0x0000000687c00000| Untracked 
| 544|0x0000000688000000, 0x0000000688400000, 0x0000000688400000|100%| O|  |TAMS 0x0000000688400000, 0x0000000688000000| Updating 
| 545|0x0000000688400000, 0x0000000688400000, 0x0000000688800000|  0%| F|  |TAMS 0x0000000688400000, 0x0000000688400000| Untracked 
| 546|0x0000000688800000, 0x0000000688800000, 0x0000000688c00000|  0%| F|  |TAMS 0x0000000688800000, 0x0000000688800000| Untracked 
| 547|0x0000000688c00000, 0x0000000688c00000, 0x0000000689000000|  0%| F|  |TAMS 0x0000000688c00000, 0x0000000688c00000| Untracked 
| 548|0x0000000689000000, 0x0000000689000000, 0x0000000689400000|  0%| F|  |TAMS 0x0000000689000000, 0x0000000689000000| Untracked 
| 549|0x0000000689400000, 0x0000000689400000, 0x0000000689800000|  0%| F|  |TAMS 0x0000000689400000, 0x0000000689400000| Untracked 
| 550|0x0000000689800000, 0x0000000689800000, 0x0000000689c00000|  0%| F|  |TAMS 0x0000000689800000, 0x0000000689800000| Untracked 
| 551|0x0000000689c00000, 0x0000000689c00000, 0x000000068a000000|  0%| F|  |TAMS 0x0000000689c00000, 0x0000000689c00000| Untracked 
| 552|0x000000068a000000, 0x000000068a000000, 0x000000068a400000|  0%| F|  |TAMS 0x000000068a000000, 0x000000068a000000| Untracked 
| 553|0x000000068a400000, 0x000000068a400000, 0x000000068a800000|  0%| F|  |TAMS 0x000000068a400000, 0x000000068a400000| Untracked 
| 554|0x000000068a800000, 0x000000068a800000, 0x000000068ac00000|  0%| F|  |TAMS 0x000000068a800000, 0x000000068a800000| Untracked 
| 555|0x000000068ac00000, 0x000000068ac00000, 0x000000068b000000|  0%| F|  |TAMS 0x000000068ac00000, 0x000000068ac00000| Untracked 
| 556|0x000000068b000000, 0x000000068b000000, 0x000000068b400000|  0%| F|  |TAMS 0x000000068b000000, 0x000000068b000000| Untracked 
| 557|0x000000068b400000, 0x000000068b800000, 0x000000068b800000|100%| O|  |TAMS 0x000000068b800000, 0x000000068b400000| Updating 
| 558|0x000000068b800000, 0x000000068bc00000, 0x000000068bc00000|100%| O|  |TAMS 0x000000068bc00000, 0x000000068b800000| Updating 
| 559|0x000000068bc00000, 0x000000068c000000, 0x000000068c000000|100%| O|  |TAMS 0x000000068c000000, 0x000000068bc00000| Updating 
| 560|0x000000068c000000, 0x000000068c400000, 0x000000068c400000|100%| O|  |TAMS 0x000000068c400000, 0x000000068c000000| Updating 
| 561|0x000000068c400000, 0x000000068c800000, 0x000000068c800000|100%| O|  |TAMS 0x000000068c800000, 0x000000068c400000| Updating 
| 562|0x000000068c800000, 0x000000068cc00000, 0x000000068cc00000|100%| O|  |TAMS 0x000000068cc00000, 0x000000068c800000| Updating 
| 563|0x000000068cc00000, 0x000000068d000000, 0x000000068d000000|100%| O|  |TAMS 0x000000068d000000, 0x000000068cc00000| Updating 
| 564|0x000000068d000000, 0x000000068d400000, 0x000000068d400000|100%| O|  |TAMS 0x000000068d400000, 0x000000068d000000| Updating 
| 565|0x000000068d400000, 0x000000068d800000, 0x000000068d800000|100%| O|  |TAMS 0x000000068d800000, 0x000000068d400000| Updating 
| 566|0x000000068d800000, 0x000000068dc00000, 0x000000068dc00000|100%| O|  |TAMS 0x000000068dc00000, 0x000000068d800000| Updating 
| 567|0x000000068dc00000, 0x000000068e000000, 0x000000068e000000|100%| O|  |TAMS 0x000000068e000000, 0x000000068dc00000| Updating 
| 568|0x000000068e000000, 0x000000068e400000, 0x000000068e400000|100%| O|  |TAMS 0x000000068e400000, 0x000000068e000000| Updating 
| 569|0x000000068e400000, 0x000000068e800000, 0x000000068e800000|100%| O|  |TAMS 0x000000068e800000, 0x000000068e400000| Updating 
| 570|0x000000068e800000, 0x000000068ec00000, 0x000000068ec00000|100%| O|  |TAMS 0x000000068ec00000, 0x000000068e800000| Updating 
| 571|0x000000068ec00000, 0x000000068f000000, 0x000000068f000000|100%| O|  |TAMS 0x000000068f000000, 0x000000068ec00000| Updating 
| 572|0x000000068f000000, 0x000000068f400000, 0x000000068f400000|100%| O|  |TAMS 0x000000068f400000, 0x000000068f000000| Updating 
| 573|0x000000068f400000, 0x000000068f800000, 0x000000068f800000|100%| O|  |TAMS 0x000000068f800000, 0x000000068f400000| Updating 
| 574|0x000000068f800000, 0x000000068fc00000, 0x000000068fc00000|100%| O|  |TAMS 0x000000068fc00000, 0x000000068f800000| Updating 
| 575|0x000000068fc00000, 0x0000000690000000, 0x0000000690000000|100%| O|  |TAMS 0x0000000690000000, 0x000000068fc00000| Updating 
| 576|0x0000000690000000, 0x0000000690400000, 0x0000000690400000|100%| O|  |TAMS 0x0000000690400000, 0x0000000690000000| Updating 
| 577|0x0000000690400000, 0x0000000690800000, 0x0000000690800000|100%| O|  |TAMS 0x0000000690800000, 0x0000000690400000| Updating 
| 578|0x0000000690800000, 0x0000000690c00000, 0x0000000690c00000|100%| O|  |TAMS 0x0000000690c00000, 0x0000000690800000| Updating 
| 579|0x0000000690c00000, 0x0000000691000000, 0x0000000691000000|100%| O|  |TAMS 0x0000000691000000, 0x0000000690c00000| Updating 
| 580|0x0000000691000000, 0x0000000691400000, 0x0000000691400000|100%| O|  |TAMS 0x0000000691400000, 0x0000000691000000| Updating 
| 581|0x0000000691400000, 0x0000000691800000, 0x0000000691800000|100%| O|  |TAMS 0x0000000691800000, 0x0000000691400000| Updating 
| 582|0x0000000691800000, 0x0000000691c00000, 0x0000000691c00000|100%| O|  |TAMS 0x0000000691c00000, 0x0000000691800000| Updating 
| 583|0x0000000691c00000, 0x0000000692000000, 0x0000000692000000|100%| O|  |TAMS 0x0000000692000000, 0x0000000691c00000| Updating 
| 584|0x0000000692000000, 0x0000000692400000, 0x0000000692400000|100%| O|  |TAMS 0x0000000692400000, 0x0000000692000000| Updating 
| 585|0x0000000692400000, 0x0000000692400000, 0x0000000692800000|  0%| F|  |TAMS 0x0000000692400000, 0x0000000692400000| Untracked 
| 586|0x0000000692800000, 0x0000000692c00000, 0x0000000692c00000|100%| O|  |TAMS 0x0000000692c00000, 0x0000000692800000| Updating 
| 587|0x0000000692c00000, 0x0000000693000000, 0x0000000693000000|100%| O|  |TAMS 0x0000000693000000, 0x0000000692c00000| Updating 
| 588|0x0000000693000000, 0x0000000693000000, 0x0000000693400000|  0%| F|  |TAMS 0x0000000693000000, 0x0000000693000000| Untracked 
| 589|0x0000000693400000, 0x0000000693800000, 0x0000000693800000|100%| O|  |TAMS 0x0000000693800000, 0x0000000693400000| Updating 
| 590|0x0000000693800000, 0x0000000693c00000, 0x0000000693c00000|100%| O|  |TAMS 0x0000000693c00000, 0x0000000693800000| Updating 
| 591|0x0000000693c00000, 0x0000000694000000, 0x0000000694000000|100%| O|  |TAMS 0x0000000694000000, 0x0000000693c00000| Updating 
| 592|0x0000000694000000, 0x0000000694400000, 0x0000000694400000|100%| O|  |TAMS 0x0000000694400000, 0x0000000694000000| Updating 
| 593|0x0000000694400000, 0x0000000694800000, 0x0000000694800000|100%| O|  |TAMS 0x0000000694800000, 0x0000000694400000| Updating 
| 594|0x0000000694800000, 0x0000000694c00000, 0x0000000694c00000|100%| O|  |TAMS 0x0000000694c00000, 0x0000000694800000| Updating 
| 595|0x0000000694c00000, 0x0000000695000000, 0x0000000695000000|100%| O|  |TAMS 0x0000000695000000, 0x0000000694c00000| Updating 
| 596|0x0000000695000000, 0x0000000695400000, 0x0000000695400000|100%| O|  |TAMS 0x0000000695400000, 0x0000000695000000| Updating 
| 597|0x0000000695400000, 0x0000000695800000, 0x0000000695800000|100%| O|  |TAMS 0x0000000695800000, 0x0000000695400000| Updating 
| 598|0x0000000695800000, 0x0000000695c00000, 0x0000000695c00000|100%| O|  |TAMS 0x0000000695c00000, 0x0000000695800000| Updating 
| 599|0x0000000695c00000, 0x0000000696000000, 0x0000000696000000|100%| O|  |TAMS 0x0000000696000000, 0x0000000695c00000| Updating 
| 600|0x0000000696000000, 0x0000000696400000, 0x0000000696400000|100%| O|  |TAMS 0x0000000696400000, 0x0000000696000000| Updating 
| 601|0x0000000696400000, 0x0000000696800000, 0x0000000696800000|100%| O|  |TAMS 0x0000000696800000, 0x0000000696400000| Updating 
| 602|0x0000000696800000, 0x0000000696c00000, 0x0000000696c00000|100%| O|  |TAMS 0x0000000696c00000, 0x0000000696800000| Updating 
| 603|0x0000000696c00000, 0x0000000697000000, 0x0000000697000000|100%| O|  |TAMS 0x0000000697000000, 0x0000000696c00000| Updating 
| 604|0x0000000697000000, 0x0000000697400000, 0x0000000697400000|100%| O|  |TAMS 0x0000000697400000, 0x0000000697000000| Updating 
| 605|0x0000000697400000, 0x0000000697800000, 0x0000000697800000|100%| O|  |TAMS 0x0000000697800000, 0x0000000697400000| Updating 
| 606|0x0000000697800000, 0x0000000697c00000, 0x0000000697c00000|100%| O|  |TAMS 0x0000000697c00000, 0x0000000697800000| Updating 
| 607|0x0000000697c00000, 0x0000000698000000, 0x0000000698000000|100%| O|  |TAMS 0x0000000698000000, 0x0000000697c00000| Updating 
| 608|0x0000000698000000, 0x0000000698000000, 0x0000000698400000|  0%| F|  |TAMS 0x0000000698000000, 0x0000000698000000| Untracked 
| 609|0x0000000698400000, 0x0000000698400000, 0x0000000698800000|  0%| F|  |TAMS 0x0000000698400000, 0x0000000698400000| Untracked 
| 610|0x0000000698800000, 0x0000000698c00000, 0x0000000698c00000|100%| O|  |TAMS 0x0000000698c00000, 0x0000000698800000| Updating 
| 611|0x0000000698c00000, 0x0000000699000000, 0x0000000699000000|100%| O|  |TAMS 0x0000000699000000, 0x0000000698c00000| Updating 
| 612|0x0000000699000000, 0x0000000699400000, 0x0000000699400000|100%| O|  |TAMS 0x0000000699400000, 0x0000000699000000| Updating 
| 613|0x0000000699400000, 0x0000000699800000, 0x0000000699800000|100%| O|  |TAMS 0x0000000699800000, 0x0000000699400000| Updating 
| 614|0x0000000699800000, 0x0000000699c00000, 0x0000000699c00000|100%| O|  |TAMS 0x0000000699c00000, 0x0000000699800000| Updating 
| 615|0x0000000699c00000, 0x000000069a000000, 0x000000069a000000|100%| O|  |TAMS 0x000000069a000000, 0x0000000699c00000| Updating 
| 616|0x000000069a000000, 0x000000069a400000, 0x000000069a400000|100%| O|  |TAMS 0x000000069a400000, 0x000000069a000000| Updating 
| 617|0x000000069a400000, 0x000000069a800000, 0x000000069a800000|100%| O|  |TAMS 0x000000069a800000, 0x000000069a400000| Updating 
| 618|0x000000069a800000, 0x000000069ac00000, 0x000000069ac00000|100%| O|  |TAMS 0x000000069ac00000, 0x000000069a800000| Updating 
| 619|0x000000069ac00000, 0x000000069b000000, 0x000000069b000000|100%| O|  |TAMS 0x000000069b000000, 0x000000069ac00000| Updating 
| 620|0x000000069b000000, 0x000000069b400000, 0x000000069b400000|100%| O|  |TAMS 0x000000069b400000, 0x000000069b000000| Updating 
| 621|0x000000069b400000, 0x000000069b800000, 0x000000069b800000|100%| O|  |TAMS 0x000000069b800000, 0x000000069b400000| Updating 
| 622|0x000000069b800000, 0x000000069bc00000, 0x000000069bc00000|100%| O|  |TAMS 0x000000069bc00000, 0x000000069b800000| Updating 
| 623|0x000000069bc00000, 0x000000069c000000, 0x000000069c000000|100%| O|  |TAMS 0x000000069c000000, 0x000000069bc00000| Updating 
| 624|0x000000069c000000, 0x000000069c400000, 0x000000069c400000|100%| O|  |TAMS 0x000000069c400000, 0x000000069c000000| Updating 
| 625|0x000000069c400000, 0x000000069c800000, 0x000000069c800000|100%| O|  |TAMS 0x000000069c800000, 0x000000069c400000| Updating 
| 626|0x000000069c800000, 0x000000069cc00000, 0x000000069cc00000|100%| O|  |TAMS 0x000000069cc00000, 0x000000069c800000| Updating 
| 627|0x000000069cc00000, 0x000000069d000000, 0x000000069d000000|100%| O|  |TAMS 0x000000069d000000, 0x000000069cc00000| Updating 
| 628|0x000000069d000000, 0x000000069d400000, 0x000000069d400000|100%| O|  |TAMS 0x000000069d400000, 0x000000069d000000| Updating 
| 629|0x000000069d400000, 0x000000069d800000, 0x000000069d800000|100%| O|  |TAMS 0x000000069d800000, 0x000000069d400000| Updating 
| 630|0x000000069d800000, 0x000000069dc00000, 0x000000069dc00000|100%| O|  |TAMS 0x000000069dc00000, 0x000000069d800000| Updating 
| 631|0x000000069dc00000, 0x000000069e000000, 0x000000069e000000|100%| O|  |TAMS 0x000000069e000000, 0x000000069dc00000| Updating 
| 632|0x000000069e000000, 0x000000069e400000, 0x000000069e400000|100%| O|  |TAMS 0x000000069e400000, 0x000000069e000000| Updating 
| 633|0x000000069e400000, 0x000000069e800000, 0x000000069e800000|100%| O|  |TAMS 0x000000069e800000, 0x000000069e400000| Updating 
| 634|0x000000069e800000, 0x000000069ec00000, 0x000000069ec00000|100%| O|  |TAMS 0x000000069ec00000, 0x000000069e800000| Updating 
| 635|0x000000069ec00000, 0x000000069f000000, 0x000000069f000000|100%| O|  |TAMS 0x000000069f000000, 0x000000069ec00000| Updating 
| 636|0x000000069f000000, 0x000000069f400000, 0x000000069f400000|100%| O|  |TAMS 0x000000069f400000, 0x000000069f000000| Updating 
| 637|0x000000069f400000, 0x000000069f800000, 0x000000069f800000|100%| O|  |TAMS 0x000000069f800000, 0x000000069f400000| Updating 
| 638|0x000000069f800000, 0x000000069fc00000, 0x000000069fc00000|100%| O|  |TAMS 0x000000069fc00000, 0x000000069f800000| Updating 
| 639|0x000000069fc00000, 0x00000006a0000000, 0x00000006a0000000|100%| O|  |TAMS 0x00000006a0000000, 0x000000069fc00000| Updating 
| 640|0x00000006a0000000, 0x00000006a0400000, 0x00000006a0400000|100%| O|  |TAMS 0x00000006a0400000, 0x00000006a0000000| Updating 
| 641|0x00000006a0400000, 0x00000006a0800000, 0x00000006a0800000|100%| O|  |TAMS 0x00000006a0800000, 0x00000006a0400000| Updating 
| 642|0x00000006a0800000, 0x00000006a0c00000, 0x00000006a0c00000|100%| O|  |TAMS 0x00000006a0c00000, 0x00000006a0800000| Updating 
| 643|0x00000006a0c00000, 0x00000006a1000000, 0x00000006a1000000|100%| O|  |TAMS 0x00000006a1000000, 0x00000006a0c00000| Updating 
| 644|0x00000006a1000000, 0x00000006a1400000, 0x00000006a1400000|100%| O|  |TAMS 0x00000006a1400000, 0x00000006a1000000| Updating 
| 645|0x00000006a1400000, 0x00000006a1800000, 0x00000006a1800000|100%| O|  |TAMS 0x00000006a1800000, 0x00000006a1400000| Updating 
| 646|0x00000006a1800000, 0x00000006a1c00000, 0x00000006a1c00000|100%| O|  |TAMS 0x00000006a1c00000, 0x00000006a1800000| Updating 
| 647|0x00000006a1c00000, 0x00000006a2000000, 0x00000006a2000000|100%| O|  |TAMS 0x00000006a2000000, 0x00000006a1c00000| Updating 
| 648|0x00000006a2000000, 0x00000006a2400000, 0x00000006a2400000|100%| O|  |TAMS 0x00000006a2400000, 0x00000006a2000000| Updating 
| 649|0x00000006a2400000, 0x00000006a2800000, 0x00000006a2800000|100%| O|  |TAMS 0x00000006a2800000, 0x00000006a2400000| Updating 
| 650|0x00000006a2800000, 0x00000006a2c00000, 0x00000006a2c00000|100%| O|  |TAMS 0x00000006a2c00000, 0x00000006a2800000| Updating 
| 651|0x00000006a2c00000, 0x00000006a3000000, 0x00000006a3000000|100%| O|  |TAMS 0x00000006a3000000, 0x00000006a2c00000| Updating 
| 652|0x00000006a3000000, 0x00000006a3400000, 0x00000006a3400000|100%| O|  |TAMS 0x00000006a3400000, 0x00000006a3000000| Updating 
| 653|0x00000006a3400000, 0x00000006a3800000, 0x00000006a3800000|100%| O|  |TAMS 0x00000006a3800000, 0x00000006a3400000| Updating 
| 654|0x00000006a3800000, 0x00000006a3c00000, 0x00000006a3c00000|100%| O|  |TAMS 0x00000006a3c00000, 0x00000006a3800000| Updating 
| 655|0x00000006a3c00000, 0x00000006a4000000, 0x00000006a4000000|100%| O|  |TAMS 0x00000006a4000000, 0x00000006a3c00000| Updating 
| 656|0x00000006a4000000, 0x00000006a4400000, 0x00000006a4400000|100%| O|  |TAMS 0x00000006a4400000, 0x00000006a4000000| Updating 
| 657|0x00000006a4400000, 0x00000006a4800000, 0x00000006a4800000|100%| O|  |TAMS 0x00000006a4800000, 0x00000006a4400000| Updating 
| 658|0x00000006a4800000, 0x00000006a4c00000, 0x00000006a4c00000|100%| O|  |TAMS 0x00000006a4c00000, 0x00000006a4800000| Updating 
| 659|0x00000006a4c00000, 0x00000006a5000000, 0x00000006a5000000|100%| O|  |TAMS 0x00000006a5000000, 0x00000006a4c00000| Updating 
| 660|0x00000006a5000000, 0x00000006a5400000, 0x00000006a5400000|100%| O|  |TAMS 0x00000006a5400000, 0x00000006a5000000| Updating 
| 661|0x00000006a5400000, 0x00000006a5800000, 0x00000006a5800000|100%| O|  |TAMS 0x00000006a5800000, 0x00000006a5400000| Updating 
| 662|0x00000006a5800000, 0x00000006a5c00000, 0x00000006a5c00000|100%| O|  |TAMS 0x00000006a5c00000, 0x00000006a5800000| Updating 
| 663|0x00000006a5c00000, 0x00000006a6000000, 0x00000006a6000000|100%| O|  |TAMS 0x00000006a6000000, 0x00000006a5c00000| Updating 
| 664|0x00000006a6000000, 0x00000006a6400000, 0x00000006a6400000|100%| O|  |TAMS 0x00000006a6400000, 0x00000006a6000000| Updating 
| 665|0x00000006a6400000, 0x00000006a6800000, 0x00000006a6800000|100%| O|  |TAMS 0x00000006a6800000, 0x00000006a6400000| Updating 
| 666|0x00000006a6800000, 0x00000006a6c00000, 0x00000006a6c00000|100%| O|  |TAMS 0x00000006a6c00000, 0x00000006a6800000| Updating 
| 667|0x00000006a6c00000, 0x00000006a7000000, 0x00000006a7000000|100%| O|  |TAMS 0x00000006a7000000, 0x00000006a6c00000| Updating 
| 668|0x00000006a7000000, 0x00000006a7400000, 0x00000006a7400000|100%| O|  |TAMS 0x00000006a7400000, 0x00000006a7000000| Updating 
| 669|0x00000006a7400000, 0x00000006a7800000, 0x00000006a7800000|100%| O|  |TAMS 0x00000006a7800000, 0x00000006a7400000| Updating 
| 670|0x00000006a7800000, 0x00000006a7c00000, 0x00000006a7c00000|100%| O|  |TAMS 0x00000006a7c00000, 0x00000006a7800000| Updating 
| 671|0x00000006a7c00000, 0x00000006a8000000, 0x00000006a8000000|100%| O|  |TAMS 0x00000006a8000000, 0x00000006a7c00000| Updating 
| 672|0x00000006a8000000, 0x00000006a8400000, 0x00000006a8400000|100%| O|  |TAMS 0x00000006a8400000, 0x00000006a8000000| Updating 
| 673|0x00000006a8400000, 0x00000006a8800000, 0x00000006a8800000|100%| O|  |TAMS 0x00000006a8800000, 0x00000006a8400000| Updating 
| 674|0x00000006a8800000, 0x00000006a8c00000, 0x00000006a8c00000|100%| O|  |TAMS 0x00000006a8c00000, 0x00000006a8800000| Updating 
| 675|0x00000006a8c00000, 0x00000006a9000000, 0x00000006a9000000|100%| O|  |TAMS 0x00000006a9000000, 0x00000006a8c00000| Updating 
| 676|0x00000006a9000000, 0x00000006a9400000, 0x00000006a9400000|100%| O|  |TAMS 0x00000006a9400000, 0x00000006a9000000| Updating 
| 677|0x00000006a9400000, 0x00000006a9800000, 0x00000006a9800000|100%| O|  |TAMS 0x00000006a9800000, 0x00000006a9400000| Updating 
| 678|0x00000006a9800000, 0x00000006a9c00000, 0x00000006a9c00000|100%| O|  |TAMS 0x00000006a9c00000, 0x00000006a9800000| Updating 
| 679|0x00000006a9c00000, 0x00000006aa000000, 0x00000006aa000000|100%| O|  |TAMS 0x00000006aa000000, 0x00000006a9c00000| Updating 
| 680|0x00000006aa000000, 0x00000006aa400000, 0x00000006aa400000|100%| O|  |TAMS 0x00000006aa400000, 0x00000006aa000000| Updating 
| 681|0x00000006aa400000, 0x00000006aa800000, 0x00000006aa800000|100%| O|  |TAMS 0x00000006aa800000, 0x00000006aa400000| Updating 
| 682|0x00000006aa800000, 0x00000006aac00000, 0x00000006aac00000|100%| O|  |TAMS 0x00000006aac00000, 0x00000006aa800000| Updating 
| 683|0x00000006aac00000, 0x00000006ab000000, 0x00000006ab000000|100%| O|  |TAMS 0x00000006ab000000, 0x00000006aac00000| Updating 
| 684|0x00000006ab000000, 0x00000006ab400000, 0x00000006ab400000|100%| O|  |TAMS 0x00000006ab400000, 0x00000006ab000000| Updating 
| 685|0x00000006ab400000, 0x00000006ab800000, 0x00000006ab800000|100%| O|  |TAMS 0x00000006ab800000, 0x00000006ab400000| Updating 
| 686|0x00000006ab800000, 0x00000006abc00000, 0x00000006abc00000|100%| O|  |TAMS 0x00000006abc00000, 0x00000006ab800000| Updating 
| 687|0x00000006abc00000, 0x00000006ac000000, 0x00000006ac000000|100%| O|  |TAMS 0x00000006ac000000, 0x00000006abc00000| Updating 
| 688|0x00000006ac000000, 0x00000006ac000000, 0x00000006ac400000|  0%| F|  |TAMS 0x00000006ac000000, 0x00000006ac000000| Untracked 
| 689|0x00000006ac400000, 0x00000006ac400000, 0x00000006ac800000|  0%| F|  |TAMS 0x00000006ac400000, 0x00000006ac400000| Untracked 
| 690|0x00000006ac800000, 0x00000006acc00000, 0x00000006acc00000|100%| O|  |TAMS 0x00000006acc00000, 0x00000006ac800000| Updating 
| 691|0x00000006acc00000, 0x00000006ad000000, 0x00000006ad000000|100%| O|  |TAMS 0x00000006ad000000, 0x00000006acc00000| Updating 
| 692|0x00000006ad000000, 0x00000006ad400000, 0x00000006ad400000|100%| O|  |TAMS 0x00000006ad400000, 0x00000006ad000000| Updating 
| 693|0x00000006ad400000, 0x00000006ad800000, 0x00000006ad800000|100%| O|  |TAMS 0x00000006ad800000, 0x00000006ad400000| Updating 
| 694|0x00000006ad800000, 0x00000006adc00000, 0x00000006adc00000|100%| O|  |TAMS 0x00000006adc00000, 0x00000006ad800000| Updating 
| 695|0x00000006adc00000, 0x00000006ae000000, 0x00000006ae000000|100%| O|  |TAMS 0x00000006ae000000, 0x00000006adc00000| Updating 
| 696|0x00000006ae000000, 0x00000006ae400000, 0x00000006ae400000|100%| O|  |TAMS 0x00000006ae400000, 0x00000006ae000000| Updating 
| 697|0x00000006ae400000, 0x00000006ae800000, 0x00000006ae800000|100%| O|  |TAMS 0x00000006ae800000, 0x00000006ae400000| Updating 
| 698|0x00000006ae800000, 0x00000006aec00000, 0x00000006aec00000|100%| O|  |TAMS 0x00000006aec00000, 0x00000006ae800000| Updating 
| 699|0x00000006aec00000, 0x00000006af000000, 0x00000006af000000|100%| O|  |TAMS 0x00000006af000000, 0x00000006aec00000| Updating 
| 700|0x00000006af000000, 0x00000006af400000, 0x00000006af400000|100%| O|  |TAMS 0x00000006af400000, 0x00000006af000000| Updating 
| 701|0x00000006af400000, 0x00000006af800000, 0x00000006af800000|100%| O|  |TAMS 0x00000006af800000, 0x00000006af400000| Updating 
| 702|0x00000006af800000, 0x00000006afc00000, 0x00000006afc00000|100%| O|  |TAMS 0x00000006afc00000, 0x00000006af800000| Updating 
| 703|0x00000006afc00000, 0x00000006b0000000, 0x00000006b0000000|100%| O|  |TAMS 0x00000006b0000000, 0x00000006afc00000| Updating 
| 704|0x00000006b0000000, 0x00000006b0400000, 0x00000006b0400000|100%| O|  |TAMS 0x00000006b0400000, 0x00000006b0000000| Updating 
| 705|0x00000006b0400000, 0x00000006b0800000, 0x00000006b0800000|100%| O|  |TAMS 0x00000006b0800000, 0x00000006b0400000| Updating 
| 706|0x00000006b0800000, 0x00000006b0c00000, 0x00000006b0c00000|100%| O|  |TAMS 0x00000006b0c00000, 0x00000006b0800000| Updating 
| 707|0x00000006b0c00000, 0x00000006b1000000, 0x00000006b1000000|100%| O|  |TAMS 0x00000006b1000000, 0x00000006b0c00000| Updating 
| 708|0x00000006b1000000, 0x00000006b1400000, 0x00000006b1400000|100%| O|  |TAMS 0x00000006b1400000, 0x00000006b1000000| Updating 
| 709|0x00000006b1400000, 0x00000006b1800000, 0x00000006b1800000|100%| O|  |TAMS 0x00000006b1800000, 0x00000006b1400000| Updating 
| 710|0x00000006b1800000, 0x00000006b1c00000, 0x00000006b1c00000|100%| O|  |TAMS 0x00000006b1c00000, 0x00000006b1800000| Updating 
| 711|0x00000006b1c00000, 0x00000006b2000000, 0x00000006b2000000|100%| O|  |TAMS 0x00000006b2000000, 0x00000006b1c00000| Updating 
| 712|0x00000006b2000000, 0x00000006b2000000, 0x00000006b2400000|  0%| F|  |TAMS 0x00000006b2000000, 0x00000006b2000000| Untracked 
| 713|0x00000006b2400000, 0x00000006b2400000, 0x00000006b2800000|  0%| F|  |TAMS 0x00000006b2400000, 0x00000006b2400000| Untracked 
| 714|0x00000006b2800000, 0x00000006b2c00000, 0x00000006b2c00000|100%| O|  |TAMS 0x00000006b2c00000, 0x00000006b2800000| Updating 
| 715|0x00000006b2c00000, 0x00000006b3000000, 0x00000006b3000000|100%| O|  |TAMS 0x00000006b3000000, 0x00000006b2c00000| Updating 
| 716|0x00000006b3000000, 0x00000006b3400000, 0x00000006b3400000|100%| O|  |TAMS 0x00000006b3400000, 0x00000006b3000000| Updating 
| 717|0x00000006b3400000, 0x00000006b3800000, 0x00000006b3800000|100%| O|  |TAMS 0x00000006b3800000, 0x00000006b3400000| Updating 
| 718|0x00000006b3800000, 0x00000006b3c00000, 0x00000006b3c00000|100%| O|  |TAMS 0x00000006b3c00000, 0x00000006b3800000| Updating 
| 719|0x00000006b3c00000, 0x00000006b4000000, 0x00000006b4000000|100%| O|  |TAMS 0x00000006b4000000, 0x00000006b3c00000| Updating 
| 720|0x00000006b4000000, 0x00000006b4400000, 0x00000006b4400000|100%| O|  |TAMS 0x00000006b4400000, 0x00000006b4000000| Updating 
| 721|0x00000006b4400000, 0x00000006b4800000, 0x00000006b4800000|100%| O|  |TAMS 0x00000006b4800000, 0x00000006b4400000| Updating 
| 722|0x00000006b4800000, 0x00000006b4c00000, 0x00000006b4c00000|100%| O|  |TAMS 0x00000006b4c00000, 0x00000006b4800000| Updating 
| 723|0x00000006b4c00000, 0x00000006b5000000, 0x00000006b5000000|100%| O|  |TAMS 0x00000006b5000000, 0x00000006b4c00000| Updating 
| 724|0x00000006b5000000, 0x00000006b5400000, 0x00000006b5400000|100%| O|  |TAMS 0x00000006b5400000, 0x00000006b5000000| Updating 
| 725|0x00000006b5400000, 0x00000006b5800000, 0x00000006b5800000|100%| O|  |TAMS 0x00000006b5800000, 0x00000006b5400000| Updating 
| 726|0x00000006b5800000, 0x00000006b5c00000, 0x00000006b5c00000|100%| O|  |TAMS 0x00000006b5c00000, 0x00000006b5800000| Updating 
| 727|0x00000006b5c00000, 0x00000006b6000000, 0x00000006b6000000|100%| O|  |TAMS 0x00000006b6000000, 0x00000006b5c00000| Updating 
| 728|0x00000006b6000000, 0x00000006b6400000, 0x00000006b6400000|100%| O|  |TAMS 0x00000006b6400000, 0x00000006b6000000| Updating 
| 729|0x00000006b6400000, 0x00000006b6800000, 0x00000006b6800000|100%| O|  |TAMS 0x00000006b6800000, 0x00000006b6400000| Updating 
| 730|0x00000006b6800000, 0x00000006b6c00000, 0x00000006b6c00000|100%| O|  |TAMS 0x00000006b6c00000, 0x00000006b6800000| Updating 
| 731|0x00000006b6c00000, 0x00000006b7000000, 0x00000006b7000000|100%| O|  |TAMS 0x00000006b7000000, 0x00000006b6c00000| Updating 
| 732|0x00000006b7000000, 0x00000006b7000000, 0x00000006b7400000|  0%| F|  |TAMS 0x00000006b7000000, 0x00000006b7000000| Untracked 
| 733|0x00000006b7400000, 0x00000006b7400000, 0x00000006b7800000|  0%| F|  |TAMS 0x00000006b7400000, 0x00000006b7400000| Untracked 
| 734|0x00000006b7800000, 0x00000006b7800000, 0x00000006b7c00000|  0%| F|  |TAMS 0x00000006b7800000, 0x00000006b7800000| Untracked 
| 735|0x00000006b7c00000, 0x00000006b7c00000, 0x00000006b8000000|  0%| F|  |TAMS 0x00000006b7c00000, 0x00000006b7c00000| Untracked 
| 736|0x00000006b8000000, 0x00000006b8000000, 0x00000006b8400000|  0%| F|  |TAMS 0x00000006b8000000, 0x00000006b8000000| Untracked 
| 737|0x00000006b8400000, 0x00000006b8800000, 0x00000006b8800000|100%| O|  |TAMS 0x00000006b8800000, 0x00000006b8400000| Updating 
| 738|0x00000006b8800000, 0x00000006b8c00000, 0x00000006b8c00000|100%| O|  |TAMS 0x00000006b8c00000, 0x00000006b8800000| Updating 
| 739|0x00000006b8c00000, 0x00000006b9000000, 0x00000006b9000000|100%| O|  |TAMS 0x00000006b9000000, 0x00000006b8c00000| Updating 
| 740|0x00000006b9000000, 0x00000006b9400000, 0x00000006b9400000|100%| O|  |TAMS 0x00000006b9400000, 0x00000006b9000000| Updating 
| 741|0x00000006b9400000, 0x00000006b9800000, 0x00000006b9800000|100%| O|  |TAMS 0x00000006b9800000, 0x00000006b9400000| Updating 
| 742|0x00000006b9800000, 0x00000006b9c00000, 0x00000006b9c00000|100%| O|  |TAMS 0x00000006b9c00000, 0x00000006b9800000| Updating 
| 743|0x00000006b9c00000, 0x00000006ba000000, 0x00000006ba000000|100%| O|  |TAMS 0x00000006ba000000, 0x00000006b9c00000| Updating 
| 744|0x00000006ba000000, 0x00000006ba400000, 0x00000006ba400000|100%| O|  |TAMS 0x00000006ba400000, 0x00000006ba000000| Updating 
| 745|0x00000006ba400000, 0x00000006ba800000, 0x00000006ba800000|100%| O|  |TAMS 0x00000006ba800000, 0x00000006ba400000| Updating 
| 746|0x00000006ba800000, 0x00000006bac00000, 0x00000006bac00000|100%| O|  |TAMS 0x00000006bac00000, 0x00000006ba800000| Updating 
| 747|0x00000006bac00000, 0x00000006bb000000, 0x00000006bb000000|100%| O|  |TAMS 0x00000006bb000000, 0x00000006bac00000| Updating 
| 748|0x00000006bb000000, 0x00000006bb400000, 0x00000006bb400000|100%| O|  |TAMS 0x00000006bb400000, 0x00000006bb000000| Updating 
| 749|0x00000006bb400000, 0x00000006bb800000, 0x00000006bb800000|100%| O|  |TAMS 0x00000006bb800000, 0x00000006bb400000| Updating 
| 750|0x00000006bb800000, 0x00000006bbc00000, 0x00000006bbc00000|100%| O|  |TAMS 0x00000006bbc00000, 0x00000006bb800000| Updating 
| 751|0x00000006bbc00000, 0x00000006bc000000, 0x00000006bc000000|100%| O|  |TAMS 0x00000006bc000000, 0x00000006bbc00000| Updating 
| 752|0x00000006bc000000, 0x00000006bc400000, 0x00000006bc400000|100%| O|  |TAMS 0x00000006bc400000, 0x00000006bc000000| Updating 
| 753|0x00000006bc400000, 0x00000006bc800000, 0x00000006bc800000|100%| O|  |TAMS 0x00000006bc800000, 0x00000006bc400000| Updating 
| 754|0x00000006bc800000, 0x00000006bcc00000, 0x00000006bcc00000|100%| O|  |TAMS 0x00000006bcc00000, 0x00000006bc800000| Updating 
| 755|0x00000006bcc00000, 0x00000006bd000000, 0x00000006bd000000|100%| O|  |TAMS 0x00000006bd000000, 0x00000006bcc00000| Updating 
| 756|0x00000006bd000000, 0x00000006bd400000, 0x00000006bd400000|100%| O|  |TAMS 0x00000006bd400000, 0x00000006bd000000| Updating 
| 757|0x00000006bd400000, 0x00000006bd800000, 0x00000006bd800000|100%| O|  |TAMS 0x00000006bd800000, 0x00000006bd400000| Updating 
| 758|0x00000006bd800000, 0x00000006bdc00000, 0x00000006bdc00000|100%| O|  |TAMS 0x00000006bdc00000, 0x00000006bd800000| Updating 
| 759|0x00000006bdc00000, 0x00000006be000000, 0x00000006be000000|100%| O|  |TAMS 0x00000006be000000, 0x00000006bdc00000| Updating 
| 760|0x00000006be000000, 0x00000006be400000, 0x00000006be400000|100%| O|  |TAMS 0x00000006be400000, 0x00000006be000000| Updating 
| 761|0x00000006be400000, 0x00000006be800000, 0x00000006be800000|100%| O|  |TAMS 0x00000006be800000, 0x00000006be400000| Updating 
| 762|0x00000006be800000, 0x00000006bec00000, 0x00000006bec00000|100%| O|  |TAMS 0x00000006bec00000, 0x00000006be800000| Updating 
| 763|0x00000006bec00000, 0x00000006bec00000, 0x00000006bf000000|  0%| F|  |TAMS 0x00000006bec00000, 0x00000006bec00000| Untracked 
| 764|0x00000006bf000000, 0x00000006bf400000, 0x00000006bf400000|100%| O|  |TAMS 0x00000006bf400000, 0x00000006bf000000| Updating 
| 765|0x00000006bf400000, 0x00000006bf800000, 0x00000006bf800000|100%| O|  |TAMS 0x00000006bf800000, 0x00000006bf400000| Updating 
| 766|0x00000006bf800000, 0x00000006bfc00000, 0x00000006bfc00000|100%| O|  |TAMS 0x00000006bfc00000, 0x00000006bf800000| Updating 
| 767|0x00000006bfc00000, 0x00000006c0000000, 0x00000006c0000000|100%| O|  |TAMS 0x00000006c0000000, 0x00000006bfc00000| Updating 
| 768|0x00000006c0000000, 0x00000006c0400000, 0x00000006c0400000|100%| O|  |TAMS 0x00000006c0400000, 0x00000006c0000000| Updating 
| 769|0x00000006c0400000, 0x00000006c0800000, 0x00000006c0800000|100%| O|  |TAMS 0x00000006c0800000, 0x00000006c0400000| Updating 
| 770|0x00000006c0800000, 0x00000006c0c00000, 0x00000006c0c00000|100%| O|  |TAMS 0x00000006c0c00000, 0x00000006c0800000| Updating 
| 771|0x00000006c0c00000, 0x00000006c1000000, 0x00000006c1000000|100%| O|  |TAMS 0x00000006c1000000, 0x00000006c0c00000| Updating 
| 772|0x00000006c1000000, 0x00000006c1400000, 0x00000006c1400000|100%| O|  |TAMS 0x00000006c1400000, 0x00000006c1000000| Updating 
| 773|0x00000006c1400000, 0x00000006c1800000, 0x00000006c1800000|100%| O|  |TAMS 0x00000006c1800000, 0x00000006c1400000| Updating 
| 774|0x00000006c1800000, 0x00000006c1c00000, 0x00000006c1c00000|100%| O|  |TAMS 0x00000006c1c00000, 0x00000006c1800000| Updating 
| 775|0x00000006c1c00000, 0x00000006c2000000, 0x00000006c2000000|100%| O|  |TAMS 0x00000006c2000000, 0x00000006c1c00000| Updating 
| 776|0x00000006c2000000, 0x00000006c2400000, 0x00000006c2400000|100%| O|  |TAMS 0x00000006c2400000, 0x00000006c2000000| Updating 
| 777|0x00000006c2400000, 0x00000006c2800000, 0x00000006c2800000|100%| O|  |TAMS 0x00000006c2800000, 0x00000006c2400000| Updating 
| 778|0x00000006c2800000, 0x00000006c2c00000, 0x00000006c2c00000|100%| O|  |TAMS 0x00000006c2c00000, 0x00000006c2800000| Updating 
| 779|0x00000006c2c00000, 0x00000006c3000000, 0x00000006c3000000|100%| O|  |TAMS 0x00000006c3000000, 0x00000006c2c00000| Updating 
| 780|0x00000006c3000000, 0x00000006c3400000, 0x00000006c3400000|100%| O|  |TAMS 0x00000006c3400000, 0x00000006c3000000| Updating 
| 781|0x00000006c3400000, 0x00000006c3800000, 0x00000006c3800000|100%| O|  |TAMS 0x00000006c3800000, 0x00000006c3400000| Updating 
| 782|0x00000006c3800000, 0x00000006c3c00000, 0x00000006c3c00000|100%| O|  |TAMS 0x00000006c3c00000, 0x00000006c3800000| Updating 
| 783|0x00000006c3c00000, 0x00000006c4000000, 0x00000006c4000000|100%| O|  |TAMS 0x00000006c4000000, 0x00000006c3c00000| Updating 
| 784|0x00000006c4000000, 0x00000006c4400000, 0x00000006c4400000|100%| O|  |TAMS 0x00000006c4400000, 0x00000006c4000000| Updating 
| 785|0x00000006c4400000, 0x00000006c4800000, 0x00000006c4800000|100%| O|  |TAMS 0x00000006c4800000, 0x00000006c4400000| Updating 
| 786|0x00000006c4800000, 0x00000006c4c00000, 0x00000006c4c00000|100%| O|  |TAMS 0x00000006c4c00000, 0x00000006c4800000| Updating 
| 787|0x00000006c4c00000, 0x00000006c5000000, 0x00000006c5000000|100%| O|  |TAMS 0x00000006c5000000, 0x00000006c4c00000| Updating 
| 788|0x00000006c5000000, 0x00000006c5400000, 0x00000006c5400000|100%| O|  |TAMS 0x00000006c5400000, 0x00000006c5000000| Updating 
| 789|0x00000006c5400000, 0x00000006c5800000, 0x00000006c5800000|100%| O|  |TAMS 0x00000006c5800000, 0x00000006c5400000| Updating 
| 790|0x00000006c5800000, 0x00000006c5c00000, 0x00000006c5c00000|100%| O|  |TAMS 0x00000006c5c00000, 0x00000006c5800000| Updating 
| 791|0x00000006c5c00000, 0x00000006c6000000, 0x00000006c6000000|100%| O|  |TAMS 0x00000006c6000000, 0x00000006c5c00000| Updating 
| 792|0x00000006c6000000, 0x00000006c6400000, 0x00000006c6400000|100%| O|  |TAMS 0x00000006c6400000, 0x00000006c6000000| Updating 
| 793|0x00000006c6400000, 0x00000006c6800000, 0x00000006c6800000|100%| O|  |TAMS 0x00000006c6800000, 0x00000006c6400000| Updating 
| 794|0x00000006c6800000, 0x00000006c6c00000, 0x00000006c6c00000|100%| O|  |TAMS 0x00000006c6c00000, 0x00000006c6800000| Updating 
| 795|0x00000006c6c00000, 0x00000006c7000000, 0x00000006c7000000|100%| O|  |TAMS 0x00000006c7000000, 0x00000006c6c00000| Updating 
| 796|0x00000006c7000000, 0x00000006c7400000, 0x00000006c7400000|100%| O|  |TAMS 0x00000006c7400000, 0x00000006c7000000| Updating 
| 797|0x00000006c7400000, 0x00000006c7800000, 0x00000006c7800000|100%| O|  |TAMS 0x00000006c7800000, 0x00000006c7400000| Updating 
| 798|0x00000006c7800000, 0x00000006c7c00000, 0x00000006c7c00000|100%| O|  |TAMS 0x00000006c7c00000, 0x00000006c7800000| Updating 
| 799|0x00000006c7c00000, 0x00000006c8000000, 0x00000006c8000000|100%| O|  |TAMS 0x00000006c8000000, 0x00000006c7c00000| Updating 
| 800|0x00000006c8000000, 0x00000006c8400000, 0x00000006c8400000|100%| O|  |TAMS 0x00000006c8400000, 0x00000006c8000000| Updating 
| 801|0x00000006c8400000, 0x00000006c8800000, 0x00000006c8800000|100%| O|  |TAMS 0x00000006c8800000, 0x00000006c8400000| Updating 
| 802|0x00000006c8800000, 0x00000006c8c00000, 0x00000006c8c00000|100%| O|  |TAMS 0x00000006c8c00000, 0x00000006c8800000| Updating 
| 803|0x00000006c8c00000, 0x00000006c9000000, 0x00000006c9000000|100%| O|  |TAMS 0x00000006c9000000, 0x00000006c8c00000| Updating 
| 804|0x00000006c9000000, 0x00000006c9400000, 0x00000006c9400000|100%| O|  |TAMS 0x00000006c9400000, 0x00000006c9000000| Updating 
| 805|0x00000006c9400000, 0x00000006c9400000, 0x00000006c9800000|  0%| F|  |TAMS 0x00000006c9400000, 0x00000006c9400000| Untracked 
| 806|0x00000006c9800000, 0x00000006c9800000, 0x00000006c9c00000|  0%| F|  |TAMS 0x00000006c9800000, 0x00000006c9800000| Untracked 
| 807|0x00000006c9c00000, 0x00000006ca000000, 0x00000006ca000000|100%| O|  |TAMS 0x00000006ca000000, 0x00000006c9c00000| Updating 
| 808|0x00000006ca000000, 0x00000006ca400000, 0x00000006ca400000|100%| O|  |TAMS 0x00000006ca400000, 0x00000006ca000000| Updating 
| 809|0x00000006ca400000, 0x00000006ca800000, 0x00000006ca800000|100%| O|  |TAMS 0x00000006ca800000, 0x00000006ca400000| Updating 
| 810|0x00000006ca800000, 0x00000006cac00000, 0x00000006cac00000|100%| O|  |TAMS 0x00000006cac00000, 0x00000006ca800000| Updating 
| 811|0x00000006cac00000, 0x00000006cb000000, 0x00000006cb000000|100%| O|  |TAMS 0x00000006cb000000, 0x00000006cac00000| Updating 
| 812|0x00000006cb000000, 0x00000006cb400000, 0x00000006cb400000|100%| O|  |TAMS 0x00000006cb400000, 0x00000006cb000000| Updating 
| 813|0x00000006cb400000, 0x00000006cb800000, 0x00000006cb800000|100%| O|  |TAMS 0x00000006cb800000, 0x00000006cb400000| Updating 
| 814|0x00000006cb800000, 0x00000006cbc00000, 0x00000006cbc00000|100%| O|  |TAMS 0x00000006cbc00000, 0x00000006cb800000| Updating 
| 815|0x00000006cbc00000, 0x00000006cc000000, 0x00000006cc000000|100%| O|  |TAMS 0x00000006cc000000, 0x00000006cbc00000| Updating 
| 816|0x00000006cc000000, 0x00000006cc400000, 0x00000006cc400000|100%| O|  |TAMS 0x00000006cc400000, 0x00000006cc000000| Updating 
| 817|0x00000006cc400000, 0x00000006cc800000, 0x00000006cc800000|100%| O|  |TAMS 0x00000006cc800000, 0x00000006cc400000| Updating 
| 818|0x00000006cc800000, 0x00000006ccc00000, 0x00000006ccc00000|100%| O|  |TAMS 0x00000006ccc00000, 0x00000006cc800000| Updating 
| 819|0x00000006ccc00000, 0x00000006cd000000, 0x00000006cd000000|100%| O|  |TAMS 0x00000006cd000000, 0x00000006ccc00000| Updating 
| 820|0x00000006cd000000, 0x00000006cd400000, 0x00000006cd400000|100%| O|  |TAMS 0x00000006cd400000, 0x00000006cd000000| Updating 
| 821|0x00000006cd400000, 0x00000006cd800000, 0x00000006cd800000|100%| O|  |TAMS 0x00000006cd800000, 0x00000006cd400000| Updating 
| 822|0x00000006cd800000, 0x00000006cd800000, 0x00000006cdc00000|  0%| F|  |TAMS 0x00000006cd800000, 0x00000006cd800000| Untracked 
| 823|0x00000006cdc00000, 0x00000006ce000000, 0x00000006ce000000|100%| O|  |TAMS 0x00000006ce000000, 0x00000006cdc00000| Updating 
| 824|0x00000006ce000000, 0x00000006ce400000, 0x00000006ce400000|100%| O|  |TAMS 0x00000006ce400000, 0x00000006ce000000| Updating 
| 825|0x00000006ce400000, 0x00000006ce800000, 0x00000006ce800000|100%| O|  |TAMS 0x00000006ce800000, 0x00000006ce400000| Updating 
| 826|0x00000006ce800000, 0x00000006cec00000, 0x00000006cec00000|100%| O|  |TAMS 0x00000006cec00000, 0x00000006ce800000| Updating 
| 827|0x00000006cec00000, 0x00000006cf000000, 0x00000006cf000000|100%| O|  |TAMS 0x00000006cf000000, 0x00000006cec00000| Updating 
| 828|0x00000006cf000000, 0x00000006cf400000, 0x00000006cf400000|100%| O|  |TAMS 0x00000006cf400000, 0x00000006cf000000| Updating 
| 829|0x00000006cf400000, 0x00000006cf800000, 0x00000006cf800000|100%| O|  |TAMS 0x00000006cf800000, 0x00000006cf400000| Updating 
| 830|0x00000006cf800000, 0x00000006cfc00000, 0x00000006cfc00000|100%| O|  |TAMS 0x00000006cfc00000, 0x00000006cf800000| Updating 
| 831|0x00000006cfc00000, 0x00000006d0000000, 0x00000006d0000000|100%| O|  |TAMS 0x00000006d0000000, 0x00000006cfc00000| Updating 
| 832|0x00000006d0000000, 0x00000006d0400000, 0x00000006d0400000|100%| O|  |TAMS 0x00000006d0400000, 0x00000006d0000000| Updating 
| 833|0x00000006d0400000, 0x00000006d0800000, 0x00000006d0800000|100%| O|  |TAMS 0x00000006d0800000, 0x00000006d0400000| Updating 
| 834|0x00000006d0800000, 0x00000006d0c00000, 0x00000006d0c00000|100%| O|  |TAMS 0x00000006d0c00000, 0x00000006d0800000| Updating 
| 835|0x00000006d0c00000, 0x00000006d1000000, 0x00000006d1000000|100%| O|  |TAMS 0x00000006d1000000, 0x00000006d0c00000| Updating 
| 836|0x00000006d1000000, 0x00000006d1400000, 0x00000006d1400000|100%| O|  |TAMS 0x00000006d1400000, 0x00000006d1000000| Updating 
| 837|0x00000006d1400000, 0x00000006d1400000, 0x00000006d1800000|  0%| F|  |TAMS 0x00000006d1400000, 0x00000006d1400000| Untracked 
| 838|0x00000006d1800000, 0x00000006d1c00000, 0x00000006d1c00000|100%| O|  |TAMS 0x00000006d1c00000, 0x00000006d1800000| Updating 
| 839|0x00000006d1c00000, 0x00000006d2000000, 0x00000006d2000000|100%| O|  |TAMS 0x00000006d2000000, 0x00000006d1c00000| Updating 
| 840|0x00000006d2000000, 0x00000006d2400000, 0x00000006d2400000|100%| O|  |TAMS 0x00000006d2400000, 0x00000006d2000000| Updating 
| 841|0x00000006d2400000, 0x00000006d2800000, 0x00000006d2800000|100%| O|  |TAMS 0x00000006d2800000, 0x00000006d2400000| Updating 
| 842|0x00000006d2800000, 0x00000006d2c00000, 0x00000006d2c00000|100%| O|  |TAMS 0x00000006d2c00000, 0x00000006d2800000| Updating 
| 843|0x00000006d2c00000, 0x00000006d2c00000, 0x00000006d3000000|  0%| F|  |TAMS 0x00000006d2c00000, 0x00000006d2c00000| Untracked 
| 844|0x00000006d3000000, 0x00000006d3400000, 0x00000006d3400000|100%| O|  |TAMS 0x00000006d3400000, 0x00000006d3000000| Updating 
| 845|0x00000006d3400000, 0x00000006d3800000, 0x00000006d3800000|100%| O|  |TAMS 0x00000006d3800000, 0x00000006d3400000| Updating 
| 846|0x00000006d3800000, 0x00000006d3c00000, 0x00000006d3c00000|100%| O|  |TAMS 0x00000006d3c00000, 0x00000006d3800000| Updating 
| 847|0x00000006d3c00000, 0x00000006d3c00000, 0x00000006d4000000|  0%| F|  |TAMS 0x00000006d3c00000, 0x00000006d3c00000| Untracked 
| 848|0x00000006d4000000, 0x00000006d4000000, 0x00000006d4400000|  0%| F|  |TAMS 0x00000006d4000000, 0x00000006d4000000| Untracked 
| 849|0x00000006d4400000, 0x00000006d4400000, 0x00000006d4800000|  0%| F|  |TAMS 0x00000006d4400000, 0x00000006d4400000| Untracked 
| 850|0x00000006d4800000, 0x00000006d4800000, 0x00000006d4c00000|  0%| F|  |TAMS 0x00000006d4800000, 0x00000006d4800000| Untracked 
| 851|0x00000006d4c00000, 0x00000006d4c00000, 0x00000006d5000000|  0%| F|  |TAMS 0x00000006d4c00000, 0x00000006d4c00000| Untracked 
| 852|0x00000006d5000000, 0x00000006d5000000, 0x00000006d5400000|  0%| F|  |TAMS 0x00000006d5000000, 0x00000006d5000000| Untracked 
| 853|0x00000006d5400000, 0x00000006d5400000, 0x00000006d5800000|  0%| F|  |TAMS 0x00000006d5400000, 0x00000006d5400000| Untracked 
| 854|0x00000006d5800000, 0x00000006d5800000, 0x00000006d5c00000|  0%| F|  |TAMS 0x00000006d5800000, 0x00000006d5800000| Untracked 
| 855|0x00000006d5c00000, 0x00000006d5c00000, 0x00000006d6000000|  0%| F|  |TAMS 0x00000006d5c00000, 0x00000006d5c00000| Untracked 
| 856|0x00000006d6000000, 0x00000006d6000000, 0x00000006d6400000|  0%| F|  |TAMS 0x00000006d6000000, 0x00000006d6000000| Untracked 
| 857|0x00000006d6400000, 0x00000006d6400000, 0x00000006d6800000|  0%| F|  |TAMS 0x00000006d6400000, 0x00000006d6400000| Untracked 
| 858|0x00000006d6800000, 0x00000006d6c00000, 0x00000006d6c00000|100%| O|  |TAMS 0x00000006d6c00000, 0x00000006d6800000| Updating 
| 859|0x00000006d6c00000, 0x00000006d6c00000, 0x00000006d7000000|  0%| F|  |TAMS 0x00000006d6c00000, 0x00000006d6c00000| Untracked 
| 860|0x00000006d7000000, 0x00000006d7000000, 0x00000006d7400000|  0%| F|  |TAMS 0x00000006d7000000, 0x00000006d7000000| Untracked 
| 861|0x00000006d7400000, 0x00000006d7800000, 0x00000006d7800000|100%|HS|  |TAMS 0x00000006d7800000, 0x00000006d7400000| Complete 
| 862|0x00000006d7800000, 0x00000006d7800000, 0x00000006d7c00000|  0%| F|  |TAMS 0x00000006d7800000, 0x00000006d7800000| Untracked 
| 863|0x00000006d7c00000, 0x00000006d8000000, 0x00000006d8000000|100%|HS|  |TAMS 0x00000006d8000000, 0x00000006d7c00000| Complete 
| 864|0x00000006d8000000, 0x00000006d8400000, 0x00000006d8400000|100%| O|  |TAMS 0x00000006d8400000, 0x00000006d8000000| Updating 
| 865|0x00000006d8400000, 0x00000006d8800000, 0x00000006d8800000|100%| O|  |TAMS 0x00000006d8800000, 0x00000006d8400000| Updating 
| 866|0x00000006d8800000, 0x00000006d8c00000, 0x00000006d8c00000|100%| O|  |TAMS 0x00000006d8c00000, 0x00000006d8800000| Updating 
| 867|0x00000006d8c00000, 0x00000006d9000000, 0x00000006d9000000|100%| O|  |TAMS 0x00000006d9000000, 0x00000006d8c00000| Updating 
| 868|0x00000006d9000000, 0x00000006d9400000, 0x00000006d9400000|100%| O|  |TAMS 0x00000006d9400000, 0x00000006d9000000| Updating 
| 869|0x00000006d9400000, 0x00000006d9800000, 0x00000006d9800000|100%| O|  |TAMS 0x00000006d9800000, 0x00000006d9400000| Updating 
| 870|0x00000006d9800000, 0x00000006d9c00000, 0x00000006d9c00000|100%| O|  |TAMS 0x00000006d9c00000, 0x00000006d9800000| Updating 
| 871|0x00000006d9c00000, 0x00000006da000000, 0x00000006da000000|100%| O|  |TAMS 0x00000006da000000, 0x00000006d9c00000| Updating 
| 872|0x00000006da000000, 0x00000006da400000, 0x00000006da400000|100%| O|  |TAMS 0x00000006da400000, 0x00000006da000000| Updating 
| 873|0x00000006da400000, 0x00000006da800000, 0x00000006da800000|100%| O|  |TAMS 0x00000006da800000, 0x00000006da400000| Updating 
| 874|0x00000006da800000, 0x00000006dac00000, 0x00000006dac00000|100%| O|  |TAMS 0x00000006dac00000, 0x00000006da800000| Updating 
| 875|0x00000006dac00000, 0x00000006db000000, 0x00000006db000000|100%| O|  |TAMS 0x00000006db000000, 0x00000006dac00000| Updating 
| 876|0x00000006db000000, 0x00000006db400000, 0x00000006db400000|100%| O|  |TAMS 0x00000006db400000, 0x00000006db000000| Updating 
| 877|0x00000006db400000, 0x00000006db800000, 0x00000006db800000|100%| O|  |TAMS 0x00000006db800000, 0x00000006db400000| Updating 
| 878|0x00000006db800000, 0x00000006dbc00000, 0x00000006dbc00000|100%| O|  |TAMS 0x00000006dbc00000, 0x00000006db800000| Updating 
| 879|0x00000006dbc00000, 0x00000006dc000000, 0x00000006dc000000|100%| O|  |TAMS 0x00000006dc000000, 0x00000006dbc00000| Updating 
| 880|0x00000006dc000000, 0x00000006dc400000, 0x00000006dc400000|100%| O|  |TAMS 0x00000006dc400000, 0x00000006dc000000| Updating 
| 881|0x00000006dc400000, 0x00000006dc800000, 0x00000006dc800000|100%| O|  |TAMS 0x00000006dc800000, 0x00000006dc400000| Updating 
| 882|0x00000006dc800000, 0x00000006dcc00000, 0x00000006dcc00000|100%| O|  |TAMS 0x00000006dcc00000, 0x00000006dc800000| Updating 
| 883|0x00000006dcc00000, 0x00000006dd000000, 0x00000006dd000000|100%| O|  |TAMS 0x00000006dd000000, 0x00000006dcc00000| Updating 
| 884|0x00000006dd000000, 0x00000006dd400000, 0x00000006dd400000|100%| O|  |TAMS 0x00000006dd400000, 0x00000006dd000000| Updating 
| 885|0x00000006dd400000, 0x00000006dd800000, 0x00000006dd800000|100%| O|  |TAMS 0x00000006dd800000, 0x00000006dd400000| Updating 
| 886|0x00000006dd800000, 0x00000006ddc00000, 0x00000006ddc00000|100%| O|  |TAMS 0x00000006ddc00000, 0x00000006dd800000| Untracked 
| 887|0x00000006ddc00000, 0x00000006de000000, 0x00000006de000000|100%| O|  |TAMS 0x00000006de000000, 0x00000006ddc00000| Updating 
| 888|0x00000006de000000, 0x00000006de400000, 0x00000006de400000|100%| O|  |TAMS 0x00000006de400000, 0x00000006de000000| Updating 
| 889|0x00000006de400000, 0x00000006de800000, 0x00000006de800000|100%| O|  |TAMS 0x00000006de800000, 0x00000006de400000| Updating 
| 890|0x00000006de800000, 0x00000006dec00000, 0x00000006dec00000|100%| O|  |TAMS 0x00000006dec00000, 0x00000006de800000| Updating 
| 891|0x00000006dec00000, 0x00000006df000000, 0x00000006df000000|100%| O|  |TAMS 0x00000006df000000, 0x00000006dec00000| Untracked 
| 892|0x00000006df000000, 0x00000006df400000, 0x00000006df400000|100%| O|  |TAMS 0x00000006df400000, 0x00000006df000000| Untracked 
| 893|0x00000006df400000, 0x00000006df800000, 0x00000006df800000|100%| O|  |TAMS 0x00000006df800000, 0x00000006df400000| Untracked 
| 894|0x00000006df800000, 0x00000006dfc00000, 0x00000006dfc00000|100%| O|  |TAMS 0x00000006dfc00000, 0x00000006df800000| Updating 
| 895|0x00000006dfc00000, 0x00000006e0000000, 0x00000006e0000000|100%| O|  |TAMS 0x00000006e0000000, 0x00000006dfc00000| Untracked 
| 896|0x00000006e0000000, 0x00000006e0400000, 0x00000006e0400000|100%| O|  |TAMS 0x00000006e0400000, 0x00000006e0000000| Untracked 
| 897|0x00000006e0400000, 0x00000006e0800000, 0x00000006e0800000|100%| O|  |TAMS 0x00000006e0800000, 0x00000006e0400000| Updating 
| 898|0x00000006e0800000, 0x00000006e0c00000, 0x00000006e0c00000|100%| O|  |TAMS 0x00000006e0c00000, 0x00000006e0800000| Untracked 
| 899|0x00000006e0c00000, 0x00000006e1000000, 0x00000006e1000000|100%| O|  |TAMS 0x00000006e1000000, 0x00000006e0c00000| Updating 
| 900|0x00000006e1000000, 0x00000006e1400000, 0x00000006e1400000|100%| O|  |TAMS 0x00000006e1400000, 0x00000006e1000000| Untracked 
| 901|0x00000006e1400000, 0x00000006e1800000, 0x00000006e1800000|100%| O|  |TAMS 0x00000006e1800000, 0x00000006e1400000| Untracked 
| 902|0x00000006e1800000, 0x00000006e1c00000, 0x00000006e1c00000|100%| O|  |TAMS 0x00000006e1c00000, 0x00000006e1800000| Untracked 
| 903|0x00000006e1c00000, 0x00000006e2000000, 0x00000006e2000000|100%| O|  |TAMS 0x00000006e2000000, 0x00000006e1c00000| Untracked 
| 904|0x00000006e2000000, 0x00000006e2400000, 0x00000006e2400000|100%| O|  |TAMS 0x00000006e2400000, 0x00000006e2000000| Untracked 
| 905|0x00000006e2400000, 0x00000006e2800000, 0x00000006e2800000|100%| O|  |TAMS 0x00000006e2800000, 0x00000006e2400000| Untracked 
| 906|0x00000006e2800000, 0x00000006e2c00000, 0x00000006e2c00000|100%| O|  |TAMS 0x00000006e2c00000, 0x00000006e2800000| Untracked 
| 907|0x00000006e2c00000, 0x00000006e3000000, 0x00000006e3000000|100%| O|  |TAMS 0x00000006e3000000, 0x00000006e2c00000| Untracked 
| 908|0x00000006e3000000, 0x00000006e3400000, 0x00000006e3400000|100%| O|  |TAMS 0x00000006e3400000, 0x00000006e3000000| Untracked 
| 909|0x00000006e3400000, 0x00000006e3800000, 0x00000006e3800000|100%| O|  |TAMS 0x00000006e3800000, 0x00000006e3400000| Updating 
| 910|0x00000006e3800000, 0x00000006e3c00000, 0x00000006e3c00000|100%| O|  |TAMS 0x00000006e3c00000, 0x00000006e3800000| Updating 
| 911|0x00000006e3c00000, 0x00000006e4000000, 0x00000006e4000000|100%| O|  |TAMS 0x00000006e4000000, 0x00000006e3c00000| Updating 
| 912|0x00000006e4000000, 0x00000006e4400000, 0x00000006e4400000|100%| O|  |TAMS 0x00000006e4400000, 0x00000006e4000000| Updating 
| 913|0x00000006e4400000, 0x00000006e4800000, 0x00000006e4800000|100%| O|  |TAMS 0x00000006e4800000, 0x00000006e4400000| Updating 
| 914|0x00000006e4800000, 0x00000006e4c00000, 0x00000006e4c00000|100%| O|  |TAMS 0x00000006e4c00000, 0x00000006e4800000| Updating 
| 915|0x00000006e4c00000, 0x00000006e5000000, 0x00000006e5000000|100%| O|  |TAMS 0x00000006e5000000, 0x00000006e4c00000| Untracked 
| 916|0x00000006e5000000, 0x00000006e5400000, 0x00000006e5400000|100%| O|  |TAMS 0x00000006e5400000, 0x00000006e5000000| Untracked 
| 917|0x00000006e5400000, 0x00000006e5800000, 0x00000006e5800000|100%| O|  |TAMS 0x00000006e5800000, 0x00000006e5400000| Untracked 
| 918|0x00000006e5800000, 0x00000006e5c00000, 0x00000006e5c00000|100%| O|  |TAMS 0x00000006e5c00000, 0x00000006e5800000| Untracked 
| 919|0x00000006e5c00000, 0x00000006e6000000, 0x00000006e6000000|100%| O|  |TAMS 0x00000006e6000000, 0x00000006e5c00000| Untracked 
| 920|0x00000006e6000000, 0x00000006e6400000, 0x00000006e6400000|100%| O|  |TAMS 0x00000006e6400000, 0x00000006e6000000| Untracked 
| 921|0x00000006e6400000, 0x00000006e6800000, 0x00000006e6800000|100%| O|  |TAMS 0x00000006e6800000, 0x00000006e6400000| Untracked 
| 922|0x00000006e6800000, 0x00000006e6c00000, 0x00000006e6c00000|100%| O|  |TAMS 0x00000006e6c00000, 0x00000006e6800000| Untracked 
| 923|0x00000006e6c00000, 0x00000006e7000000, 0x00000006e7000000|100%| O|  |TAMS 0x00000006e7000000, 0x00000006e6c00000| Untracked 
| 924|0x00000006e7000000, 0x00000006e7400000, 0x00000006e7400000|100%| O|  |TAMS 0x00000006e7400000, 0x00000006e7000000| Updating 
| 925|0x00000006e7400000, 0x00000006e7800000, 0x00000006e7800000|100%| O|  |TAMS 0x00000006e7800000, 0x00000006e7400000| Updating 
| 926|0x00000006e7800000, 0x00000006e7c00000, 0x00000006e7c00000|100%| O|  |TAMS 0x00000006e7c00000, 0x00000006e7800000| Updating 
| 927|0x00000006e7c00000, 0x00000006e8000000, 0x00000006e8000000|100%| O|  |TAMS 0x00000006e8000000, 0x00000006e7c00000| Updating 
| 928|0x00000006e8000000, 0x00000006e8400000, 0x00000006e8400000|100%| O|  |TAMS 0x00000006e8400000, 0x00000006e8000000| Updating 
| 929|0x00000006e8400000, 0x00000006e8400000, 0x00000006e8800000|  0%| F|  |TAMS 0x00000006e8400000, 0x00000006e8400000| Untracked 
| 930|0x00000006e8800000, 0x00000006e8800000, 0x00000006e8c00000|  0%| F|  |TAMS 0x00000006e8800000, 0x00000006e8800000| Untracked 
| 931|0x00000006e8c00000, 0x00000006e8c00000, 0x00000006e9000000|  0%| F|  |TAMS 0x00000006e8c00000, 0x00000006e8c00000| Untracked 
| 932|0x00000006e9000000, 0x00000006e9000000, 0x00000006e9400000|  0%| F|  |TAMS 0x00000006e9000000, 0x00000006e9000000| Untracked 
| 933|0x00000006e9400000, 0x00000006e9400000, 0x00000006e9800000|  0%| F|  |TAMS 0x00000006e9400000, 0x00000006e9400000| Untracked 
| 934|0x00000006e9800000, 0x00000006e9800000, 0x00000006e9c00000|  0%| F|  |TAMS 0x00000006e9800000, 0x00000006e9800000| Untracked 
| 935|0x00000006e9c00000, 0x00000006e9c00000, 0x00000006ea000000|  0%| F|  |TAMS 0x00000006e9c00000, 0x00000006e9c00000| Untracked 
| 936|0x00000006ea000000, 0x00000006ea000000, 0x00000006ea400000|  0%| F|  |TAMS 0x00000006ea000000, 0x00000006ea000000| Untracked 
| 937|0x00000006ea400000, 0x00000006ea400000, 0x00000006ea800000|  0%| F|  |TAMS 0x00000006ea400000, 0x00000006ea400000| Untracked 
| 938|0x00000006ea800000, 0x00000006ea800000, 0x00000006eac00000|  0%| F|  |TAMS 0x00000006ea800000, 0x00000006ea800000| Untracked 
| 939|0x00000006eac00000, 0x00000006eac00000, 0x00000006eb000000|  0%| F|  |TAMS 0x00000006eac00000, 0x00000006eac00000| Untracked 
| 940|0x00000006eb000000, 0x00000006eb000000, 0x00000006eb400000|  0%| F|  |TAMS 0x00000006eb000000, 0x00000006eb000000| Untracked 
| 941|0x00000006eb400000, 0x00000006eb400000, 0x00000006eb800000|  0%| F|  |TAMS 0x00000006eb400000, 0x00000006eb400000| Untracked 
| 942|0x00000006eb800000, 0x00000006eb800000, 0x00000006ebc00000|  0%| F|  |TAMS 0x00000006eb800000, 0x00000006eb800000| Untracked 
| 943|0x00000006ebc00000, 0x00000006ebc00000, 0x00000006ec000000|  0%| F|  |TAMS 0x00000006ebc00000, 0x00000006ebc00000| Untracked 
| 944|0x00000006ec000000, 0x00000006ec400000, 0x00000006ec400000|100%| O|  |TAMS 0x00000006ec400000, 0x00000006ec000000| Updating 
| 945|0x00000006ec400000, 0x00000006ec800000, 0x00000006ec800000|100%| O|  |TAMS 0x00000006ec800000, 0x00000006ec400000| Updating 
| 946|0x00000006ec800000, 0x00000006ecc00000, 0x00000006ecc00000|100%| O|  |TAMS 0x00000006ecc00000, 0x00000006ec800000| Updating 
| 947|0x00000006ecc00000, 0x00000006ed000000, 0x00000006ed000000|100%| O|  |TAMS 0x00000006ed000000, 0x00000006ecc00000| Updating 
| 948|0x00000006ed000000, 0x00000006ed400000, 0x00000006ed400000|100%| O|  |TAMS 0x00000006ed400000, 0x00000006ed000000| Updating 
| 949|0x00000006ed400000, 0x00000006ed800000, 0x00000006ed800000|100%| O|  |TAMS 0x00000006ed800000, 0x00000006ed400000| Updating 
| 950|0x00000006ed800000, 0x00000006edc00000, 0x00000006edc00000|100%| O|  |TAMS 0x00000006edc00000, 0x00000006ed800000| Updating 
| 951|0x00000006edc00000, 0x00000006ee000000, 0x00000006ee000000|100%| O|  |TAMS 0x00000006ee000000, 0x00000006edc00000| Updating 
| 952|0x00000006ee000000, 0x00000006ee400000, 0x00000006ee400000|100%| O|  |TAMS 0x00000006ee400000, 0x00000006ee000000| Updating 
| 953|0x00000006ee400000, 0x00000006ee800000, 0x00000006ee800000|100%| O|  |TAMS 0x00000006ee800000, 0x00000006ee400000| Updating 
| 954|0x00000006ee800000, 0x00000006eec00000, 0x00000006eec00000|100%| O|  |TAMS 0x00000006eec00000, 0x00000006ee800000| Updating 
| 955|0x00000006eec00000, 0x00000006ef000000, 0x00000006ef000000|100%| O|  |TAMS 0x00000006ef000000, 0x00000006eec00000| Updating 
| 956|0x00000006ef000000, 0x00000006ef400000, 0x00000006ef400000|100%| O|  |TAMS 0x00000006ef400000, 0x00000006ef000000| Updating 
| 957|0x00000006ef400000, 0x00000006ef800000, 0x00000006ef800000|100%| O|  |TAMS 0x00000006ef800000, 0x00000006ef400000| Updating 
| 958|0x00000006ef800000, 0x00000006efc00000, 0x00000006efc00000|100%| O|  |TAMS 0x00000006efc00000, 0x00000006ef800000| Updating 
| 959|0x00000006efc00000, 0x00000006f0000000, 0x00000006f0000000|100%| O|  |TAMS 0x00000006f0000000, 0x00000006efc00000| Updating 
| 960|0x00000006f0000000, 0x00000006f0400000, 0x00000006f0400000|100%| O|  |TAMS 0x00000006f0400000, 0x00000006f0000000| Updating 
| 961|0x00000006f0400000, 0x00000006f0800000, 0x00000006f0800000|100%| O|  |TAMS 0x00000006f0800000, 0x00000006f0400000| Updating 
| 962|0x00000006f0800000, 0x00000006f0c00000, 0x00000006f0c00000|100%| O|  |TAMS 0x00000006f0c00000, 0x00000006f0800000| Updating 
| 963|0x00000006f0c00000, 0x00000006f1000000, 0x00000006f1000000|100%| O|  |TAMS 0x00000006f1000000, 0x00000006f0c00000| Updating 
| 964|0x00000006f1000000, 0x00000006f1400000, 0x00000006f1400000|100%| O|  |TAMS 0x00000006f1400000, 0x00000006f1000000| Updating 
| 965|0x00000006f1400000, 0x00000006f1800000, 0x00000006f1800000|100%| O|  |TAMS 0x00000006f1800000, 0x00000006f1400000| Updating 
| 966|0x00000006f1800000, 0x00000006f1c00000, 0x00000006f1c00000|100%| O|  |TAMS 0x00000006f1c00000, 0x00000006f1800000| Updating 
| 967|0x00000006f1c00000, 0x00000006f2000000, 0x00000006f2000000|100%| O|  |TAMS 0x00000006f2000000, 0x00000006f1c00000| Updating 
| 968|0x00000006f2000000, 0x00000006f2400000, 0x00000006f2400000|100%| O|  |TAMS 0x00000006f2400000, 0x00000006f2000000| Updating 
| 969|0x00000006f2400000, 0x00000006f2800000, 0x00000006f2800000|100%| O|  |TAMS 0x00000006f2800000, 0x00000006f2400000| Updating 
| 970|0x00000006f2800000, 0x00000006f2c00000, 0x00000006f2c00000|100%| O|  |TAMS 0x00000006f2c00000, 0x00000006f2800000| Updating 
| 971|0x00000006f2c00000, 0x00000006f3000000, 0x00000006f3000000|100%| O|  |TAMS 0x00000006f3000000, 0x00000006f2c00000| Updating 
| 972|0x00000006f3000000, 0x00000006f3400000, 0x00000006f3400000|100%| O|  |TAMS 0x00000006f3400000, 0x00000006f3000000| Updating 
| 973|0x00000006f3400000, 0x00000006f3800000, 0x00000006f3800000|100%| O|  |TAMS 0x00000006f3800000, 0x00000006f3400000| Updating 
| 974|0x00000006f3800000, 0x00000006f3c00000, 0x00000006f3c00000|100%| O|  |TAMS 0x00000006f3c00000, 0x00000006f3800000| Updating 
| 975|0x00000006f3c00000, 0x00000006f4000000, 0x00000006f4000000|100%| O|  |TAMS 0x00000006f4000000, 0x00000006f3c00000| Updating 
| 976|0x00000006f4000000, 0x00000006f4400000, 0x00000006f4400000|100%| O|  |TAMS 0x00000006f4400000, 0x00000006f4000000| Updating 
| 977|0x00000006f4400000, 0x00000006f4800000, 0x00000006f4800000|100%| O|  |TAMS 0x00000006f4800000, 0x00000006f4400000| Updating 
| 978|0x00000006f4800000, 0x00000006f4c00000, 0x00000006f4c00000|100%| O|  |TAMS 0x00000006f4c00000, 0x00000006f4800000| Updating 
| 979|0x00000006f4c00000, 0x00000006f5000000, 0x00000006f5000000|100%| O|  |TAMS 0x00000006f5000000, 0x00000006f4c00000| Updating 
| 980|0x00000006f5000000, 0x00000006f5400000, 0x00000006f5400000|100%| O|  |TAMS 0x00000006f5400000, 0x00000006f5000000| Updating 
| 981|0x00000006f5400000, 0x00000006f5800000, 0x00000006f5800000|100%| O|  |TAMS 0x00000006f5800000, 0x00000006f5400000| Updating 
| 982|0x00000006f5800000, 0x00000006f5c00000, 0x00000006f5c00000|100%|HS|  |TAMS 0x00000006f5c00000, 0x00000006f5800000| Complete 
| 983|0x00000006f5c00000, 0x00000006f6000000, 0x00000006f6000000|100%| O|  |TAMS 0x00000006f6000000, 0x00000006f5c00000| Updating 
| 984|0x00000006f6000000, 0x00000006f6400000, 0x00000006f6400000|100%| O|  |TAMS 0x00000006f6400000, 0x00000006f6000000| Updating 
| 985|0x00000006f6400000, 0x00000006f6800000, 0x00000006f6800000|100%| O|  |TAMS 0x00000006f6800000, 0x00000006f6400000| Updating 
| 986|0x00000006f6800000, 0x00000006f6c00000, 0x00000006f6c00000|100%| O|  |TAMS 0x00000006f6c00000, 0x00000006f6800000| Updating 
| 987|0x00000006f6c00000, 0x00000006f7000000, 0x00000006f7000000|100%| O|  |TAMS 0x00000006f7000000, 0x00000006f6c00000| Updating 
| 988|0x00000006f7000000, 0x00000006f7400000, 0x00000006f7400000|100%| O|  |TAMS 0x00000006f7400000, 0x00000006f7000000| Updating 
| 989|0x00000006f7400000, 0x00000006f7800000, 0x00000006f7800000|100%| O|  |TAMS 0x00000006f7800000, 0x00000006f7400000| Updating 
| 990|0x00000006f7800000, 0x00000006f7c00000, 0x00000006f7c00000|100%| O|  |TAMS 0x00000006f7c00000, 0x00000006f7800000| Updating 
| 991|0x00000006f7c00000, 0x00000006f8000000, 0x00000006f8000000|100%| O|  |TAMS 0x00000006f8000000, 0x00000006f7c00000| Updating 
| 992|0x00000006f8000000, 0x00000006f8000000, 0x00000006f8400000|  0%| F|  |TAMS 0x00000006f8000000, 0x00000006f8000000| Untracked 
| 993|0x00000006f8400000, 0x00000006f8400000, 0x00000006f8800000|  0%| F|  |TAMS 0x00000006f8400000, 0x00000006f8400000| Untracked 
| 994|0x00000006f8800000, 0x00000006f8c00000, 0x00000006f8c00000|100%| O|  |TAMS 0x00000006f8c00000, 0x00000006f8800000| Updating 
| 995|0x00000006f8c00000, 0x00000006f8c00000, 0x00000006f9000000|  0%| F|  |TAMS 0x00000006f8c00000, 0x00000006f8c00000| Untracked 
| 996|0x00000006f9000000, 0x00000006f9000000, 0x00000006f9400000|  0%| F|  |TAMS 0x00000006f9000000, 0x00000006f9000000| Untracked 
| 997|0x00000006f9400000, 0x00000006f9400000, 0x00000006f9800000|  0%| F|  |TAMS 0x00000006f9400000, 0x00000006f9400000| Untracked 
| 998|0x00000006f9800000, 0x00000006f9c00000, 0x00000006f9c00000|100%| O|  |TAMS 0x00000006f9c00000, 0x00000006f9800000| Updating 
| 999|0x00000006f9c00000, 0x00000006f9c00000, 0x00000006fa000000|  0%| F|  |TAMS 0x00000006f9c00000, 0x00000006f9c00000| Untracked 
|1000|0x00000006fa000000, 0x00000006fa000000, 0x00000006fa400000|  0%| F|  |TAMS 0x00000006fa000000, 0x00000006fa000000| Untracked 
|1001|0x00000006fa400000, 0x00000006fa400000, 0x00000006fa800000|  0%| F|  |TAMS 0x00000006fa400000, 0x00000006fa400000| Untracked 
|1002|0x00000006fa800000, 0x00000006fa800000, 0x00000006fac00000|  0%| F|  |TAMS 0x00000006fa800000, 0x00000006fa800000| Untracked 
|1003|0x00000006fac00000, 0x00000006fac00000, 0x00000006fb000000|  0%| F|  |TAMS 0x00000006fac00000, 0x00000006fac00000| Untracked 
|1004|0x00000006fb000000, 0x00000006fb000000, 0x00000006fb400000|  0%| F|  |TAMS 0x00000006fb000000, 0x00000006fb000000| Untracked 
|1005|0x00000006fb400000, 0x00000006fb400000, 0x00000006fb800000|  0%| F|  |TAMS 0x00000006fb400000, 0x00000006fb400000| Untracked 
|1006|0x00000006fb800000, 0x00000006fb800000, 0x00000006fbc00000|  0%| F|  |TAMS 0x00000006fb800000, 0x00000006fb800000| Untracked 
|1007|0x00000006fbc00000, 0x00000006fbc00000, 0x00000006fc000000|  0%| F|  |TAMS 0x00000006fbc00000, 0x00000006fbc00000| Untracked 
|1008|0x00000006fc000000, 0x00000006fc000000, 0x00000006fc400000|  0%| F|  |TAMS 0x00000006fc000000, 0x00000006fc000000| Untracked 
|1009|0x00000006fc400000, 0x00000006fc400000, 0x00000006fc800000|  0%| F|  |TAMS 0x00000006fc400000, 0x00000006fc400000| Untracked 
|1010|0x00000006fc800000, 0x00000006fc800000, 0x00000006fcc00000|  0%| F|  |TAMS 0x00000006fc800000, 0x00000006fc800000| Untracked 
|1011|0x00000006fcc00000, 0x00000006fcc00000, 0x00000006fd000000|  0%| F|  |TAMS 0x00000006fcc00000, 0x00000006fcc00000| Untracked 
|1012|0x00000006fd000000, 0x00000006fd000000, 0x00000006fd400000|  0%| F|  |TAMS 0x00000006fd000000, 0x00000006fd000000| Untracked 
|1013|0x00000006fd400000, 0x00000006fd400000, 0x00000006fd800000|  0%| F|  |TAMS 0x00000006fd400000, 0x00000006fd400000| Untracked 
|1014|0x00000006fd800000, 0x00000006fd800000, 0x00000006fdc00000|  0%| F|  |TAMS 0x00000006fd800000, 0x00000006fd800000| Untracked 
|1015|0x00000006fdc00000, 0x00000006fdc00000, 0x00000006fe000000|  0%| F|  |TAMS 0x00000006fdc00000, 0x00000006fdc00000| Untracked 
|1016|0x00000006fe000000, 0x00000006fe000000, 0x00000006fe400000|  0%| F|  |TAMS 0x00000006fe000000, 0x00000006fe000000| Untracked 
|1017|0x00000006fe400000, 0x00000006fe400000, 0x00000006fe800000|  0%| F|  |TAMS 0x00000006fe400000, 0x00000006fe400000| Untracked 
|1018|0x00000006fe800000, 0x00000006fec00000, 0x00000006fec00000|100%|HS|  |TAMS 0x00000006fec00000, 0x00000006fe800000| Complete 
|1019|0x00000006fec00000, 0x00000006ff000000, 0x00000006ff000000|100%| O|  |TAMS 0x00000006ff000000, 0x00000006fec00000| Updating 
|1020|0x00000006ff000000, 0x00000006ff400000, 0x00000006ff400000|100%| O|  |TAMS 0x00000006ff400000, 0x00000006ff000000| Updating 
|1021|0x00000006ff400000, 0x00000006ff800000, 0x00000006ff800000|100%| O|  |TAMS 0x00000006ff800000, 0x00000006ff400000| Updating 
|1022|0x00000006ff800000, 0x00000006ffc00000, 0x00000006ffc00000|100%| O|  |TAMS 0x00000006ffc00000, 0x00000006ff800000| Updating 
|1023|0x00000006ffc00000, 0x0000000700000000, 0x0000000700000000|100%| O|  |TAMS 0x0000000700000000, 0x00000006ffc00000| Updating 
|1024|0x0000000700000000, 0x0000000700400000, 0x0000000700400000|100%| O|  |TAMS 0x0000000700400000, 0x0000000700000000| Updating 
|1025|0x0000000700400000, 0x0000000700800000, 0x0000000700800000|100%| O|  |TAMS 0x0000000700800000, 0x0000000700400000| Updating 
|1026|0x0000000700800000, 0x0000000700c00000, 0x0000000700c00000|100%| O|  |TAMS 0x0000000700c00000, 0x0000000700800000| Updating 
|1027|0x0000000700c00000, 0x0000000701000000, 0x0000000701000000|100%| O|  |TAMS 0x0000000701000000, 0x0000000700c00000| Updating 
|1028|0x0000000701000000, 0x0000000701400000, 0x0000000701400000|100%| O|  |TAMS 0x0000000701400000, 0x0000000701000000| Updating 
|1029|0x0000000701400000, 0x0000000701800000, 0x0000000701800000|100%| O|  |TAMS 0x0000000701800000, 0x0000000701400000| Updating 
|1030|0x0000000701800000, 0x0000000701c00000, 0x0000000701c00000|100%| O|  |TAMS 0x0000000701c00000, 0x0000000701800000| Updating 
|1031|0x0000000701c00000, 0x0000000702000000, 0x0000000702000000|100%| O|  |TAMS 0x0000000702000000, 0x0000000701c00000| Updating 
|1032|0x0000000702000000, 0x0000000702400000, 0x0000000702400000|100%| O|  |TAMS 0x0000000702400000, 0x0000000702000000| Updating 
|1033|0x0000000702400000, 0x0000000702800000, 0x0000000702800000|100%| O|  |TAMS 0x0000000702800000, 0x0000000702400000| Updating 
|1034|0x0000000702800000, 0x0000000702c00000, 0x0000000702c00000|100%| O|  |TAMS 0x0000000702c00000, 0x0000000702800000| Updating 
|1035|0x0000000702c00000, 0x0000000703000000, 0x0000000703000000|100%| O|  |TAMS 0x0000000703000000, 0x0000000702c00000| Updating 
|1036|0x0000000703000000, 0x0000000703400000, 0x0000000703400000|100%| O|  |TAMS 0x0000000703400000, 0x0000000703000000| Updating 
|1037|0x0000000703400000, 0x0000000703800000, 0x0000000703800000|100%| O|  |TAMS 0x0000000703800000, 0x0000000703400000| Updating 
|1038|0x0000000703800000, 0x0000000703c00000, 0x0000000703c00000|100%| O|  |TAMS 0x0000000703c00000, 0x0000000703800000| Updating 
|1039|0x0000000703c00000, 0x0000000704000000, 0x0000000704000000|100%| O|  |TAMS 0x0000000704000000, 0x0000000703c00000| Updating 
|1040|0x0000000704000000, 0x0000000704400000, 0x0000000704400000|100%| O|  |TAMS 0x0000000704400000, 0x0000000704000000| Updating 
|1041|0x0000000704400000, 0x0000000704400000, 0x0000000704800000|  0%| F|  |TAMS 0x0000000704400000, 0x0000000704400000| Untracked 
|1042|0x0000000704800000, 0x0000000704c00000, 0x0000000704c00000|100%| O|  |TAMS 0x0000000704c00000, 0x0000000704800000| Updating 
|1043|0x0000000704c00000, 0x0000000705000000, 0x0000000705000000|100%| O|  |TAMS 0x0000000705000000, 0x0000000704c00000| Updating 
|1044|0x0000000705000000, 0x0000000705400000, 0x0000000705400000|100%| O|  |TAMS 0x0000000705400000, 0x0000000705000000| Updating 
|1045|0x0000000705400000, 0x0000000705800000, 0x0000000705800000|100%| O|  |TAMS 0x0000000705800000, 0x0000000705400000| Updating 
|1046|0x0000000705800000, 0x0000000705c00000, 0x0000000705c00000|100%| O|  |TAMS 0x0000000705c00000, 0x0000000705800000| Updating 
|1047|0x0000000705c00000, 0x0000000706000000, 0x0000000706000000|100%| O|  |TAMS 0x0000000706000000, 0x0000000705c00000| Updating 
|1048|0x0000000706000000, 0x0000000706400000, 0x0000000706400000|100%| O|  |TAMS 0x0000000706400000, 0x0000000706000000| Updating 
|1049|0x0000000706400000, 0x0000000706800000, 0x0000000706800000|100%| O|  |TAMS 0x0000000706800000, 0x0000000706400000| Updating 
|1050|0x0000000706800000, 0x0000000706800000, 0x0000000706c00000|  0%| F|  |TAMS 0x0000000706800000, 0x0000000706800000| Untracked 
|1051|0x0000000706c00000, 0x0000000706c00000, 0x0000000707000000|  0%| F|  |TAMS 0x0000000706c00000, 0x0000000706c00000| Untracked 
|1052|0x0000000707000000, 0x0000000707000000, 0x0000000707400000|  0%| F|  |TAMS 0x0000000707000000, 0x0000000707000000| Untracked 
|1053|0x0000000707400000, 0x0000000707800000, 0x0000000707800000|100%| O|  |TAMS 0x0000000707800000, 0x0000000707400000| Updating 
|1054|0x0000000707800000, 0x0000000707c00000, 0x0000000707c00000|100%| O|  |TAMS 0x0000000707c00000, 0x0000000707800000| Updating 
|1055|0x0000000707c00000, 0x0000000708000000, 0x0000000708000000|100%| O|  |TAMS 0x0000000708000000, 0x0000000707c00000| Updating 
|1056|0x0000000708000000, 0x0000000708400000, 0x0000000708400000|100%| O|  |TAMS 0x0000000708400000, 0x0000000708000000| Updating 
|1057|0x0000000708400000, 0x0000000708800000, 0x0000000708800000|100%| O|  |TAMS 0x0000000708800000, 0x0000000708400000| Updating 
|1058|0x0000000708800000, 0x0000000708c00000, 0x0000000708c00000|100%| O|  |TAMS 0x0000000708c00000, 0x0000000708800000| Updating 
|1059|0x0000000708c00000, 0x0000000708c00000, 0x0000000709000000|  0%| F|  |TAMS 0x0000000708c00000, 0x0000000708c00000| Untracked 
|1060|0x0000000709000000, 0x0000000709400000, 0x0000000709400000|100%| O|  |TAMS 0x0000000709400000, 0x0000000709000000| Updating 
|1061|0x0000000709400000, 0x0000000709400000, 0x0000000709800000|  0%| F|  |TAMS 0x0000000709400000, 0x0000000709400000| Untracked 
|1062|0x0000000709800000, 0x0000000709c00000, 0x0000000709c00000|100%| O|  |TAMS 0x0000000709c00000, 0x0000000709800000| Updating 
|1063|0x0000000709c00000, 0x000000070a000000, 0x000000070a000000|100%| O|  |TAMS 0x000000070a000000, 0x0000000709c00000| Updating 
|1064|0x000000070a000000, 0x000000070a000000, 0x000000070a400000|  0%| F|  |TAMS 0x000000070a000000, 0x000000070a000000| Untracked 
|1065|0x000000070a400000, 0x000000070a400000, 0x000000070a800000|  0%| F|  |TAMS 0x000000070a400000, 0x000000070a400000| Untracked 
|1066|0x000000070a800000, 0x000000070a800000, 0x000000070ac00000|  0%| F|  |TAMS 0x000000070a800000, 0x000000070a800000| Untracked 
|1067|0x000000070ac00000, 0x000000070ac00000, 0x000000070b000000|  0%| F|  |TAMS 0x000000070ac00000, 0x000000070ac00000| Untracked 
|1068|0x000000070b000000, 0x000000070b000000, 0x000000070b400000|  0%| F|  |TAMS 0x000000070b000000, 0x000000070b000000| Untracked 
|1069|0x000000070b400000, 0x000000070b400000, 0x000000070b800000|  0%| F|  |TAMS 0x000000070b400000, 0x000000070b400000| Untracked 
|1070|0x000000070b800000, 0x000000070b800000, 0x000000070bc00000|  0%| F|  |TAMS 0x000000070b800000, 0x000000070b800000| Untracked 
|1071|0x000000070bc00000, 0x000000070bc00000, 0x000000070c000000|  0%| F|  |TAMS 0x000000070bc00000, 0x000000070bc00000| Untracked 
|1072|0x000000070c000000, 0x000000070c000000, 0x000000070c400000|  0%| F|  |TAMS 0x000000070c000000, 0x000000070c000000| Untracked 
|1073|0x000000070c400000, 0x000000070c400000, 0x000000070c800000|  0%| F|  |TAMS 0x000000070c400000, 0x000000070c400000| Untracked 
|1074|0x000000070c800000, 0x000000070cc00000, 0x000000070cc00000|100%| O|  |TAMS 0x000000070cc00000, 0x000000070c800000| Updating 
|1075|0x000000070cc00000, 0x000000070d000000, 0x000000070d000000|100%| O|  |TAMS 0x000000070d000000, 0x000000070cc00000| Updating 
|1076|0x000000070d000000, 0x000000070d400000, 0x000000070d400000|100%| O|  |TAMS 0x000000070d400000, 0x000000070d000000| Updating 
|1077|0x000000070d400000, 0x000000070d800000, 0x000000070d800000|100%| O|  |TAMS 0x000000070d800000, 0x000000070d400000| Updating 
|1078|0x000000070d800000, 0x000000070dc00000, 0x000000070dc00000|100%| O|  |TAMS 0x000000070dc00000, 0x000000070d800000| Updating 
|1079|0x000000070dc00000, 0x000000070e000000, 0x000000070e000000|100%| O|  |TAMS 0x000000070e000000, 0x000000070dc00000| Updating 
|1080|0x000000070e000000, 0x000000070e400000, 0x000000070e400000|100%| O|  |TAMS 0x000000070e400000, 0x000000070e000000| Updating 
|1081|0x000000070e400000, 0x000000070e800000, 0x000000070e800000|100%| O|  |TAMS 0x000000070e800000, 0x000000070e400000| Updating 
|1082|0x000000070e800000, 0x000000070e800000, 0x000000070ec00000|  0%| F|  |TAMS 0x000000070e800000, 0x000000070e800000| Untracked 
|1083|0x000000070ec00000, 0x000000070f000000, 0x000000070f000000|100%| O|  |TAMS 0x000000070f000000, 0x000000070ec00000| Updating 
|1084|0x000000070f000000, 0x000000070f400000, 0x000000070f400000|100%| O|  |TAMS 0x000000070f400000, 0x000000070f000000| Updating 
|1085|0x000000070f400000, 0x000000070f800000, 0x000000070f800000|100%| O|  |TAMS 0x000000070f800000, 0x000000070f400000| Updating 
|1086|0x000000070f800000, 0x000000070fc00000, 0x000000070fc00000|100%| O|  |TAMS 0x000000070fc00000, 0x000000070f800000| Updating 
|1087|0x000000070fc00000, 0x0000000710000000, 0x0000000710000000|100%| O|  |TAMS 0x0000000710000000, 0x000000070fc00000| Updating 
|1088|0x0000000710000000, 0x0000000710400000, 0x0000000710400000|100%| O|  |TAMS 0x0000000710400000, 0x0000000710000000| Updating 
|1089|0x0000000710400000, 0x0000000710800000, 0x0000000710800000|100%| O|  |TAMS 0x0000000710800000, 0x0000000710400000| Updating 
|1090|0x0000000710800000, 0x0000000710c00000, 0x0000000710c00000|100%| O|  |TAMS 0x0000000710c00000, 0x0000000710800000| Updating 
|1091|0x0000000710c00000, 0x0000000711000000, 0x0000000711000000|100%| O|  |TAMS 0x0000000711000000, 0x0000000710c00000| Untracked 
|1092|0x0000000711000000, 0x0000000711400000, 0x0000000711400000|100%| O|  |TAMS 0x0000000711400000, 0x0000000711000000| Updating 
|1093|0x0000000711400000, 0x0000000711800000, 0x0000000711800000|100%| O|  |TAMS 0x0000000711800000, 0x0000000711400000| Untracked 
|1094|0x0000000711800000, 0x0000000711c00000, 0x0000000711c00000|100%| O|  |TAMS 0x0000000711c00000, 0x0000000711800000| Updating 
|1095|0x0000000711c00000, 0x0000000712000000, 0x0000000712000000|100%| O|  |TAMS 0x0000000712000000, 0x0000000711c00000| Untracked 
|1096|0x0000000712000000, 0x0000000712400000, 0x0000000712400000|100%| O|  |TAMS 0x0000000712400000, 0x0000000712000000| Updating 
|1097|0x0000000712400000, 0x0000000712800000, 0x0000000712800000|100%| O|  |TAMS 0x0000000712800000, 0x0000000712400000| Untracked 
|1098|0x0000000712800000, 0x0000000712c00000, 0x0000000712c00000|100%| O|  |TAMS 0x0000000712c00000, 0x0000000712800000| Updating 
|1099|0x0000000712c00000, 0x0000000713000000, 0x0000000713000000|100%| O|  |TAMS 0x0000000713000000, 0x0000000712c00000| Untracked 
|1100|0x0000000713000000, 0x0000000713400000, 0x0000000713400000|100%| O|  |TAMS 0x0000000713400000, 0x0000000713000000| Updating 
|1101|0x0000000713400000, 0x0000000713800000, 0x0000000713800000|100%| O|  |TAMS 0x0000000713800000, 0x0000000713400000| Updating 
|1102|0x0000000713800000, 0x0000000713800000, 0x0000000713c00000|  0%| F|  |TAMS 0x0000000713800000, 0x0000000713800000| Untracked 
|1103|0x0000000713c00000, 0x0000000713c00000, 0x0000000714000000|  0%| F|  |TAMS 0x0000000713c00000, 0x0000000713c00000| Untracked 
|1104|0x0000000714000000, 0x0000000714400000, 0x0000000714400000|100%| O|  |TAMS 0x0000000714400000, 0x0000000714000000| Updating 
|1105|0x0000000714400000, 0x0000000714800000, 0x0000000714800000|100%| O|  |TAMS 0x0000000714800000, 0x0000000714400000| Untracked 
|1106|0x0000000714800000, 0x0000000714c00000, 0x0000000714c00000|100%| O|  |TAMS 0x0000000714c00000, 0x0000000714800000| Untracked 
|1107|0x0000000714c00000, 0x0000000715000000, 0x0000000715000000|100%| O|  |TAMS 0x0000000715000000, 0x0000000714c00000| Untracked 
|1108|0x0000000715000000, 0x0000000715400000, 0x0000000715400000|100%| O|  |TAMS 0x0000000715400000, 0x0000000715000000| Untracked 
|1109|0x0000000715400000, 0x0000000715800000, 0x0000000715800000|100%| O|  |TAMS 0x0000000715800000, 0x0000000715400000| Updating 
|1110|0x0000000715800000, 0x0000000715c00000, 0x0000000715c00000|100%| O|  |TAMS 0x0000000715c00000, 0x0000000715800000| Updating 
|1111|0x0000000715c00000, 0x0000000716000000, 0x0000000716000000|100%| O|  |TAMS 0x0000000716000000, 0x0000000715c00000| Untracked 
|1112|0x0000000716000000, 0x0000000716400000, 0x0000000716400000|100%| O|  |TAMS 0x0000000716400000, 0x0000000716000000| Updating 
|1113|0x0000000716400000, 0x0000000716800000, 0x0000000716800000|100%| O|  |TAMS 0x0000000716800000, 0x0000000716400000| Untracked 
|1114|0x0000000716800000, 0x0000000716c00000, 0x0000000716c00000|100%| O|  |TAMS 0x0000000716c00000, 0x0000000716800000| Updating 
|1115|0x0000000716c00000, 0x0000000717000000, 0x0000000717000000|100%| O|  |TAMS 0x0000000717000000, 0x0000000716c00000| Untracked 
|1116|0x0000000717000000, 0x0000000717400000, 0x0000000717400000|100%| O|  |TAMS 0x0000000717400000, 0x0000000717000000| Untracked 
|1117|0x0000000717400000, 0x0000000717800000, 0x0000000717800000|100%| O|  |TAMS 0x0000000717800000, 0x0000000717400000| Updating 
|1118|0x0000000717800000, 0x0000000717c00000, 0x0000000717c00000|100%| O|  |TAMS 0x0000000717c00000, 0x0000000717800000| Untracked 
|1119|0x0000000717c00000, 0x0000000718000000, 0x0000000718000000|100%| O|  |TAMS 0x0000000718000000, 0x0000000717c00000| Untracked 
|1120|0x0000000718000000, 0x0000000718400000, 0x0000000718400000|100%| O|  |TAMS 0x0000000718400000, 0x0000000718000000| Untracked 
|1121|0x0000000718400000, 0x0000000718800000, 0x0000000718800000|100%| O|  |TAMS 0x0000000718800000, 0x0000000718400000| Updating 
|1122|0x0000000718800000, 0x0000000718c00000, 0x0000000718c00000|100%| O|  |TAMS 0x0000000718c00000, 0x0000000718800000| Updating 
|1123|0x0000000718c00000, 0x0000000719000000, 0x0000000719000000|100%| O|  |TAMS 0x0000000719000000, 0x0000000718c00000| Untracked 
|1124|0x0000000719000000, 0x0000000719400000, 0x0000000719400000|100%| O|  |TAMS 0x0000000719400000, 0x0000000719000000| Updating 
|1125|0x0000000719400000, 0x0000000719800000, 0x0000000719800000|100%| O|  |TAMS 0x0000000719800000, 0x0000000719400000| Untracked 
|1126|0x0000000719800000, 0x0000000719c00000, 0x0000000719c00000|100%| O|  |TAMS 0x0000000719c00000, 0x0000000719800000| Updating 
|1127|0x0000000719c00000, 0x000000071a000000, 0x000000071a000000|100%| O|  |TAMS 0x000000071a000000, 0x0000000719c00000| Untracked 
|1128|0x000000071a000000, 0x000000071a400000, 0x000000071a400000|100%| O|  |TAMS 0x000000071a400000, 0x000000071a000000| Updating 
|1129|0x000000071a400000, 0x000000071a800000, 0x000000071a800000|100%| O|  |TAMS 0x000000071a800000, 0x000000071a400000| Untracked 
|1130|0x000000071a800000, 0x000000071ac00000, 0x000000071ac00000|100%| O|  |TAMS 0x000000071ac00000, 0x000000071a800000| Untracked 
|1131|0x000000071ac00000, 0x000000071b000000, 0x000000071b000000|100%| O|  |TAMS 0x000000071b000000, 0x000000071ac00000| Updating 
|1132|0x000000071b000000, 0x000000071b400000, 0x000000071b400000|100%| O|  |TAMS 0x000000071b400000, 0x000000071b000000| Untracked 
|1133|0x000000071b400000, 0x000000071b800000, 0x000000071b800000|100%| O|  |TAMS 0x000000071b800000, 0x000000071b400000| Updating 
|1134|0x000000071b800000, 0x000000071bc00000, 0x000000071bc00000|100%| O|  |TAMS 0x000000071bc00000, 0x000000071b800000| Untracked 
|1135|0x000000071bc00000, 0x000000071c000000, 0x000000071c000000|100%| O|  |TAMS 0x000000071c000000, 0x000000071bc00000| Updating 
|1136|0x000000071c000000, 0x000000071c000000, 0x000000071c400000|  0%| F|  |TAMS 0x000000071c000000, 0x000000071c000000| Untracked 
|1137|0x000000071c400000, 0x000000071c800000, 0x000000071c800000|100%| O|  |TAMS 0x000000071c800000, 0x000000071c400000| Untracked 
|1138|0x000000071c800000, 0x000000071cc00000, 0x000000071cc00000|100%| O|  |TAMS 0x000000071cc00000, 0x000000071c800000| Untracked 
|1139|0x000000071cc00000, 0x000000071d000000, 0x000000071d000000|100%|HS|  |TAMS 0x000000071d000000, 0x000000071cc00000| Complete 
|1140|0x000000071d000000, 0x000000071d400000, 0x000000071d400000|100%|HS|  |TAMS 0x000000071d400000, 0x000000071d000000| Complete 
|1141|0x000000071d400000, 0x000000071d800000, 0x000000071d800000|100%| O|  |TAMS 0x000000071d800000, 0x000000071d400000| Untracked 
|1142|0x000000071d800000, 0x000000071dc00000, 0x000000071dc00000|100%| O|  |TAMS 0x000000071dc00000, 0x000000071d800000| Untracked 
|1143|0x000000071dc00000, 0x000000071e000000, 0x000000071e000000|100%| O|  |TAMS 0x000000071e000000, 0x000000071dc00000| Untracked 
|1144|0x000000071e000000, 0x000000071e400000, 0x000000071e400000|100%| O|  |TAMS 0x000000071e400000, 0x000000071e000000| Untracked 
|1145|0x000000071e400000, 0x000000071e800000, 0x000000071e800000|100%| O|  |TAMS 0x000000071e800000, 0x000000071e400000| Untracked 
|1146|0x000000071e800000, 0x000000071ec00000, 0x000000071ec00000|100%| O|  |TAMS 0x000000071ec00000, 0x000000071e800000| Untracked 
|1147|0x000000071ec00000, 0x000000071f000000, 0x000000071f000000|100%| O|  |TAMS 0x000000071f000000, 0x000000071ec00000| Untracked 
|1148|0x000000071f000000, 0x000000071f400000, 0x000000071f400000|100%| O|  |TAMS 0x000000071f400000, 0x000000071f000000| Untracked 
|1149|0x000000071f400000, 0x000000071f800000, 0x000000071f800000|100%| O|  |TAMS 0x000000071f800000, 0x000000071f400000| Untracked 
|1150|0x000000071f800000, 0x000000071fc00000, 0x000000071fc00000|100%| O|  |TAMS 0x000000071fc00000, 0x000000071f800000| Untracked 
|1151|0x000000071fc00000, 0x0000000720000000, 0x0000000720000000|100%| O|  |TAMS 0x0000000720000000, 0x000000071fc00000| Untracked 
|1152|0x0000000720000000, 0x0000000720400000, 0x0000000720400000|100%| O|  |TAMS 0x0000000720400000, 0x0000000720000000| Untracked 
|1153|0x0000000720400000, 0x0000000720800000, 0x0000000720800000|100%| O|  |TAMS 0x0000000720800000, 0x0000000720400000| Untracked 
|1154|0x0000000720800000, 0x0000000720c00000, 0x0000000720c00000|100%| O|  |TAMS 0x0000000720c00000, 0x0000000720800000| Untracked 
|1155|0x0000000720c00000, 0x0000000721000000, 0x0000000721000000|100%| O|  |TAMS 0x0000000721000000, 0x0000000720c00000| Untracked 
|1156|0x0000000721000000, 0x0000000721400000, 0x0000000721400000|100%| O|  |TAMS 0x0000000721400000, 0x0000000721000000| Untracked 
|1157|0x0000000721400000, 0x0000000721800000, 0x0000000721800000|100%| O|  |TAMS 0x0000000721800000, 0x0000000721400000| Untracked 
|1158|0x0000000721800000, 0x0000000721c00000, 0x0000000721c00000|100%| O|  |TAMS 0x0000000721c00000, 0x0000000721800000| Untracked 
|1159|0x0000000721c00000, 0x0000000722000000, 0x0000000722000000|100%| O|  |TAMS 0x0000000722000000, 0x0000000721c00000| Updating 
|1160|0x0000000722000000, 0x0000000722400000, 0x0000000722400000|100%| O|  |TAMS 0x0000000722400000, 0x0000000722000000| Updating 
|1161|0x0000000722400000, 0x0000000722800000, 0x0000000722800000|100%| O|  |TAMS 0x0000000722800000, 0x0000000722400000| Untracked 
|1162|0x0000000722800000, 0x0000000722c00000, 0x0000000722c00000|100%| O|  |TAMS 0x0000000722c00000, 0x0000000722800000| Updating 
|1163|0x0000000722c00000, 0x0000000723000000, 0x0000000723000000|100%| O|  |TAMS 0x0000000723000000, 0x0000000722c00000| Updating 
|1164|0x0000000723000000, 0x0000000723400000, 0x0000000723400000|100%| O|  |TAMS 0x0000000723400000, 0x0000000723000000| Updating 
|1165|0x0000000723400000, 0x0000000723800000, 0x0000000723800000|100%| O|  |TAMS 0x0000000723800000, 0x0000000723400000| Updating 
|1166|0x0000000723800000, 0x0000000723c00000, 0x0000000723c00000|100%| O|  |TAMS 0x0000000723c00000, 0x0000000723800000| Updating 
|1167|0x0000000723c00000, 0x0000000724000000, 0x0000000724000000|100%| O|  |TAMS 0x0000000724000000, 0x0000000723c00000| Updating 
|1168|0x0000000724000000, 0x0000000724400000, 0x0000000724400000|100%| O|  |TAMS 0x0000000724400000, 0x0000000724000000| Updating 
|1169|0x0000000724400000, 0x0000000724800000, 0x0000000724800000|100%| O|  |TAMS 0x0000000724800000, 0x0000000724400000| Updating 
|1170|0x0000000724800000, 0x0000000724c00000, 0x0000000724c00000|100%| O|  |TAMS 0x0000000724c00000, 0x0000000724800000| Updating 
|1171|0x0000000724c00000, 0x0000000725000000, 0x0000000725000000|100%| O|  |TAMS 0x0000000725000000, 0x0000000724c00000| Updating 
|1172|0x0000000725000000, 0x0000000725400000, 0x0000000725400000|100%| O|  |TAMS 0x0000000725400000, 0x0000000725000000| Updating 
|1173|0x0000000725400000, 0x0000000725800000, 0x0000000725800000|100%| O|  |TAMS 0x0000000725800000, 0x0000000725400000| Updating 
|1174|0x0000000725800000, 0x0000000725c00000, 0x0000000725c00000|100%| O|  |TAMS 0x0000000725c00000, 0x0000000725800000| Updating 
|1175|0x0000000725c00000, 0x0000000726000000, 0x0000000726000000|100%| O|  |TAMS 0x0000000726000000, 0x0000000725c00000| Updating 
|1176|0x0000000726000000, 0x0000000726400000, 0x0000000726400000|100%| O|  |TAMS 0x0000000726400000, 0x0000000726000000| Updating 
|1177|0x0000000726400000, 0x0000000726800000, 0x0000000726800000|100%|HS|  |TAMS 0x0000000726800000, 0x0000000726400000| Complete 
|1178|0x0000000726800000, 0x0000000726c00000, 0x0000000726c00000|100%|HS|  |TAMS 0x0000000726c00000, 0x0000000726800000| Complete 
|1179|0x0000000726c00000, 0x0000000727000000, 0x0000000727000000|100%|HS|  |TAMS 0x0000000727000000, 0x0000000726c00000| Complete 
|1180|0x0000000727000000, 0x0000000727400000, 0x0000000727400000|100%|HS|  |TAMS 0x0000000727400000, 0x0000000727000000| Complete 
|1181|0x0000000727400000, 0x0000000727800000, 0x0000000727800000|100%| O|  |TAMS 0x0000000727800000, 0x0000000727400000| Updating 
|1182|0x0000000727800000, 0x0000000727c00000, 0x0000000727c00000|100%| O|  |TAMS 0x0000000727c00000, 0x0000000727800000| Updating 
|1183|0x0000000727c00000, 0x0000000728000000, 0x0000000728000000|100%| O|  |TAMS 0x0000000728000000, 0x0000000727c00000| Updating 
|1184|0x0000000728000000, 0x0000000728400000, 0x0000000728400000|100%| O|  |TAMS 0x0000000728400000, 0x0000000728000000| Updating 
|1185|0x0000000728400000, 0x0000000728800000, 0x0000000728800000|100%| O|  |TAMS 0x0000000728800000, 0x0000000728400000| Untracked 
|1186|0x0000000728800000, 0x0000000728c00000, 0x0000000728c00000|100%| O|  |TAMS 0x0000000728c00000, 0x0000000728800000| Updating 
|1187|0x0000000728c00000, 0x0000000729000000, 0x0000000729000000|100%| O|  |TAMS 0x0000000729000000, 0x0000000728c00000| Updating 
|1188|0x0000000729000000, 0x0000000729000000, 0x0000000729400000|  0%| F|  |TAMS 0x0000000729000000, 0x0000000729000000| Untracked 
|1189|0x0000000729400000, 0x0000000729800000, 0x0000000729800000|100%| O|  |TAMS 0x0000000729800000, 0x0000000729400000| Updating 
|1190|0x0000000729800000, 0x0000000729800000, 0x0000000729c00000|  0%| F|  |TAMS 0x0000000729800000, 0x0000000729800000| Untracked 
|1191|0x0000000729c00000, 0x000000072a000000, 0x000000072a000000|100%| O|  |TAMS 0x000000072a000000, 0x0000000729c00000| Updating 
|1192|0x000000072a000000, 0x000000072a400000, 0x000000072a400000|100%| O|  |TAMS 0x000000072a400000, 0x000000072a000000| Updating 
|1193|0x000000072a400000, 0x000000072a800000, 0x000000072a800000|100%| O|  |TAMS 0x000000072a800000, 0x000000072a400000| Updating 
|1194|0x000000072a800000, 0x000000072ac00000, 0x000000072ac00000|100%| O|  |TAMS 0x000000072ac00000, 0x000000072a800000| Updating 
|1195|0x000000072ac00000, 0x000000072b000000, 0x000000072b000000|100%| O|  |TAMS 0x000000072b000000, 0x000000072ac00000| Updating 
|1196|0x000000072b000000, 0x000000072b400000, 0x000000072b400000|100%| O|  |TAMS 0x000000072b400000, 0x000000072b000000| Untracked 
|1197|0x000000072b400000, 0x000000072b800000, 0x000000072b800000|100%| O|  |TAMS 0x000000072b800000, 0x000000072b400000| Untracked 
|1198|0x000000072b800000, 0x000000072bc00000, 0x000000072bc00000|100%| O|  |TAMS 0x000000072bc00000, 0x000000072b800000| Untracked 
|1199|0x000000072bc00000, 0x000000072c000000, 0x000000072c000000|100%| O|  |TAMS 0x000000072c000000, 0x000000072bc00000| Untracked 
|1200|0x000000072c000000, 0x000000072c400000, 0x000000072c400000|100%| O|  |TAMS 0x000000072c400000, 0x000000072c000000| Untracked 
|1201|0x000000072c400000, 0x000000072c800000, 0x000000072c800000|100%| O|  |TAMS 0x000000072c800000, 0x000000072c400000| Untracked 
|1202|0x000000072c800000, 0x000000072cc00000, 0x000000072cc00000|100%| O|  |TAMS 0x000000072cc00000, 0x000000072c800000| Untracked 
|1203|0x000000072cc00000, 0x000000072d000000, 0x000000072d000000|100%| O|  |TAMS 0x000000072d000000, 0x000000072cc00000| Untracked 
|1204|0x000000072d000000, 0x000000072d400000, 0x000000072d400000|100%| O|  |TAMS 0x000000072d400000, 0x000000072d000000| Updating 
|1205|0x000000072d400000, 0x000000072d800000, 0x000000072d800000|100%| O|  |TAMS 0x000000072d800000, 0x000000072d400000| Untracked 
|1206|0x000000072d800000, 0x000000072dc00000, 0x000000072dc00000|100%| O|  |TAMS 0x000000072dc00000, 0x000000072d800000| Untracked 
|1207|0x000000072dc00000, 0x000000072e000000, 0x000000072e000000|100%| O|  |TAMS 0x000000072e000000, 0x000000072dc00000| Untracked 
|1208|0x000000072e000000, 0x000000072e400000, 0x000000072e400000|100%| O|  |TAMS 0x000000072e400000, 0x000000072e000000| Untracked 
|1209|0x000000072e400000, 0x000000072e800000, 0x000000072e800000|100%| O|  |TAMS 0x000000072e800000, 0x000000072e400000| Untracked 
|1210|0x000000072e800000, 0x000000072ec00000, 0x000000072ec00000|100%| O|  |TAMS 0x000000072ec00000, 0x000000072e800000| Untracked 
|1211|0x000000072ec00000, 0x000000072f000000, 0x000000072f000000|100%| O|  |TAMS 0x000000072f000000, 0x000000072ec00000| Untracked 
|1212|0x000000072f000000, 0x000000072f400000, 0x000000072f400000|100%| O|  |TAMS 0x000000072f400000, 0x000000072f000000| Untracked 
|1213|0x000000072f400000, 0x000000072f800000, 0x000000072f800000|100%| O|  |TAMS 0x000000072f800000, 0x000000072f400000| Untracked 
|1214|0x000000072f800000, 0x000000072fc00000, 0x000000072fc00000|100%| O|  |TAMS 0x000000072fc00000, 0x000000072f800000| Untracked 
|1215|0x000000072fc00000, 0x0000000730000000, 0x0000000730000000|100%| O|  |TAMS 0x0000000730000000, 0x000000072fc00000| Updating 
|1216|0x0000000730000000, 0x0000000730400000, 0x0000000730400000|100%| O|  |TAMS 0x0000000730400000, 0x0000000730000000| Updating 
|1217|0x0000000730400000, 0x0000000730800000, 0x0000000730800000|100%| O|  |TAMS 0x0000000730800000, 0x0000000730400000| Updating 
|1218|0x0000000730800000, 0x0000000730c00000, 0x0000000730c00000|100%| O|  |TAMS 0x0000000730a00000, 0x0000000730800000| Updating 
|1219|0x0000000730c00000, 0x0000000731000000, 0x0000000731000000|100%| O|  |TAMS 0x0000000730c00000, 0x0000000730c00000| Untracked 
|1220|0x0000000731000000, 0x0000000731400000, 0x0000000731400000|100%| O|  |TAMS 0x0000000731000000, 0x0000000731000000| Untracked 
|1221|0x0000000731400000, 0x0000000731800000, 0x0000000731800000|100%| O|  |TAMS 0x0000000731400000, 0x0000000731400000| Untracked 
|1222|0x0000000731800000, 0x0000000731c00000, 0x0000000731c00000|100%| O|  |TAMS 0x0000000731800000, 0x0000000731800000| Untracked 
|1223|0x0000000731c00000, 0x0000000732000000, 0x0000000732000000|100%| O|  |TAMS 0x0000000731c00000, 0x0000000731c00000| Untracked 
|1224|0x0000000732000000, 0x0000000732400000, 0x0000000732400000|100%| O|  |TAMS 0x0000000732000000, 0x0000000732000000| Untracked 
|1225|0x0000000732400000, 0x0000000732800000, 0x0000000732800000|100%| O|  |TAMS 0x0000000732400000, 0x0000000732400000| Untracked 
|1226|0x0000000732800000, 0x0000000732c00000, 0x0000000732c00000|100%| O|  |TAMS 0x0000000732800000, 0x0000000732800000| Untracked 
|1227|0x0000000732c00000, 0x0000000733000000, 0x0000000733000000|100%| O|  |TAMS 0x0000000732c00000, 0x0000000732c00000| Untracked 
|1228|0x0000000733000000, 0x0000000733400000, 0x0000000733400000|100%| O|  |TAMS 0x0000000733000000, 0x0000000733000000| Untracked 
|1229|0x0000000733400000, 0x0000000733800000, 0x0000000733800000|100%| O|  |TAMS 0x0000000733400000, 0x0000000733400000| Untracked 
|1230|0x0000000733800000, 0x0000000733c00000, 0x0000000733c00000|100%| O|  |TAMS 0x0000000733800000, 0x0000000733800000| Untracked 
|1231|0x0000000733c00000, 0x0000000734000000, 0x0000000734000000|100%| O|  |TAMS 0x0000000733c00000, 0x0000000733c00000| Untracked 
|1232|0x0000000734000000, 0x0000000734400000, 0x0000000734400000|100%| O|  |TAMS 0x0000000734000000, 0x0000000734000000| Untracked 
|1233|0x0000000734400000, 0x0000000734800000, 0x0000000734800000|100%| O|  |TAMS 0x0000000734400000, 0x0000000734400000| Untracked 
|1234|0x0000000734800000, 0x0000000734c00000, 0x0000000734c00000|100%| O|  |TAMS 0x0000000734800000, 0x0000000734800000| Untracked 
|1235|0x0000000734c00000, 0x0000000735000000, 0x0000000735000000|100%| O|  |TAMS 0x0000000734c00000, 0x0000000734c00000| Untracked 
|1236|0x0000000735000000, 0x0000000735400000, 0x0000000735400000|100%| O|  |TAMS 0x0000000735000000, 0x0000000735000000| Untracked 
|1237|0x0000000735400000, 0x0000000735800000, 0x0000000735800000|100%| O|  |TAMS 0x0000000735400000, 0x0000000735400000| Untracked 
|1238|0x0000000735800000, 0x0000000735c00000, 0x0000000735c00000|100%| O|  |TAMS 0x0000000735800000, 0x0000000735800000| Untracked 
|1239|0x0000000735c00000, 0x0000000736000000, 0x0000000736000000|100%| O|  |TAMS 0x0000000735c00000, 0x0000000735c00000| Untracked 
|1240|0x0000000736000000, 0x0000000736200000, 0x0000000736400000| 50%| O|  |TAMS 0x0000000736000000, 0x0000000736000000| Updating 
|1241|0x0000000736400000, 0x0000000736800000, 0x0000000736800000|100%|HS|  |TAMS 0x0000000736400000, 0x0000000736400000| Complete 
|1242|0x0000000736800000, 0x0000000736c00000, 0x0000000736c00000|100%|HC|  |TAMS 0x0000000736800000, 0x0000000736800000| Complete 
|1243|0x0000000736c00000, 0x0000000736c00000, 0x0000000737000000|  0%| F|  |TAMS 0x0000000736c00000, 0x0000000736c00000| Untracked 
|1244|0x0000000737000000, 0x0000000737000000, 0x0000000737400000|  0%| F|  |TAMS 0x0000000737000000, 0x0000000737000000| Untracked 
|1245|0x0000000737400000, 0x0000000737400000, 0x0000000737800000|  0%| F|  |TAMS 0x0000000737400000, 0x0000000737400000| Untracked 
|1246|0x0000000737800000, 0x0000000737800000, 0x0000000737c00000|  0%| F|  |TAMS 0x0000000737800000, 0x0000000737800000| Untracked 
|1247|0x0000000737c00000, 0x0000000737c00000, 0x0000000738000000|  0%| F|  |TAMS 0x0000000737c00000, 0x0000000737c00000| Untracked 
|1248|0x0000000738000000, 0x0000000738000000, 0x0000000738400000|  0%| F|  |TAMS 0x0000000738000000, 0x0000000738000000| Untracked 
|1249|0x0000000738400000, 0x0000000738400000, 0x0000000738800000|  0%| F|  |TAMS 0x0000000738400000, 0x0000000738400000| Untracked 
|1250|0x0000000738800000, 0x0000000738800000, 0x0000000738c00000|  0%| F|  |TAMS 0x0000000738800000, 0x0000000738800000| Untracked 
|1251|0x0000000738c00000, 0x0000000738c00000, 0x0000000739000000|  0%| F|  |TAMS 0x0000000738c00000, 0x0000000738c00000| Untracked 
|1252|0x0000000739000000, 0x0000000739000000, 0x0000000739400000|  0%| F|  |TAMS 0x0000000739000000, 0x0000000739000000| Untracked 
|1253|0x0000000739400000, 0x0000000739400000, 0x0000000739800000|  0%| F|  |TAMS 0x0000000739400000, 0x0000000739400000| Untracked 
|1254|0x0000000739800000, 0x0000000739800000, 0x0000000739c00000|  0%| F|  |TAMS 0x0000000739800000, 0x0000000739800000| Untracked 
|1255|0x0000000739c00000, 0x0000000739c00000, 0x000000073a000000|  0%| F|  |TAMS 0x0000000739c00000, 0x0000000739c00000| Untracked 
|1256|0x000000073a000000, 0x000000073a000000, 0x000000073a400000|  0%| F|  |TAMS 0x000000073a000000, 0x000000073a000000| Untracked 
|1257|0x000000073a400000, 0x000000073a400000, 0x000000073a800000|  0%| F|  |TAMS 0x000000073a400000, 0x000000073a400000| Untracked 
|1258|0x000000073a800000, 0x000000073a800000, 0x000000073ac00000|  0%| F|  |TAMS 0x000000073a800000, 0x000000073a800000| Untracked 
|1259|0x000000073ac00000, 0x000000073ac00000, 0x000000073b000000|  0%| F|  |TAMS 0x000000073ac00000, 0x000000073ac00000| Untracked 
|1260|0x000000073b000000, 0x000000073b000000, 0x000000073b400000|  0%| F|  |TAMS 0x000000073b000000, 0x000000073b000000| Untracked 
|1261|0x000000073b400000, 0x000000073b400000, 0x000000073b800000|  0%| F|  |TAMS 0x000000073b400000, 0x000000073b400000| Untracked 
|1262|0x000000073b800000, 0x000000073b800000, 0x000000073bc00000|  0%| F|  |TAMS 0x000000073b800000, 0x000000073b800000| Untracked 
|1263|0x000000073bc00000, 0x000000073bc00000, 0x000000073c000000|  0%| F|  |TAMS 0x000000073bc00000, 0x000000073bc00000| Untracked 
|1264|0x000000073c000000, 0x000000073c000000, 0x000000073c400000|  0%| F|  |TAMS 0x000000073c000000, 0x000000073c000000| Untracked 
|1265|0x000000073c400000, 0x000000073c400000, 0x000000073c800000|  0%| F|  |TAMS 0x000000073c400000, 0x000000073c400000| Untracked 
|1266|0x000000073c800000, 0x000000073c800000, 0x000000073cc00000|  0%| F|  |TAMS 0x000000073c800000, 0x000000073c800000| Untracked 
|1267|0x000000073cc00000, 0x000000073cc00000, 0x000000073d000000|  0%| F|  |TAMS 0x000000073cc00000, 0x000000073cc00000| Untracked 
|1268|0x000000073d000000, 0x000000073d000000, 0x000000073d400000|  0%| F|  |TAMS 0x000000073d000000, 0x000000073d000000| Untracked 
|1269|0x000000073d400000, 0x000000073d400000, 0x000000073d800000|  0%| F|  |TAMS 0x000000073d400000, 0x000000073d400000| Untracked 
|1270|0x000000073d800000, 0x000000073d800000, 0x000000073dc00000|  0%| F|  |TAMS 0x000000073d800000, 0x000000073d800000| Untracked 
|1271|0x000000073dc00000, 0x000000073dc00000, 0x000000073e000000|  0%| F|  |TAMS 0x000000073dc00000, 0x000000073dc00000| Untracked 
|1272|0x000000073e000000, 0x000000073e000000, 0x000000073e400000|  0%| F|  |TAMS 0x000000073e000000, 0x000000073e000000| Untracked 
|1273|0x000000073e400000, 0x000000073e400000, 0x000000073e800000|  0%| F|  |TAMS 0x000000073e400000, 0x000000073e400000| Untracked 
|1274|0x000000073e800000, 0x000000073e800000, 0x000000073ec00000|  0%| F|  |TAMS 0x000000073e800000, 0x000000073e800000| Untracked 
|1275|0x000000073ec00000, 0x000000073ec00000, 0x000000073f000000|  0%| F|  |TAMS 0x000000073ec00000, 0x000000073ec00000| Untracked 
|1276|0x000000073f000000, 0x000000073f000000, 0x000000073f400000|  0%| F|  |TAMS 0x000000073f000000, 0x000000073f000000| Untracked 
|1277|0x000000073f400000, 0x000000073f400000, 0x000000073f800000|  0%| F|  |TAMS 0x000000073f400000, 0x000000073f400000| Untracked 
|1278|0x000000073f800000, 0x000000073f800000, 0x000000073fc00000|  0%| F|  |TAMS 0x000000073f800000, 0x000000073f800000| Untracked 
|1279|0x000000073fc00000, 0x000000073fc00000, 0x0000000740000000|  0%| F|  |TAMS 0x000000073fc00000, 0x000000073fc00000| Untracked 
|1280|0x0000000740000000, 0x0000000740000000, 0x0000000740400000|  0%| F|  |TAMS 0x0000000740000000, 0x0000000740000000| Untracked 
|1281|0x0000000740400000, 0x0000000740400000, 0x0000000740800000|  0%| F|  |TAMS 0x0000000740400000, 0x0000000740400000| Untracked 
|1282|0x0000000740800000, 0x0000000740800000, 0x0000000740c00000|  0%| F|  |TAMS 0x0000000740800000, 0x0000000740800000| Untracked 
|1283|0x0000000740c00000, 0x0000000740c00000, 0x0000000741000000|  0%| F|  |TAMS 0x0000000740c00000, 0x0000000740c00000| Untracked 
|1284|0x0000000741000000, 0x0000000741000000, 0x0000000741400000|  0%| F|  |TAMS 0x0000000741000000, 0x0000000741000000| Untracked 
|1285|0x0000000741400000, 0x0000000741400000, 0x0000000741800000|  0%| F|  |TAMS 0x0000000741400000, 0x0000000741400000| Untracked 
|1286|0x0000000741800000, 0x0000000741800000, 0x0000000741c00000|  0%| F|  |TAMS 0x0000000741800000, 0x0000000741800000| Untracked 
|1287|0x0000000741c00000, 0x0000000741c00000, 0x0000000742000000|  0%| F|  |TAMS 0x0000000741c00000, 0x0000000741c00000| Untracked 
|1288|0x0000000742000000, 0x0000000742000000, 0x0000000742400000|  0%| F|  |TAMS 0x0000000742000000, 0x0000000742000000| Untracked 
|1289|0x0000000742400000, 0x0000000742400000, 0x0000000742800000|  0%| F|  |TAMS 0x0000000742400000, 0x0000000742400000| Untracked 
|1290|0x0000000742800000, 0x0000000742800000, 0x0000000742c00000|  0%| F|  |TAMS 0x0000000742800000, 0x0000000742800000| Untracked 
|1291|0x0000000742c00000, 0x0000000742c00000, 0x0000000743000000|  0%| F|  |TAMS 0x0000000742c00000, 0x0000000742c00000| Untracked 
|1292|0x0000000743000000, 0x0000000743000000, 0x0000000743400000|  0%| F|  |TAMS 0x0000000743000000, 0x0000000743000000| Untracked 
|1293|0x0000000743400000, 0x0000000743400000, 0x0000000743800000|  0%| F|  |TAMS 0x0000000743400000, 0x0000000743400000| Untracked 
|1294|0x0000000743800000, 0x0000000743800000, 0x0000000743c00000|  0%| F|  |TAMS 0x0000000743800000, 0x0000000743800000| Untracked 
|1295|0x0000000743c00000, 0x0000000743c00000, 0x0000000744000000|  0%| F|  |TAMS 0x0000000743c00000, 0x0000000743c00000| Untracked 
|1296|0x0000000744000000, 0x0000000744000000, 0x0000000744400000|  0%| F|  |TAMS 0x0000000744000000, 0x0000000744000000| Untracked 
|1297|0x0000000744400000, 0x0000000744400000, 0x0000000744800000|  0%| F|  |TAMS 0x0000000744400000, 0x0000000744400000| Untracked 
|1298|0x0000000744800000, 0x0000000744800000, 0x0000000744c00000|  0%| F|  |TAMS 0x0000000744800000, 0x0000000744800000| Untracked 
|1299|0x0000000744c00000, 0x0000000744c00000, 0x0000000745000000|  0%| F|  |TAMS 0x0000000744c00000, 0x0000000744c00000| Untracked 
|1300|0x0000000745000000, 0x0000000745000000, 0x0000000745400000|  0%| F|  |TAMS 0x0000000745000000, 0x0000000745000000| Untracked 
|1301|0x0000000745400000, 0x0000000745400000, 0x0000000745800000|  0%| F|  |TAMS 0x0000000745400000, 0x0000000745400000| Untracked 
|1302|0x0000000745800000, 0x0000000745800000, 0x0000000745c00000|  0%| F|  |TAMS 0x0000000745800000, 0x0000000745800000| Untracked 
|1303|0x0000000745c00000, 0x0000000745c00000, 0x0000000746000000|  0%| F|  |TAMS 0x0000000745c00000, 0x0000000745c00000| Untracked 
|1304|0x0000000746000000, 0x0000000746000000, 0x0000000746400000|  0%| F|  |TAMS 0x0000000746000000, 0x0000000746000000| Untracked 
|1305|0x0000000746400000, 0x0000000746400000, 0x0000000746800000|  0%| F|  |TAMS 0x0000000746400000, 0x0000000746400000| Untracked 
|1306|0x0000000746800000, 0x0000000746800000, 0x0000000746c00000|  0%| F|  |TAMS 0x0000000746800000, 0x0000000746800000| Untracked 
|1307|0x0000000746c00000, 0x0000000746c00000, 0x0000000747000000|  0%| F|  |TAMS 0x0000000746c00000, 0x0000000746c00000| Untracked 
|1308|0x0000000747000000, 0x0000000747000000, 0x0000000747400000|  0%| F|  |TAMS 0x0000000747000000, 0x0000000747000000| Untracked 
|1309|0x0000000747400000, 0x0000000747400000, 0x0000000747800000|  0%| F|  |TAMS 0x0000000747400000, 0x0000000747400000| Untracked 
|1310|0x0000000747800000, 0x0000000747800000, 0x0000000747c00000|  0%| F|  |TAMS 0x0000000747800000, 0x0000000747800000| Untracked 
|1311|0x0000000747c00000, 0x0000000747c00000, 0x0000000748000000|  0%| F|  |TAMS 0x0000000747c00000, 0x0000000747c00000| Untracked 
|1312|0x0000000748000000, 0x0000000748000000, 0x0000000748400000|  0%| F|  |TAMS 0x0000000748000000, 0x0000000748000000| Untracked 
|1313|0x0000000748400000, 0x0000000748400000, 0x0000000748800000|  0%| F|  |TAMS 0x0000000748400000, 0x0000000748400000| Untracked 
|1314|0x0000000748800000, 0x0000000748800000, 0x0000000748c00000|  0%| F|  |TAMS 0x0000000748800000, 0x0000000748800000| Untracked 
|1315|0x0000000748c00000, 0x0000000748c00000, 0x0000000749000000|  0%| F|  |TAMS 0x0000000748c00000, 0x0000000748c00000| Untracked 
|1316|0x0000000749000000, 0x0000000749000000, 0x0000000749400000|  0%| F|  |TAMS 0x0000000749000000, 0x0000000749000000| Untracked 
|1317|0x0000000749400000, 0x0000000749400000, 0x0000000749800000|  0%| F|  |TAMS 0x0000000749400000, 0x0000000749400000| Untracked 
|1318|0x0000000749800000, 0x0000000749800000, 0x0000000749c00000|  0%| F|  |TAMS 0x0000000749800000, 0x0000000749800000| Untracked 
|1319|0x0000000749c00000, 0x0000000749c00000, 0x000000074a000000|  0%| F|  |TAMS 0x0000000749c00000, 0x0000000749c00000| Untracked 
|1320|0x000000074a000000, 0x000000074a000000, 0x000000074a400000|  0%| F|  |TAMS 0x000000074a000000, 0x000000074a000000| Untracked 
|1321|0x000000074a400000, 0x000000074a400000, 0x000000074a800000|  0%| F|  |TAMS 0x000000074a400000, 0x000000074a400000| Untracked 
|1322|0x000000074a800000, 0x000000074a800000, 0x000000074ac00000|  0%| F|  |TAMS 0x000000074a800000, 0x000000074a800000| Untracked 
|1323|0x000000074ac00000, 0x000000074ac00000, 0x000000074b000000|  0%| F|  |TAMS 0x000000074ac00000, 0x000000074ac00000| Untracked 
|1324|0x000000074b000000, 0x000000074b000000, 0x000000074b400000|  0%| F|  |TAMS 0x000000074b000000, 0x000000074b000000| Untracked 
|1325|0x000000074b400000, 0x000000074b400000, 0x000000074b800000|  0%| F|  |TAMS 0x000000074b400000, 0x000000074b400000| Untracked 
|1326|0x000000074b800000, 0x000000074b800000, 0x000000074bc00000|  0%| F|  |TAMS 0x000000074b800000, 0x000000074b800000| Untracked 
|1327|0x000000074bc00000, 0x000000074bc00000, 0x000000074c000000|  0%| F|  |TAMS 0x000000074bc00000, 0x000000074bc00000| Untracked 
|1328|0x000000074c000000, 0x000000074c000000, 0x000000074c400000|  0%| F|  |TAMS 0x000000074c000000, 0x000000074c000000| Untracked 
|1329|0x000000074c400000, 0x000000074c400000, 0x000000074c800000|  0%| F|  |TAMS 0x000000074c400000, 0x000000074c400000| Untracked 
|1330|0x000000074c800000, 0x000000074c800000, 0x000000074cc00000|  0%| F|  |TAMS 0x000000074c800000, 0x000000074c800000| Untracked 
|1331|0x000000074cc00000, 0x000000074cc00000, 0x000000074d000000|  0%| F|  |TAMS 0x000000074cc00000, 0x000000074cc00000| Untracked 
|1332|0x000000074d000000, 0x000000074d000000, 0x000000074d400000|  0%| F|  |TAMS 0x000000074d000000, 0x000000074d000000| Untracked 
|1333|0x000000074d400000, 0x000000074d400000, 0x000000074d800000|  0%| F|  |TAMS 0x000000074d400000, 0x000000074d400000| Untracked 
|1334|0x000000074d800000, 0x000000074d800000, 0x000000074dc00000|  0%| F|  |TAMS 0x000000074d800000, 0x000000074d800000| Untracked 
|1335|0x000000074dc00000, 0x000000074dc00000, 0x000000074e000000|  0%| F|  |TAMS 0x000000074dc00000, 0x000000074dc00000| Untracked 
|1336|0x000000074e000000, 0x000000074e000000, 0x000000074e400000|  0%| F|  |TAMS 0x000000074e000000, 0x000000074e000000| Untracked 
|1337|0x000000074e400000, 0x000000074e400000, 0x000000074e800000|  0%| F|  |TAMS 0x000000074e400000, 0x000000074e400000| Untracked 
|1338|0x000000074e800000, 0x000000074e800000, 0x000000074ec00000|  0%| F|  |TAMS 0x000000074e800000, 0x000000074e800000| Untracked 
|1339|0x000000074ec00000, 0x000000074ec00000, 0x000000074f000000|  0%| F|  |TAMS 0x000000074ec00000, 0x000000074ec00000| Untracked 
|1340|0x000000074f000000, 0x000000074f000000, 0x000000074f400000|  0%| F|  |TAMS 0x000000074f000000, 0x000000074f000000| Untracked 
|1341|0x000000074f400000, 0x000000074f400000, 0x000000074f800000|  0%| F|  |TAMS 0x000000074f400000, 0x000000074f400000| Untracked 
|1342|0x000000074f800000, 0x000000074f800000, 0x000000074fc00000|  0%| F|  |TAMS 0x000000074f800000, 0x000000074f800000| Untracked 
|1343|0x000000074fc00000, 0x000000074fc00000, 0x0000000750000000|  0%| F|  |TAMS 0x000000074fc00000, 0x000000074fc00000| Untracked 
|1344|0x0000000750000000, 0x0000000750000000, 0x0000000750400000|  0%| F|  |TAMS 0x0000000750000000, 0x0000000750000000| Untracked 
|1345|0x0000000750400000, 0x0000000750400000, 0x0000000750800000|  0%| F|  |TAMS 0x0000000750400000, 0x0000000750400000| Untracked 
|1346|0x0000000750800000, 0x0000000750800000, 0x0000000750c00000|  0%| F|  |TAMS 0x0000000750800000, 0x0000000750800000| Untracked 
|1347|0x0000000750c00000, 0x0000000750c00000, 0x0000000751000000|  0%| F|  |TAMS 0x0000000750c00000, 0x0000000750c00000| Untracked 
|1348|0x0000000751000000, 0x0000000751000000, 0x0000000751400000|  0%| F|  |TAMS 0x0000000751000000, 0x0000000751000000| Untracked 
|1349|0x0000000751400000, 0x0000000751400000, 0x0000000751800000|  0%| F|  |TAMS 0x0000000751400000, 0x0000000751400000| Untracked 
|1350|0x0000000751800000, 0x0000000751800000, 0x0000000751c00000|  0%| F|  |TAMS 0x0000000751800000, 0x0000000751800000| Untracked 
|1351|0x0000000751c00000, 0x0000000751c00000, 0x0000000752000000|  0%| F|  |TAMS 0x0000000751c00000, 0x0000000751c00000| Untracked 
|1352|0x0000000752000000, 0x0000000752000000, 0x0000000752400000|  0%| F|  |TAMS 0x0000000752000000, 0x0000000752000000| Untracked 
|1353|0x0000000752400000, 0x0000000752400000, 0x0000000752800000|  0%| F|  |TAMS 0x0000000752400000, 0x0000000752400000| Untracked 
|1354|0x0000000752800000, 0x0000000752800000, 0x0000000752c00000|  0%| F|  |TAMS 0x0000000752800000, 0x0000000752800000| Untracked 
|1355|0x0000000752c00000, 0x0000000752c00000, 0x0000000753000000|  0%| F|  |TAMS 0x0000000752c00000, 0x0000000752c00000| Untracked 
|1356|0x0000000753000000, 0x0000000753000000, 0x0000000753400000|  0%| F|  |TAMS 0x0000000753000000, 0x0000000753000000| Untracked 
|1357|0x0000000753400000, 0x0000000753400000, 0x0000000753800000|  0%| F|  |TAMS 0x0000000753400000, 0x0000000753400000| Untracked 
|1358|0x0000000753800000, 0x0000000753800000, 0x0000000753c00000|  0%| F|  |TAMS 0x0000000753800000, 0x0000000753800000| Untracked 
|1359|0x0000000753c00000, 0x0000000753c00000, 0x0000000754000000|  0%| F|  |TAMS 0x0000000753c00000, 0x0000000753c00000| Untracked 
|1360|0x0000000754000000, 0x0000000754000000, 0x0000000754400000|  0%| F|  |TAMS 0x0000000754000000, 0x0000000754000000| Untracked 
|1361|0x0000000754400000, 0x0000000754400000, 0x0000000754800000|  0%| F|  |TAMS 0x0000000754400000, 0x0000000754400000| Untracked 
|1362|0x0000000754800000, 0x0000000754800000, 0x0000000754c00000|  0%| F|  |TAMS 0x0000000754800000, 0x0000000754800000| Untracked 
|1363|0x0000000754c00000, 0x0000000754c00000, 0x0000000755000000|  0%| F|  |TAMS 0x0000000754c00000, 0x0000000754c00000| Untracked 
|1364|0x0000000755000000, 0x0000000755000000, 0x0000000755400000|  0%| F|  |TAMS 0x0000000755000000, 0x0000000755000000| Untracked 
|1365|0x0000000755400000, 0x0000000755400000, 0x0000000755800000|  0%| F|  |TAMS 0x0000000755400000, 0x0000000755400000| Untracked 
|1366|0x0000000755800000, 0x0000000755800000, 0x0000000755c00000|  0%| F|  |TAMS 0x0000000755800000, 0x0000000755800000| Untracked 
|1367|0x0000000755c00000, 0x0000000755c00000, 0x0000000756000000|  0%| F|  |TAMS 0x0000000755c00000, 0x0000000755c00000| Untracked 
|1368|0x0000000756000000, 0x0000000756000000, 0x0000000756400000|  0%| F|  |TAMS 0x0000000756000000, 0x0000000756000000| Untracked 
|1369|0x0000000756400000, 0x0000000756400000, 0x0000000756800000|  0%| F|  |TAMS 0x0000000756400000, 0x0000000756400000| Untracked 
|1370|0x0000000756800000, 0x0000000756800000, 0x0000000756c00000|  0%| F|  |TAMS 0x0000000756800000, 0x0000000756800000| Untracked 
|1371|0x0000000756c00000, 0x0000000756c00000, 0x0000000757000000|  0%| F|  |TAMS 0x0000000756c00000, 0x0000000756c00000| Untracked 
|1372|0x0000000757000000, 0x0000000757000000, 0x0000000757400000|  0%| F|  |TAMS 0x0000000757000000, 0x0000000757000000| Untracked 
|1373|0x0000000757400000, 0x0000000757400000, 0x0000000757800000|  0%| F|  |TAMS 0x0000000757400000, 0x0000000757400000| Untracked 
|1374|0x0000000757800000, 0x0000000757800000, 0x0000000757c00000|  0%| F|  |TAMS 0x0000000757800000, 0x0000000757800000| Untracked 
|1375|0x0000000757c00000, 0x0000000757c00000, 0x0000000758000000|  0%| F|  |TAMS 0x0000000757c00000, 0x0000000757c00000| Untracked 
|1376|0x0000000758000000, 0x0000000758000000, 0x0000000758400000|  0%| F|  |TAMS 0x0000000758000000, 0x0000000758000000| Untracked 
|1377|0x0000000758400000, 0x0000000758400000, 0x0000000758800000|  0%| F|  |TAMS 0x0000000758400000, 0x0000000758400000| Untracked 
|1378|0x0000000758800000, 0x0000000758800000, 0x0000000758c00000|  0%| F|  |TAMS 0x0000000758800000, 0x0000000758800000| Untracked 
|1379|0x0000000758c00000, 0x0000000758c00000, 0x0000000759000000|  0%| F|  |TAMS 0x0000000758c00000, 0x0000000758c00000| Untracked 
|1380|0x0000000759000000, 0x0000000759000000, 0x0000000759400000|  0%| F|  |TAMS 0x0000000759000000, 0x0000000759000000| Untracked 
|1381|0x0000000759400000, 0x0000000759400000, 0x0000000759800000|  0%| F|  |TAMS 0x0000000759400000, 0x0000000759400000| Untracked 
|1382|0x0000000759800000, 0x0000000759800000, 0x0000000759c00000|  0%| F|  |TAMS 0x0000000759800000, 0x0000000759800000| Untracked 
|1383|0x0000000759c00000, 0x0000000759c00000, 0x000000075a000000|  0%| F|  |TAMS 0x0000000759c00000, 0x0000000759c00000| Untracked 
|1384|0x000000075a000000, 0x000000075a000000, 0x000000075a400000|  0%| F|  |TAMS 0x000000075a000000, 0x000000075a000000| Untracked 
|1385|0x000000075a400000, 0x000000075a400000, 0x000000075a800000|  0%| F|  |TAMS 0x000000075a400000, 0x000000075a400000| Untracked 
|1386|0x000000075a800000, 0x000000075a800000, 0x000000075ac00000|  0%| F|  |TAMS 0x000000075a800000, 0x000000075a800000| Untracked 
|1387|0x000000075ac00000, 0x000000075ac00000, 0x000000075b000000|  0%| F|  |TAMS 0x000000075ac00000, 0x000000075ac00000| Untracked 
|1388|0x000000075b000000, 0x000000075b000000, 0x000000075b400000|  0%| F|  |TAMS 0x000000075b000000, 0x000000075b000000| Untracked 
|1389|0x000000075b400000, 0x000000075b400000, 0x000000075b800000|  0%| F|  |TAMS 0x000000075b400000, 0x000000075b400000| Untracked 
|1390|0x000000075b800000, 0x000000075b800000, 0x000000075bc00000|  0%| F|  |TAMS 0x000000075b800000, 0x000000075b800000| Untracked 
|1391|0x000000075bc00000, 0x000000075bc00000, 0x000000075c000000|  0%| F|  |TAMS 0x000000075bc00000, 0x000000075bc00000| Untracked 
|1392|0x000000075c000000, 0x000000075c000000, 0x000000075c400000|  0%| F|  |TAMS 0x000000075c000000, 0x000000075c000000| Untracked 
|1393|0x000000075c400000, 0x000000075c400000, 0x000000075c800000|  0%| F|  |TAMS 0x000000075c400000, 0x000000075c400000| Untracked 
|1394|0x000000075c800000, 0x000000075c800000, 0x000000075cc00000|  0%| F|  |TAMS 0x000000075c800000, 0x000000075c800000| Untracked 
|1395|0x000000075cc00000, 0x000000075cc00000, 0x000000075d000000|  0%| F|  |TAMS 0x000000075cc00000, 0x000000075cc00000| Untracked 
|1396|0x000000075d000000, 0x000000075d000000, 0x000000075d400000|  0%| F|  |TAMS 0x000000075d000000, 0x000000075d000000| Untracked 
|1397|0x000000075d400000, 0x000000075d400000, 0x000000075d800000|  0%| F|  |TAMS 0x000000075d400000, 0x000000075d400000| Untracked 
|1398|0x000000075d800000, 0x000000075d800000, 0x000000075dc00000|  0%| F|  |TAMS 0x000000075d800000, 0x000000075d800000| Untracked 
|1399|0x000000075dc00000, 0x000000075dc00000, 0x000000075e000000|  0%| F|  |TAMS 0x000000075dc00000, 0x000000075dc00000| Untracked 
|1400|0x000000075e000000, 0x000000075e000000, 0x000000075e400000|  0%| F|  |TAMS 0x000000075e000000, 0x000000075e000000| Untracked 
|1401|0x000000075e400000, 0x000000075e400000, 0x000000075e800000|  0%| F|  |TAMS 0x000000075e400000, 0x000000075e400000| Untracked 
|1402|0x000000075e800000, 0x000000075e800000, 0x000000075ec00000|  0%| F|  |TAMS 0x000000075e800000, 0x000000075e800000| Untracked 
|1403|0x000000075ec00000, 0x000000075ec00000, 0x000000075f000000|  0%| F|  |TAMS 0x000000075ec00000, 0x000000075ec00000| Untracked 
|1404|0x000000075f000000, 0x000000075f000000, 0x000000075f400000|  0%| F|  |TAMS 0x000000075f000000, 0x000000075f000000| Untracked 
|1405|0x000000075f400000, 0x000000075f400000, 0x000000075f800000|  0%| F|  |TAMS 0x000000075f400000, 0x000000075f400000| Untracked 
|1406|0x000000075f800000, 0x000000075f800000, 0x000000075fc00000|  0%| F|  |TAMS 0x000000075f800000, 0x000000075f800000| Untracked 
|1407|0x000000075fc00000, 0x000000075fc00000, 0x0000000760000000|  0%| F|  |TAMS 0x000000075fc00000, 0x000000075fc00000| Untracked 
|1408|0x0000000760000000, 0x0000000760000000, 0x0000000760400000|  0%| F|  |TAMS 0x0000000760000000, 0x0000000760000000| Untracked 
|1409|0x0000000760400000, 0x0000000760400000, 0x0000000760800000|  0%| F|  |TAMS 0x0000000760400000, 0x0000000760400000| Untracked 
|1410|0x0000000760800000, 0x0000000760800000, 0x0000000760c00000|  0%| F|  |TAMS 0x0000000760800000, 0x0000000760800000| Untracked 
|1411|0x0000000760c00000, 0x0000000760c00000, 0x0000000761000000|  0%| F|  |TAMS 0x0000000760c00000, 0x0000000760c00000| Untracked 
|1412|0x0000000761000000, 0x0000000761000000, 0x0000000761400000|  0%| F|  |TAMS 0x0000000761000000, 0x0000000761000000| Untracked 
|1413|0x0000000761400000, 0x0000000761400000, 0x0000000761800000|  0%| F|  |TAMS 0x0000000761400000, 0x0000000761400000| Untracked 
|1414|0x0000000761800000, 0x0000000761800000, 0x0000000761c00000|  0%| F|  |TAMS 0x0000000761800000, 0x0000000761800000| Untracked 
|1415|0x0000000761c00000, 0x0000000761c00000, 0x0000000762000000|  0%| F|  |TAMS 0x0000000761c00000, 0x0000000761c00000| Untracked 
|1416|0x0000000762000000, 0x0000000762000000, 0x0000000762400000|  0%| F|  |TAMS 0x0000000762000000, 0x0000000762000000| Untracked 
|1417|0x0000000762400000, 0x0000000762400000, 0x0000000762800000|  0%| F|  |TAMS 0x0000000762400000, 0x0000000762400000| Untracked 
|1418|0x0000000762800000, 0x0000000762800000, 0x0000000762c00000|  0%| F|  |TAMS 0x0000000762800000, 0x0000000762800000| Untracked 
|1419|0x0000000762c00000, 0x0000000762c00000, 0x0000000763000000|  0%| F|  |TAMS 0x0000000762c00000, 0x0000000762c00000| Untracked 
|1420|0x0000000763000000, 0x0000000763000000, 0x0000000763400000|  0%| F|  |TAMS 0x0000000763000000, 0x0000000763000000| Untracked 
|1421|0x0000000763400000, 0x0000000763400000, 0x0000000763800000|  0%| F|  |TAMS 0x0000000763400000, 0x0000000763400000| Untracked 
|1422|0x0000000763800000, 0x0000000763800000, 0x0000000763c00000|  0%| F|  |TAMS 0x0000000763800000, 0x0000000763800000| Untracked 
|1423|0x0000000763c00000, 0x0000000763c00000, 0x0000000764000000|  0%| F|  |TAMS 0x0000000763c00000, 0x0000000763c00000| Untracked 
|1424|0x0000000764000000, 0x0000000764000000, 0x0000000764400000|  0%| F|  |TAMS 0x0000000764000000, 0x0000000764000000| Untracked 
|1425|0x0000000764400000, 0x0000000764400000, 0x0000000764800000|  0%| F|  |TAMS 0x0000000764400000, 0x0000000764400000| Untracked 
|1426|0x0000000764800000, 0x0000000764800000, 0x0000000764c00000|  0%| F|  |TAMS 0x0000000764800000, 0x0000000764800000| Untracked 
|1427|0x0000000764c00000, 0x0000000764c00000, 0x0000000765000000|  0%| F|  |TAMS 0x0000000764c00000, 0x0000000764c00000| Untracked 
|1428|0x0000000765000000, 0x0000000765000000, 0x0000000765400000|  0%| F|  |TAMS 0x0000000765000000, 0x0000000765000000| Untracked 
|1429|0x0000000765400000, 0x0000000765400000, 0x0000000765800000|  0%| F|  |TAMS 0x0000000765400000, 0x0000000765400000| Untracked 
|1430|0x0000000765800000, 0x0000000765800000, 0x0000000765c00000|  0%| F|  |TAMS 0x0000000765800000, 0x0000000765800000| Untracked 
|1431|0x0000000765c00000, 0x0000000765c00000, 0x0000000766000000|  0%| F|  |TAMS 0x0000000765c00000, 0x0000000765c00000| Untracked 
|1432|0x0000000766000000, 0x0000000766000000, 0x0000000766400000|  0%| F|  |TAMS 0x0000000766000000, 0x0000000766000000| Untracked 
|1433|0x0000000766400000, 0x0000000766400000, 0x0000000766800000|  0%| F|  |TAMS 0x0000000766400000, 0x0000000766400000| Untracked 
|1434|0x0000000766800000, 0x0000000766800000, 0x0000000766c00000|  0%| F|  |TAMS 0x0000000766800000, 0x0000000766800000| Untracked 
|1435|0x0000000766c00000, 0x0000000766c00000, 0x0000000767000000|  0%| F|  |TAMS 0x0000000766c00000, 0x0000000766c00000| Untracked 
|1436|0x0000000767000000, 0x0000000767000000, 0x0000000767400000|  0%| F|  |TAMS 0x0000000767000000, 0x0000000767000000| Untracked 
|1437|0x0000000767400000, 0x0000000767400000, 0x0000000767800000|  0%| F|  |TAMS 0x0000000767400000, 0x0000000767400000| Untracked 
|1438|0x0000000767800000, 0x0000000767800000, 0x0000000767c00000|  0%| F|  |TAMS 0x0000000767800000, 0x0000000767800000| Untracked 
|1439|0x0000000767c00000, 0x0000000767c00000, 0x0000000768000000|  0%| F|  |TAMS 0x0000000767c00000, 0x0000000767c00000| Untracked 
|1440|0x0000000768000000, 0x0000000768000000, 0x0000000768400000|  0%| F|  |TAMS 0x0000000768000000, 0x0000000768000000| Untracked 
|1441|0x0000000768400000, 0x0000000768400000, 0x0000000768800000|  0%| F|  |TAMS 0x0000000768400000, 0x0000000768400000| Untracked 
|1442|0x0000000768800000, 0x0000000768800000, 0x0000000768c00000|  0%| F|  |TAMS 0x0000000768800000, 0x0000000768800000| Untracked 
|1443|0x0000000768c00000, 0x0000000768c00000, 0x0000000769000000|  0%| F|  |TAMS 0x0000000768c00000, 0x0000000768c00000| Untracked 
|1444|0x0000000769000000, 0x0000000769000000, 0x0000000769400000|  0%| F|  |TAMS 0x0000000769000000, 0x0000000769000000| Untracked 
|1445|0x0000000769400000, 0x0000000769400000, 0x0000000769800000|  0%| F|  |TAMS 0x0000000769400000, 0x0000000769400000| Untracked 
|1446|0x0000000769800000, 0x0000000769800000, 0x0000000769c00000|  0%| F|  |TAMS 0x0000000769800000, 0x0000000769800000| Untracked 
|1447|0x0000000769c00000, 0x0000000769c00000, 0x000000076a000000|  0%| F|  |TAMS 0x0000000769c00000, 0x0000000769c00000| Untracked 
|1448|0x000000076a000000, 0x000000076a000000, 0x000000076a400000|  0%| F|  |TAMS 0x000000076a000000, 0x000000076a000000| Untracked 
|1449|0x000000076a400000, 0x000000076a400000, 0x000000076a800000|  0%| F|  |TAMS 0x000000076a400000, 0x000000076a400000| Untracked 
|1450|0x000000076a800000, 0x000000076a800000, 0x000000076ac00000|  0%| F|  |TAMS 0x000000076a800000, 0x000000076a800000| Untracked 
|1451|0x000000076ac00000, 0x000000076ac00000, 0x000000076b000000|  0%| F|  |TAMS 0x000000076ac00000, 0x000000076ac00000| Untracked 
|1452|0x000000076b000000, 0x000000076b000000, 0x000000076b400000|  0%| F|  |TAMS 0x000000076b000000, 0x000000076b000000| Untracked 
|1453|0x000000076b400000, 0x000000076b400000, 0x000000076b800000|  0%| F|  |TAMS 0x000000076b400000, 0x000000076b400000| Untracked 
|1454|0x000000076b800000, 0x000000076b800000, 0x000000076bc00000|  0%| F|  |TAMS 0x000000076b800000, 0x000000076b800000| Untracked 
|1455|0x000000076bc00000, 0x000000076bc00000, 0x000000076c000000|  0%| F|  |TAMS 0x000000076bc00000, 0x000000076bc00000| Untracked 
|1456|0x000000076c000000, 0x000000076c000000, 0x000000076c400000|  0%| F|  |TAMS 0x000000076c000000, 0x000000076c000000| Untracked 
|1457|0x000000076c400000, 0x000000076c400000, 0x000000076c800000|  0%| F|  |TAMS 0x000000076c400000, 0x000000076c400000| Untracked 
|1458|0x000000076c800000, 0x000000076c800000, 0x000000076cc00000|  0%| F|  |TAMS 0x000000076c800000, 0x000000076c800000| Untracked 
|1459|0x000000076cc00000, 0x000000076cc00000, 0x000000076d000000|  0%| F|  |TAMS 0x000000076cc00000, 0x000000076cc00000| Untracked 
|1460|0x000000076d000000, 0x000000076d000000, 0x000000076d400000|  0%| F|  |TAMS 0x000000076d000000, 0x000000076d000000| Untracked 
|1461|0x000000076d400000, 0x000000076d400000, 0x000000076d800000|  0%| F|  |TAMS 0x000000076d400000, 0x000000076d400000| Untracked 
|1462|0x000000076d800000, 0x000000076d800000, 0x000000076dc00000|  0%| F|  |TAMS 0x000000076d800000, 0x000000076d800000| Untracked 
|1463|0x000000076dc00000, 0x000000076dc00000, 0x000000076e000000|  0%| F|  |TAMS 0x000000076dc00000, 0x000000076dc00000| Untracked 
|1464|0x000000076e000000, 0x000000076e000000, 0x000000076e400000|  0%| F|  |TAMS 0x000000076e000000, 0x000000076e000000| Untracked 
|1465|0x000000076e400000, 0x000000076e400000, 0x000000076e800000|  0%| F|  |TAMS 0x000000076e400000, 0x000000076e400000| Untracked 
|1466|0x000000076e800000, 0x000000076e800000, 0x000000076ec00000|  0%| F|  |TAMS 0x000000076e800000, 0x000000076e800000| Untracked 
|1467|0x000000076ec00000, 0x000000076ec00000, 0x000000076f000000|  0%| F|  |TAMS 0x000000076ec00000, 0x000000076ec00000| Untracked 
|1468|0x000000076f000000, 0x000000076f000000, 0x000000076f400000|  0%| F|  |TAMS 0x000000076f000000, 0x000000076f000000| Untracked 
|1469|0x000000076f400000, 0x000000076f600000, 0x000000076f800000| 50%| E|  |TAMS 0x000000076f400000, 0x000000076f400000| Complete 
|1470|0x000000076f800000, 0x000000076fc00000, 0x000000076fc00000|100%| E|CS|TAMS 0x000000076f800000, 0x000000076f800000| Complete 
|1471|0x000000076fc00000, 0x0000000770000000, 0x0000000770000000|100%| E|CS|TAMS 0x000000076fc00000, 0x000000076fc00000| Complete 
|1472|0x0000000770000000, 0x0000000770400000, 0x0000000770400000|100%| E|CS|TAMS 0x0000000770000000, 0x0000000770000000| Complete 
|1473|0x0000000770400000, 0x0000000770800000, 0x0000000770800000|100%| E|CS|TAMS 0x0000000770400000, 0x0000000770400000| Complete 
|1474|0x0000000770800000, 0x0000000770c00000, 0x0000000770c00000|100%| E|CS|TAMS 0x0000000770800000, 0x0000000770800000| Complete 
|1475|0x0000000770c00000, 0x0000000771000000, 0x0000000771000000|100%| E|CS|TAMS 0x0000000770c00000, 0x0000000770c00000| Complete 
|1476|0x0000000771000000, 0x0000000771400000, 0x0000000771400000|100%| E|CS|TAMS 0x0000000771000000, 0x0000000771000000| Complete 
|1477|0x0000000771400000, 0x0000000771800000, 0x0000000771800000|100%| E|CS|TAMS 0x0000000771400000, 0x0000000771400000| Complete 
|1478|0x0000000771800000, 0x0000000771c00000, 0x0000000771c00000|100%| E|CS|TAMS 0x0000000771800000, 0x0000000771800000| Complete 
|1479|0x0000000771c00000, 0x0000000772000000, 0x0000000772000000|100%| E|CS|TAMS 0x0000000771c00000, 0x0000000771c00000| Complete 
|1480|0x0000000772000000, 0x0000000772400000, 0x0000000772400000|100%| E|CS|TAMS 0x0000000772000000, 0x0000000772000000| Complete 
|1481|0x0000000772400000, 0x0000000772800000, 0x0000000772800000|100%| E|CS|TAMS 0x0000000772400000, 0x0000000772400000| Complete 
|1482|0x0000000772800000, 0x0000000772c00000, 0x0000000772c00000|100%| E|CS|TAMS 0x0000000772800000, 0x0000000772800000| Complete 
|1483|0x0000000772c00000, 0x0000000773000000, 0x0000000773000000|100%| E|CS|TAMS 0x0000000772c00000, 0x0000000772c00000| Complete 
|1484|0x0000000773000000, 0x0000000773400000, 0x0000000773400000|100%| E|CS|TAMS 0x0000000773000000, 0x0000000773000000| Complete 
|1485|0x0000000773400000, 0x0000000773800000, 0x0000000773800000|100%| E|CS|TAMS 0x0000000773400000, 0x0000000773400000| Complete 
|1486|0x0000000773800000, 0x0000000773c00000, 0x0000000773c00000|100%| E|CS|TAMS 0x0000000773800000, 0x0000000773800000| Complete 
|1487|0x0000000773c00000, 0x0000000774000000, 0x0000000774000000|100%| E|CS|TAMS 0x0000000773c00000, 0x0000000773c00000| Complete 
|1488|0x0000000774000000, 0x0000000774400000, 0x0000000774400000|100%| E|CS|TAMS 0x0000000774000000, 0x0000000774000000| Complete 
|1489|0x0000000774400000, 0x0000000774800000, 0x0000000774800000|100%| E|CS|TAMS 0x0000000774400000, 0x0000000774400000| Complete 
|1490|0x0000000774800000, 0x0000000774c00000, 0x0000000774c00000|100%| E|CS|TAMS 0x0000000774800000, 0x0000000774800000| Complete 
|1491|0x0000000774c00000, 0x0000000775000000, 0x0000000775000000|100%| E|CS|TAMS 0x0000000774c00000, 0x0000000774c00000| Complete 
|1492|0x0000000775000000, 0x0000000775400000, 0x0000000775400000|100%| E|CS|TAMS 0x0000000775000000, 0x0000000775000000| Complete 
|1493|0x0000000775400000, 0x0000000775800000, 0x0000000775800000|100%| E|CS|TAMS 0x0000000775400000, 0x0000000775400000| Complete 
|1494|0x0000000775800000, 0x0000000775c00000, 0x0000000775c00000|100%| E|CS|TAMS 0x0000000775800000, 0x0000000775800000| Complete 
|1495|0x0000000775c00000, 0x0000000776000000, 0x0000000776000000|100%| E|CS|TAMS 0x0000000775c00000, 0x0000000775c00000| Complete 
|1496|0x0000000776000000, 0x0000000776400000, 0x0000000776400000|100%| E|CS|TAMS 0x0000000776000000, 0x0000000776000000| Complete 
|1497|0x0000000776400000, 0x0000000776800000, 0x0000000776800000|100%| E|CS|TAMS 0x0000000776400000, 0x0000000776400000| Complete 
|1498|0x0000000776800000, 0x0000000776c00000, 0x0000000776c00000|100%| E|CS|TAMS 0x0000000776800000, 0x0000000776800000| Complete 
|1499|0x0000000776c00000, 0x0000000777000000, 0x0000000777000000|100%| E|CS|TAMS 0x0000000776c00000, 0x0000000776c00000| Complete 
|1500|0x0000000777000000, 0x0000000777400000, 0x0000000777400000|100%| E|CS|TAMS 0x0000000777000000, 0x0000000777000000| Complete 
|1501|0x0000000777400000, 0x0000000777800000, 0x0000000777800000|100%| E|CS|TAMS 0x0000000777400000, 0x0000000777400000| Complete 
|1502|0x0000000777800000, 0x0000000777c00000, 0x0000000777c00000|100%| E|CS|TAMS 0x0000000777800000, 0x0000000777800000| Complete 
|1503|0x0000000777c00000, 0x0000000778000000, 0x0000000778000000|100%| E|CS|TAMS 0x0000000777c00000, 0x0000000777c00000| Complete 
|1504|0x0000000778000000, 0x0000000778400000, 0x0000000778400000|100%| E|CS|TAMS 0x0000000778000000, 0x0000000778000000| Complete 
|1505|0x0000000778400000, 0x0000000778800000, 0x0000000778800000|100%| E|CS|TAMS 0x0000000778400000, 0x0000000778400000| Complete 
|1506|0x0000000778800000, 0x0000000778c00000, 0x0000000778c00000|100%| E|CS|TAMS 0x0000000778800000, 0x0000000778800000| Complete 
|1507|0x0000000778c00000, 0x0000000779000000, 0x0000000779000000|100%| E|CS|TAMS 0x0000000778c00000, 0x0000000778c00000| Complete 
|1508|0x0000000779000000, 0x0000000779400000, 0x0000000779400000|100%| E|CS|TAMS 0x0000000779000000, 0x0000000779000000| Complete 
|1509|0x0000000779400000, 0x0000000779800000, 0x0000000779800000|100%| E|CS|TAMS 0x0000000779400000, 0x0000000779400000| Complete 
|1510|0x0000000779800000, 0x0000000779c00000, 0x0000000779c00000|100%| E|CS|TAMS 0x0000000779800000, 0x0000000779800000| Complete 
|1511|0x0000000779c00000, 0x000000077a000000, 0x000000077a000000|100%| E|CS|TAMS 0x0000000779c00000, 0x0000000779c00000| Complete 
|1512|0x000000077a000000, 0x000000077a400000, 0x000000077a400000|100%| E|CS|TAMS 0x000000077a000000, 0x000000077a000000| Complete 
|1513|0x000000077a400000, 0x000000077a800000, 0x000000077a800000|100%| E|CS|TAMS 0x000000077a400000, 0x000000077a400000| Complete 
|1514|0x000000077a800000, 0x000000077ac00000, 0x000000077ac00000|100%| E|CS|TAMS 0x000000077a800000, 0x000000077a800000| Complete 
|1515|0x000000077ac00000, 0x000000077b000000, 0x000000077b000000|100%| E|CS|TAMS 0x000000077ac00000, 0x000000077ac00000| Complete 
|1516|0x000000077b000000, 0x000000077b400000, 0x000000077b400000|100%| E|CS|TAMS 0x000000077b000000, 0x000000077b000000| Complete 
|1517|0x000000077b400000, 0x000000077b800000, 0x000000077b800000|100%| E|CS|TAMS 0x000000077b400000, 0x000000077b400000| Complete 
|1518|0x000000077b800000, 0x000000077bc00000, 0x000000077bc00000|100%| E|CS|TAMS 0x000000077b800000, 0x000000077b800000| Complete 
|1519|0x000000077bc00000, 0x000000077c000000, 0x000000077c000000|100%| E|CS|TAMS 0x000000077bc00000, 0x000000077bc00000| Complete 
|1520|0x000000077c000000, 0x000000077c400000, 0x000000077c400000|100%| E|CS|TAMS 0x000000077c000000, 0x000000077c000000| Complete 
|1521|0x000000077c400000, 0x000000077c800000, 0x000000077c800000|100%| E|CS|TAMS 0x000000077c400000, 0x000000077c400000| Complete 
|1522|0x000000077c800000, 0x000000077cc00000, 0x000000077cc00000|100%| E|CS|TAMS 0x000000077c800000, 0x000000077c800000| Complete 
|1523|0x000000077cc00000, 0x000000077d000000, 0x000000077d000000|100%| E|CS|TAMS 0x000000077cc00000, 0x000000077cc00000| Complete 
|1524|0x000000077d000000, 0x000000077d400000, 0x000000077d400000|100%| E|CS|TAMS 0x000000077d000000, 0x000000077d000000| Complete 
|1525|0x000000077d400000, 0x000000077d800000, 0x000000077d800000|100%| E|CS|TAMS 0x000000077d400000, 0x000000077d400000| Complete 
|1526|0x000000077d800000, 0x000000077dc00000, 0x000000077dc00000|100%| E|CS|TAMS 0x000000077d800000, 0x000000077d800000| Complete 
|1527|0x000000077dc00000, 0x000000077e000000, 0x000000077e000000|100%| E|CS|TAMS 0x000000077dc00000, 0x000000077dc00000| Complete 
|1528|0x000000077e000000, 0x000000077e400000, 0x000000077e400000|100%| E|CS|TAMS 0x000000077e000000, 0x000000077e000000| Complete 
|1529|0x000000077e400000, 0x000000077e800000, 0x000000077e800000|100%| E|CS|TAMS 0x000000077e400000, 0x000000077e400000| Complete 
|1530|0x000000077e800000, 0x000000077ec00000, 0x000000077ec00000|100%| E|CS|TAMS 0x000000077e800000, 0x000000077e800000| Complete 
|1531|0x000000077ec00000, 0x000000077f000000, 0x000000077f000000|100%| E|CS|TAMS 0x000000077ec00000, 0x000000077ec00000| Complete 
|1532|0x000000077f000000, 0x000000077f400000, 0x000000077f400000|100%| E|CS|TAMS 0x000000077f000000, 0x000000077f000000| Complete 
|1533|0x000000077f400000, 0x000000077f800000, 0x000000077f800000|100%| E|CS|TAMS 0x000000077f400000, 0x000000077f400000| Complete 
|1534|0x000000077f800000, 0x000000077fc00000, 0x000000077fc00000|100%| E|CS|TAMS 0x000000077f800000, 0x000000077f800000| Complete 
|1535|0x000000077fc00000, 0x0000000780000000, 0x0000000780000000|100%| E|CS|TAMS 0x000000077fc00000, 0x000000077fc00000| Complete 
|1536|0x0000000780000000, 0x0000000780400000, 0x0000000780400000|100%| E|CS|TAMS 0x0000000780000000, 0x0000000780000000| Complete 
|1537|0x0000000780400000, 0x0000000780800000, 0x0000000780800000|100%| E|CS|TAMS 0x0000000780400000, 0x0000000780400000| Complete 
|1538|0x0000000780800000, 0x0000000780c00000, 0x0000000780c00000|100%| E|CS|TAMS 0x0000000780800000, 0x0000000780800000| Complete 
|1539|0x0000000780c00000, 0x0000000781000000, 0x0000000781000000|100%| E|CS|TAMS 0x0000000780c00000, 0x0000000780c00000| Complete 
|1540|0x0000000781000000, 0x0000000781400000, 0x0000000781400000|100%| E|CS|TAMS 0x0000000781000000, 0x0000000781000000| Complete 
|1541|0x0000000781400000, 0x0000000781800000, 0x0000000781800000|100%| E|CS|TAMS 0x0000000781400000, 0x0000000781400000| Complete 
|1542|0x0000000781800000, 0x0000000781c00000, 0x0000000781c00000|100%| E|CS|TAMS 0x0000000781800000, 0x0000000781800000| Complete 
|1543|0x0000000781c00000, 0x0000000782000000, 0x0000000782000000|100%| E|CS|TAMS 0x0000000781c00000, 0x0000000781c00000| Complete 
|1544|0x0000000782000000, 0x0000000782400000, 0x0000000782400000|100%| E|CS|TAMS 0x0000000782000000, 0x0000000782000000| Complete 
|1545|0x0000000782400000, 0x0000000782800000, 0x0000000782800000|100%| E|CS|TAMS 0x0000000782400000, 0x0000000782400000| Complete 
|1546|0x0000000782800000, 0x0000000782c00000, 0x0000000782c00000|100%| E|CS|TAMS 0x0000000782800000, 0x0000000782800000| Complete 
|1547|0x0000000782c00000, 0x0000000783000000, 0x0000000783000000|100%| E|CS|TAMS 0x0000000782c00000, 0x0000000782c00000| Complete 
|1548|0x0000000783000000, 0x0000000783400000, 0x0000000783400000|100%| E|CS|TAMS 0x0000000783000000, 0x0000000783000000| Complete 
|1549|0x0000000783400000, 0x0000000783800000, 0x0000000783800000|100%| E|CS|TAMS 0x0000000783400000, 0x0000000783400000| Complete 
|1550|0x0000000783800000, 0x0000000783c00000, 0x0000000783c00000|100%| E|CS|TAMS 0x0000000783800000, 0x0000000783800000| Complete 
|1551|0x0000000783c00000, 0x0000000784000000, 0x0000000784000000|100%| E|CS|TAMS 0x0000000783c00000, 0x0000000783c00000| Complete 
|1552|0x0000000784000000, 0x0000000784400000, 0x0000000784400000|100%| E|CS|TAMS 0x0000000784000000, 0x0000000784000000| Complete 
|1553|0x0000000784400000, 0x0000000784800000, 0x0000000784800000|100%| E|CS|TAMS 0x0000000784400000, 0x0000000784400000| Complete 
|1554|0x0000000784800000, 0x0000000784c00000, 0x0000000784c00000|100%| E|CS|TAMS 0x0000000784800000, 0x0000000784800000| Complete 
|1555|0x0000000784c00000, 0x0000000785000000, 0x0000000785000000|100%| E|CS|TAMS 0x0000000784c00000, 0x0000000784c00000| Complete 
|1556|0x0000000785000000, 0x0000000785400000, 0x0000000785400000|100%| E|CS|TAMS 0x0000000785000000, 0x0000000785000000| Complete 
|1557|0x0000000785400000, 0x0000000785800000, 0x0000000785800000|100%| E|CS|TAMS 0x0000000785400000, 0x0000000785400000| Complete 
|1558|0x0000000785800000, 0x0000000785c00000, 0x0000000785c00000|100%| E|CS|TAMS 0x0000000785800000, 0x0000000785800000| Complete 
|1559|0x0000000785c00000, 0x0000000786000000, 0x0000000786000000|100%| E|CS|TAMS 0x0000000785c00000, 0x0000000785c00000| Complete 
|1560|0x0000000786000000, 0x0000000786400000, 0x0000000786400000|100%| E|CS|TAMS 0x0000000786000000, 0x0000000786000000| Complete 
|1561|0x0000000786400000, 0x0000000786800000, 0x0000000786800000|100%| S|CS|TAMS 0x0000000786400000, 0x0000000786400000| Complete 
|1562|0x0000000786800000, 0x0000000786c00000, 0x0000000786c00000|100%| S|CS|TAMS 0x0000000786800000, 0x0000000786800000| Complete 
|1563|0x0000000786c00000, 0x0000000787000000, 0x0000000787000000|100%| S|CS|TAMS 0x0000000786c00000, 0x0000000786c00000| Complete 
|1564|0x0000000787000000, 0x0000000787400000, 0x0000000787400000|100%| S|CS|TAMS 0x0000000787000000, 0x0000000787000000| Complete 
|1565|0x0000000787400000, 0x0000000787800000, 0x0000000787800000|100%| S|CS|TAMS 0x0000000787400000, 0x0000000787400000| Complete 
|1566|0x0000000787800000, 0x0000000787c00000, 0x0000000787c00000|100%| S|CS|TAMS 0x0000000787800000, 0x0000000787800000| Complete 
|1567|0x0000000787c00000, 0x0000000788000000, 0x0000000788000000|100%| S|CS|TAMS 0x0000000787c00000, 0x0000000787c00000| Complete 
|1568|0x0000000788000000, 0x0000000788400000, 0x0000000788400000|100%| E|CS|TAMS 0x0000000788000000, 0x0000000788000000| Complete 
|1569|0x0000000788400000, 0x0000000788800000, 0x0000000788800000|100%| E|CS|TAMS 0x0000000788400000, 0x0000000788400000| Complete 
|1570|0x0000000788800000, 0x0000000788c00000, 0x0000000788c00000|100%| E|CS|TAMS 0x0000000788800000, 0x0000000788800000| Complete 
|1571|0x0000000788c00000, 0x0000000789000000, 0x0000000789000000|100%| E|CS|TAMS 0x0000000788c00000, 0x0000000788c00000| Complete 
|1572|0x0000000789000000, 0x0000000789400000, 0x0000000789400000|100%| E|CS|TAMS 0x0000000789000000, 0x0000000789000000| Complete 
|1573|0x0000000789400000, 0x0000000789800000, 0x0000000789800000|100%| E|CS|TAMS 0x0000000789400000, 0x0000000789400000| Complete 
|1574|0x0000000789800000, 0x0000000789c00000, 0x0000000789c00000|100%| E|CS|TAMS 0x0000000789800000, 0x0000000789800000| Complete 
|1575|0x0000000789c00000, 0x000000078a000000, 0x000000078a000000|100%| E|CS|TAMS 0x0000000789c00000, 0x0000000789c00000| Complete 
|1576|0x000000078a000000, 0x000000078a400000, 0x000000078a400000|100%| E|CS|TAMS 0x000000078a000000, 0x000000078a000000| Complete 
|1577|0x000000078a400000, 0x000000078a800000, 0x000000078a800000|100%| E|CS|TAMS 0x000000078a400000, 0x000000078a400000| Complete 
|1578|0x000000078a800000, 0x000000078ac00000, 0x000000078ac00000|100%| E|CS|TAMS 0x000000078a800000, 0x000000078a800000| Complete 
|1579|0x000000078ac00000, 0x000000078b000000, 0x000000078b000000|100%| E|CS|TAMS 0x000000078ac00000, 0x000000078ac00000| Complete 
|1580|0x000000078b000000, 0x000000078b400000, 0x000000078b400000|100%| E|CS|TAMS 0x000000078b000000, 0x000000078b000000| Complete 
|1581|0x000000078b400000, 0x000000078b800000, 0x000000078b800000|100%| E|CS|TAMS 0x000000078b400000, 0x000000078b400000| Complete 
|1582|0x000000078b800000, 0x000000078bc00000, 0x000000078bc00000|100%| E|CS|TAMS 0x000000078b800000, 0x000000078b800000| Complete 
|1583|0x000000078bc00000, 0x000000078c000000, 0x000000078c000000|100%| E|CS|TAMS 0x000000078bc00000, 0x000000078bc00000| Complete 
|1584|0x000000078c000000, 0x000000078c400000, 0x000000078c400000|100%| E|CS|TAMS 0x000000078c000000, 0x000000078c000000| Complete 
|1585|0x000000078c400000, 0x000000078c800000, 0x000000078c800000|100%| E|CS|TAMS 0x000000078c400000, 0x000000078c400000| Complete 
|1586|0x000000078c800000, 0x000000078cc00000, 0x000000078cc00000|100%| E|CS|TAMS 0x000000078c800000, 0x000000078c800000| Complete 
|1587|0x000000078cc00000, 0x000000078d000000, 0x000000078d000000|100%| E|CS|TAMS 0x000000078cc00000, 0x000000078cc00000| Complete 
|1588|0x000000078d000000, 0x000000078d400000, 0x000000078d400000|100%| E|CS|TAMS 0x000000078d000000, 0x000000078d000000| Complete 
|1589|0x000000078d400000, 0x000000078d800000, 0x000000078d800000|100%| E|CS|TAMS 0x000000078d400000, 0x000000078d400000| Complete 
|1590|0x000000078d800000, 0x000000078dc00000, 0x000000078dc00000|100%| E|CS|TAMS 0x000000078d800000, 0x000000078d800000| Complete 
|1591|0x000000078dc00000, 0x000000078e000000, 0x000000078e000000|100%| E|CS|TAMS 0x000000078dc00000, 0x000000078dc00000| Complete 
|1592|0x000000078e000000, 0x000000078e400000, 0x000000078e400000|100%| E|CS|TAMS 0x000000078e000000, 0x000000078e000000| Complete 
|1593|0x000000078e400000, 0x000000078e800000, 0x000000078e800000|100%| E|CS|TAMS 0x000000078e400000, 0x000000078e400000| Complete 
|1594|0x000000078e800000, 0x000000078ec00000, 0x000000078ec00000|100%| E|CS|TAMS 0x000000078e800000, 0x000000078e800000| Complete 
|1595|0x000000078ec00000, 0x000000078f000000, 0x000000078f000000|100%| E|CS|TAMS 0x000000078ec00000, 0x000000078ec00000| Complete 
|1596|0x000000078f000000, 0x000000078f400000, 0x000000078f400000|100%| E|CS|TAMS 0x000000078f000000, 0x000000078f000000| Complete 
|1597|0x000000078f400000, 0x000000078f800000, 0x000000078f800000|100%| E|CS|TAMS 0x000000078f400000, 0x000000078f400000| Complete 
|1598|0x000000078f800000, 0x000000078fc00000, 0x000000078fc00000|100%| E|CS|TAMS 0x000000078f800000, 0x000000078f800000| Complete 
|1599|0x000000078fc00000, 0x0000000790000000, 0x0000000790000000|100%| E|CS|TAMS 0x000000078fc00000, 0x000000078fc00000| Complete 
|1600|0x0000000790000000, 0x0000000790400000, 0x0000000790400000|100%| E|CS|TAMS 0x0000000790000000, 0x0000000790000000| Complete 
|1601|0x0000000790400000, 0x0000000790800000, 0x0000000790800000|100%| E|CS|TAMS 0x0000000790400000, 0x0000000790400000| Complete 
|1602|0x0000000790800000, 0x0000000790c00000, 0x0000000790c00000|100%| E|CS|TAMS 0x0000000790800000, 0x0000000790800000| Complete 
|1603|0x0000000790c00000, 0x0000000791000000, 0x0000000791000000|100%| E|CS|TAMS 0x0000000790c00000, 0x0000000790c00000| Complete 
|1604|0x0000000791000000, 0x0000000791400000, 0x0000000791400000|100%| E|CS|TAMS 0x0000000791000000, 0x0000000791000000| Complete 
|1605|0x0000000791400000, 0x0000000791800000, 0x0000000791800000|100%| E|CS|TAMS 0x0000000791400000, 0x0000000791400000| Complete 
|1606|0x0000000791800000, 0x0000000791c00000, 0x0000000791c00000|100%| E|CS|TAMS 0x0000000791800000, 0x0000000791800000| Complete 
|1607|0x0000000791c00000, 0x0000000792000000, 0x0000000792000000|100%| E|CS|TAMS 0x0000000791c00000, 0x0000000791c00000| Complete 
|1608|0x0000000792000000, 0x0000000792400000, 0x0000000792400000|100%| E|CS|TAMS 0x0000000792000000, 0x0000000792000000| Complete 
|1609|0x0000000792400000, 0x0000000792800000, 0x0000000792800000|100%| E|CS|TAMS 0x0000000792400000, 0x0000000792400000| Complete 
|1610|0x0000000792800000, 0x0000000792c00000, 0x0000000792c00000|100%| E|CS|TAMS 0x0000000792800000, 0x0000000792800000| Complete 
|1611|0x0000000792c00000, 0x0000000793000000, 0x0000000793000000|100%| E|CS|TAMS 0x0000000792c00000, 0x0000000792c00000| Complete 
|1612|0x0000000793000000, 0x0000000793400000, 0x0000000793400000|100%| E|CS|TAMS 0x0000000793000000, 0x0000000793000000| Complete 
|1613|0x0000000793400000, 0x0000000793800000, 0x0000000793800000|100%| E|CS|TAMS 0x0000000793400000, 0x0000000793400000| Complete 
|1614|0x0000000793800000, 0x0000000793c00000, 0x0000000793c00000|100%| E|CS|TAMS 0x0000000793800000, 0x0000000793800000| Complete 
|1615|0x0000000793c00000, 0x0000000794000000, 0x0000000794000000|100%| E|CS|TAMS 0x0000000793c00000, 0x0000000793c00000| Complete 
|1616|0x0000000794000000, 0x0000000794400000, 0x0000000794400000|100%| E|CS|TAMS 0x0000000794000000, 0x0000000794000000| Complete 
|1617|0x0000000794400000, 0x0000000794800000, 0x0000000794800000|100%| E|CS|TAMS 0x0000000794400000, 0x0000000794400000| Complete 
|1618|0x0000000794800000, 0x0000000794c00000, 0x0000000794c00000|100%| E|CS|TAMS 0x0000000794800000, 0x0000000794800000| Complete 
|1619|0x0000000794c00000, 0x0000000795000000, 0x0000000795000000|100%| E|CS|TAMS 0x0000000794c00000, 0x0000000794c00000| Complete 
|1620|0x0000000795000000, 0x0000000795400000, 0x0000000795400000|100%| E|CS|TAMS 0x0000000795000000, 0x0000000795000000| Complete 
|1621|0x0000000795400000, 0x0000000795800000, 0x0000000795800000|100%| E|CS|TAMS 0x0000000795400000, 0x0000000795400000| Complete 
|1622|0x0000000795800000, 0x0000000795c00000, 0x0000000795c00000|100%| E|CS|TAMS 0x0000000795800000, 0x0000000795800000| Complete 
|1623|0x0000000795c00000, 0x0000000796000000, 0x0000000796000000|100%| E|CS|TAMS 0x0000000795c00000, 0x0000000795c00000| Complete 
|1624|0x0000000796000000, 0x0000000796400000, 0x0000000796400000|100%| E|CS|TAMS 0x0000000796000000, 0x0000000796000000| Complete 
|1625|0x0000000796400000, 0x0000000796800000, 0x0000000796800000|100%| E|CS|TAMS 0x0000000796400000, 0x0000000796400000| Complete 
|2044|0x00000007ff000000, 0x00000007ff400000, 0x00000007ff400000|100%| E|CS|TAMS 0x00000007ff000000, 0x00000007ff000000| Complete 
|2045|0x00000007ff400000, 0x00000007ff800000, 0x00000007ff800000|100%| E|CS|TAMS 0x00000007ff400000, 0x00000007ff400000| Complete 
|2046|0x00000007ff800000, 0x00000007ffc00000, 0x00000007ffc00000|100%| E|CS|TAMS 0x00000007ff800000, 0x00000007ff800000| Complete 
|2047|0x00000007ffc00000, 0x0000000800000000, 0x0000000800000000|100%| E|CS|TAMS 0x00000007ffc00000, 0x00000007ffc00000| Complete 

Card table byte_map: [0x0000022ca4c30000,0x0000022ca5c30000] _byte_map_base: 0x0000022ca1c30000

Marking Bits (Prev, Next): (CMBitMap*) 0x0000022c8aede390, (CMBitMap*) 0x0000022c8aede350
 Prev Bits: [0x0000022caec30000, 0x0000022cb6c30000)
 Next Bits: [0x0000022ca6c30000, 0x0000022caec30000)

Polling page: 0x0000022c93f60000

Metaspace:

Usage:
  Non-class:    134.40 MB used.
      Class:     20.41 MB used.
       Both:    154.81 MB used.

Virtual space:
  Non-class space:      192.00 MB reserved,     135.19 MB ( 70%) committed,  3 nodes.
      Class space:      416.00 MB reserved,      21.12 MB (  5%) committed,  1 nodes.
             Both:      608.00 MB reserved,     156.31 MB ( 26%) committed. 

Chunk freelists:
   Non-Class:  8.03 MB
       Class:  10.76 MB
        Both:  18.79 MB

MaxMetaspaceSize: 512.00 MB
CompressedClassSpaceSize: 416.00 MB
Initial GC threshold: 512.00 MB
Current GC threshold: 512.00 MB
CDS: on
MetaspaceReclaimPolicy: balanced
 - commit_granule_bytes: 65536.
 - commit_granule_words: 8192.
 - virtual_space_node_default_size: 8388608.
 - enlarge_chunks_in_place: 1.
 - new_chunks_are_fully_committed: 0.
 - uncommit_free_chunks: 1.
 - use_allocation_guard: 0.
 - handle_deallocations: 1.


Internal statistics:

num_allocs_failed_limit: 0.
num_arena_births: 2438.
num_arena_deaths: 56.
num_vsnodes_births: 4.
num_vsnodes_deaths: 0.
num_space_committed: 2499.
num_space_uncommitted: 0.
num_chunks_returned_to_freelist: 83.
num_chunks_taken_from_freelist: 9561.
num_chunk_merges: 28.
num_chunk_splits: 6125.
num_chunks_enlarged: 3856.
num_inconsistent_stats: 0.

CodeHeap 'non-profiled nmethods': size=120000Kb used=48600Kb max_used=48600Kb free=71399Kb
 bounds [0x0000022c9ba50000, 0x0000022c9e9d0000, 0x0000022ca2f80000]
CodeHeap 'profiled nmethods': size=120000Kb used=52079Kb max_used=56321Kb free=67920Kb
 bounds [0x0000022c93f80000, 0x0000022c976a0000, 0x0000022c9b4b0000]
CodeHeap 'non-nmethods': size=5760Kb used=2519Kb max_used=2655Kb free=3240Kb
 bounds [0x0000022c9b4b0000, 0x0000022c9b760000, 0x0000022c9ba50000]
 total_blobs=33282 nmethods=32223 adapters=969
 compilation: enabled
              stopped_count=0, restarted_count=0
 full_count=0

Compilation events (20 events):
Event: 265.735 Thread 0x0000022cb9a9fcd0 48743       4       com.android.tools.r8.shaking.S1::a (92 bytes)
Event: 265.750 Thread 0x0000022cb9a9fcd0 nmethod 48743 0x0000022c9e9bf410 code [0x0000022c9e9bf6a0, 0x0000022c9e9c0ad0]
Event: 265.750 Thread 0x0000022cb9a9fcd0 48744       4       com.android.tools.r8.androidapi.h::equals (11 bytes)
Event: 265.751 Thread 0x0000022cb9a9fcd0 nmethod 48744 0x0000022c9df40590 code [0x0000022c9df40700, 0x0000022c9df40798]
Event: 266.002 Thread 0x0000022cb9aa25f0 48745       3       com.android.tools.r8.shaking.x::b (16 bytes)
Event: 266.002 Thread 0x0000022cb9aa25f0 nmethod 48745 0x0000022c96a2eb10 code [0x0000022c96a2ecc0, 0x0000022c96a2ef08]
Event: 266.002 Thread 0x0000022cb9aa25f0 48746       3       com.android.tools.r8.shaking.M::e (362 bytes)
Event: 266.003 Thread 0x0000022cb9aa25f0 nmethod 48746 0x0000022c96e94910 code [0x0000022c96e94cc0, 0x0000022c96e96078]
Event: 266.170 Thread 0x0000022cb9aa25f0 48747       3       org.gradle.internal.logging.slf4j.OutputEventListenerBackedLogger::debug (7 bytes)
Event: 266.171 Thread 0x0000022cb9aa25f0 nmethod 48747 0x0000022c96ae2e90 code [0x0000022c96ae3040, 0x0000022c96ae3188]
Event: 266.320 Thread 0x0000022cb9aa25f0 48748       3       com.android.tools.r8.graph.M4$$Lambda$3026/0x0000022cbc2c15f0::accept (16 bytes)
Event: 266.320 Thread 0x0000022cb9aa25f0 nmethod 48748 0x0000022c94374590 code [0x0000022c94374760, 0x0000022c94374bb8]
Event: 266.323 Thread 0x0000022cb9aa25f0 48749       3       com.android.tools.r8.shaking.M::a (80 bytes)
Event: 266.323 Thread 0x0000022cb9aa25f0 nmethod 48749 0x0000022c96e3d410 code [0x0000022c96e3d620, 0x0000022c96e3db98]
Event: 266.495 Thread 0x0000022cb9a9fcd0 48750       4       com.android.tools.r8.shaking.M$$Lambda$3043/0x0000022cbc2c4b00::test (20 bytes)
Event: 266.552 Thread 0x0000022cb9a9fcd0 nmethod 48750 0x0000022c9e9c1910 code [0x0000022c9e9c1d80, 0x0000022c9e9c4930]
Event: 266.552 Thread 0x0000022cb9a9fcd0 48751       4       com.android.tools.r8.shaking.M::a (80 bytes)
Event: 266.613 Thread 0x0000022cb9a9fcd0 nmethod 48751 0x0000022c9e9c6910 code [0x0000022c9e9c6d80, 0x0000022c9e9c9630]
Event: 266.614 Thread 0x0000022cb9a9fcd0 48752       4       com.android.tools.r8.graph.M4$$Lambda$3026/0x0000022cbc2c15f0::accept (16 bytes)
Event: 266.621 Thread 0x0000022cb9a9fcd0 nmethod 48752 0x0000022c9e432b10 code [0x0000022c9e432d40, 0x0000022c9e433330]

GC Heap History (20 events):
Event: 256.458 GC heap before
{Heap before GC invocations=200 (full 0):
 garbage-first heap   total 6504448K, used 5901129K [0x0000000600000000, 0x0000000800000000)
  region size 4096K, 317 young (1298432K), 23 survivors (94208K)
 Metaspace       used 158117K, committed 159680K, reserved 622592K
  class space    used 20836K, committed 21568K, reserved 425984K
}
Event: 256.491 GC heap after
{Heap after GC invocations=201 (full 0):
 garbage-first heap   total 6586368K, used 4708138K [0x0000000600000000, 0x0000000800000000)
  region size 4096K, 23 young (94208K), 23 survivors (94208K)
 Metaspace       used 158117K, committed 159680K, reserved 622592K
  class space    used 20836K, committed 21568K, reserved 425984K
}
Event: 256.885 GC heap before
{Heap before GC invocations=201 (full 0):
 garbage-first heap   total 6586368K, used 5924650K [0x0000000600000000, 0x0000000800000000)
  region size 4096K, 321 young (1314816K), 23 survivors (94208K)
 Metaspace       used 158121K, committed 159680K, reserved 622592K
  class space    used 20836K, committed 21568K, reserved 425984K
}
Event: 256.917 GC heap after
{Heap after GC invocations=202 (full 0):
 garbage-first heap   total 6586368K, used 4715276K [0x0000000600000000, 0x0000000800000000)
  region size 4096K, 23 young (94208K), 23 survivors (94208K)
 Metaspace       used 158121K, committed 159680K, reserved 622592K
  class space    used 20836K, committed 21568K, reserved 425984K
}
Event: 257.233 GC heap before
{Heap before GC invocations=202 (full 0):
 garbage-first heap   total 6586368K, used 5931788K [0x0000000600000000, 0x0000000800000000)
  region size 4096K, 321 young (1314816K), 23 survivors (94208K)
 Metaspace       used 158122K, committed 159680K, reserved 622592K
  class space    used 20836K, committed 21568K, reserved 425984K
}
Event: 257.267 GC heap after
{Heap after GC invocations=203 (full 0):
 garbage-first heap   total 6586368K, used 4722275K [0x0000000600000000, 0x0000000800000000)
  region size 4096K, 23 young (94208K), 23 survivors (94208K)
 Metaspace       used 158122K, committed 159680K, reserved 622592K
  class space    used 20836K, committed 21568K, reserved 425984K
}
Event: 257.576 GC heap before
{Heap before GC invocations=203 (full 0):
 garbage-first heap   total 6586368K, used 5938787K [0x0000000600000000, 0x0000000800000000)
  region size 4096K, 321 young (1314816K), 23 survivors (94208K)
 Metaspace       used 158122K, committed 159680K, reserved 622592K
  class space    used 20836K, committed 21568K, reserved 425984K
}
Event: 257.608 GC heap after
{Heap after GC invocations=204 (full 0):
 garbage-first heap   total 6586368K, used 4729945K [0x0000000600000000, 0x0000000800000000)
  region size 4096K, 23 young (94208K), 23 survivors (94208K)
 Metaspace       used 158122K, committed 159680K, reserved 622592K
  class space    used 20836K, committed 21568K, reserved 425984K
}
Event: 257.926 GC heap before
{Heap before GC invocations=204 (full 0):
 garbage-first heap   total 6586368K, used 5946457K [0x0000000600000000, 0x0000000800000000)
  region size 4096K, 321 young (1314816K), 23 survivors (94208K)
 Metaspace       used 158127K, committed 159680K, reserved 622592K
  class space    used 20836K, committed 21568K, reserved 425984K
}
Event: 257.958 GC heap after
{Heap after GC invocations=205 (full 0):
 garbage-first heap   total 6586368K, used 4739064K [0x0000000600000000, 0x0000000800000000)
  region size 4096K, 24 young (98304K), 24 survivors (98304K)
 Metaspace       used 158127K, committed 159680K, reserved 622592K
  class space    used 20836K, committed 21568K, reserved 425984K
}
Event: 258.302 GC heap before
{Heap before GC invocations=205 (full 0):
 garbage-first heap   total 6586368K, used 5955576K [0x0000000600000000, 0x0000000800000000)
  region size 4096K, 321 young (1314816K), 24 survivors (98304K)
 Metaspace       used 158127K, committed 159680K, reserved 622592K
  class space    used 20836K, committed 21568K, reserved 425984K
}
Event: 258.336 GC heap after
{Heap after GC invocations=206 (full 0):
 garbage-first heap   total 6676480K, used 4744012K [0x0000000600000000, 0x0000000800000000)
  region size 4096K, 23 young (94208K), 23 survivors (94208K)
 Metaspace       used 158127K, committed 159680K, reserved 622592K
  class space    used 20836K, committed 21568K, reserved 425984K
}
Event: 259.574 GC heap before
{Heap before GC invocations=206 (full 0):
 garbage-first heap   total 6676480K, used 5985100K [0x0000000600000000, 0x0000000800000000)
  region size 4096K, 326 young (1335296K), 23 survivors (94208K)
 Metaspace       used 158278K, committed 159872K, reserved 622592K
  class space    used 20865K, committed 21632K, reserved 425984K
}
Event: 259.635 GC heap after
{Heap after GC invocations=207 (full 0):
 garbage-first heap   total 6676480K, used 4828804K [0x0000000600000000, 0x0000000800000000)
  region size 4096K, 41 young (167936K), 41 survivors (167936K)
 Metaspace       used 158278K, committed 159872K, reserved 622592K
  class space    used 20865K, committed 21632K, reserved 425984K
}
Event: 262.251 GC heap before
{Heap before GC invocations=207 (full 0):
 garbage-first heap   total 6676480K, used 6000260K [0x0000000600000000, 0x0000000800000000)
  region size 4096K, 326 young (1335296K), 41 survivors (167936K)
 Metaspace       used 158547K, committed 160064K, reserved 622592K
  class space    used 20910K, committed 21632K, reserved 425984K
}
Event: 262.404 GC heap after
{Heap after GC invocations=208 (full 0):
 garbage-first heap   total 6676480K, used 4985744K [0x0000000600000000, 0x0000000800000000)
  region size 4096K, 41 young (167936K), 41 survivors (167936K)
 Metaspace       used 158547K, committed 160064K, reserved 622592K
  class space    used 20910K, committed 21632K, reserved 425984K
}
Event: 265.297 GC heap before
{Heap before GC invocations=208 (full 0):
 garbage-first heap   total 6676480K, used 6169488K [0x0000000600000000, 0x0000000800000000)
  region size 4096K, 326 young (1335296K), 41 survivors (167936K)
 Metaspace       used 158550K, committed 160064K, reserved 622592K
  class space    used 20911K, committed 21632K, reserved 425984K
}
Event: 265.378 GC heap after
{Heap after GC invocations=209 (full 0):
 garbage-first heap   total 6676480K, used 5093376K [0x0000000600000000, 0x0000000800000000)
  region size 4096K, 25 young (102400K), 25 survivors (102400K)
 Metaspace       used 158550K, committed 160064K, reserved 622592K
  class space    used 20911K, committed 21632K, reserved 425984K
}
Event: 265.852 GC heap before
{Heap before GC invocations=209 (full 0):
 garbage-first heap   total 6676480K, used 5343232K [0x0000000600000000, 0x0000000800000000)
  region size 4096K, 87 young (356352K), 25 survivors (102400K)
 Metaspace       used 158550K, committed 160064K, reserved 622592K
  class space    used 20911K, committed 21632K, reserved 425984K
}
Event: 265.886 GC heap after
{Heap after GC invocations=210 (full 0):
 garbage-first heap   total 6676480K, used 5109760K [0x0000000600000000, 0x0000000800000000)
  region size 4096K, 7 young (28672K), 7 survivors (28672K)
 Metaspace       used 158550K, committed 160064K, reserved 622592K
  class space    used 20911K, committed 21632K, reserved 425984K
}

Dll operation events (15 events):
Event: 0.013 Loaded shared library C:\Users\ivanp\AppData\Local\Programs\Eclipse Adoptium\jdk-17.0.19.10-hotspot\bin\java.dll
Event: 0.036 Loaded shared library C:\Users\ivanp\AppData\Local\Programs\Eclipse Adoptium\jdk-17.0.19.10-hotspot\bin\jsvml.dll
Event: 0.103 Loaded shared library C:\Users\ivanp\AppData\Local\Programs\Eclipse Adoptium\jdk-17.0.19.10-hotspot\bin\zip.dll
Event: 0.108 Loaded shared library C:\Users\ivanp\AppData\Local\Programs\Eclipse Adoptium\jdk-17.0.19.10-hotspot\bin\instrument.dll
Event: 0.112 Loaded shared library C:\Users\ivanp\AppData\Local\Programs\Eclipse Adoptium\jdk-17.0.19.10-hotspot\bin\net.dll
Event: 0.115 Loaded shared library C:\Users\ivanp\AppData\Local\Programs\Eclipse Adoptium\jdk-17.0.19.10-hotspot\bin\nio.dll
Event: 0.119 Loaded shared library C:\Users\ivanp\AppData\Local\Programs\Eclipse Adoptium\jdk-17.0.19.10-hotspot\bin\zip.dll
Event: 0.345 Loaded shared library C:\Users\ivanp\AppData\Local\Programs\Eclipse Adoptium\jdk-17.0.19.10-hotspot\bin\jimage.dll
Event: 0.404 Loaded shared library C:\Users\ivanp\AppData\Local\Programs\Eclipse Adoptium\jdk-17.0.19.10-hotspot\bin\verify.dll
Event: 0.575 Loaded shared library C:\Users\ivanp\.gradle\native\c067742578af261105cb4f569cf0c3c89f3d7b1fecec35dd04571415982c5e48\windows-amd64\native-platform.dll
Event: 0.584 Loaded shared library C:\Users\ivanp\.gradle\native\38dada09dfb8b06ba9b0570ebf7e218e3eb74d4ef43ca46872605cf95ebc2f47\windows-amd64\native-platform-file-events.dll
Event: 1.671 Loaded shared library C:\Users\ivanp\AppData\Local\Programs\Eclipse Adoptium\jdk-17.0.19.10-hotspot\bin\management.dll
Event: 1.674 Loaded shared library C:\Users\ivanp\AppData\Local\Programs\Eclipse Adoptium\jdk-17.0.19.10-hotspot\bin\management_ext.dll
Event: 1.861 Loaded shared library C:\Users\ivanp\AppData\Local\Programs\Eclipse Adoptium\jdk-17.0.19.10-hotspot\bin\extnet.dll
Event: 2.166 Loaded shared library C:\Users\ivanp\AppData\Local\Programs\Eclipse Adoptium\jdk-17.0.19.10-hotspot\bin\sunmscapi.dll

Deoptimization events (20 events):
Event: 263.348 Thread 0x0000022ce0a20290 Uncommon trap: trap_request=0xffffff45 fr.pc=0x0000022c9e991938 relative=0x0000000000002698
Event: 263.348 Thread 0x0000022ce0a20290 Uncommon trap: reason=unstable_if action=reinterpret pc=0x0000022c9e991938 method=com.android.tools.r8.shaking.M.a(Lcom/android/tools/r8/graph/F5;Ljava/util/ListIterator;)Z @ 1 c2
Event: 263.348 Thread 0x0000022ce0a20290 DEOPT PACKING pc=0x0000022c9e991938 sp=0x000000ce059fd590
Event: 263.348 Thread 0x0000022ce0a20290 DEOPT UNPACKING pc=0x0000022c9b5069a3 sp=0x000000ce059fd538 mode 2
Event: 264.098 Thread 0x0000022ce0a20290 Uncommon trap: trap_request=0xffffffc6 fr.pc=0x0000022c9c14c93c relative=0x00000000000007dc
Event: 264.098 Thread 0x0000022ce0a20290 Uncommon trap: reason=bimorphic_or_optimized_type_check action=maybe_recompile pc=0x0000022c9c14c93c method=com.android.tools.r8.graph.o3.a(Lcom/android/tools/r8/graph/H2;Lcom/android/tools/r8/graph/l1;)Lcom/android/tools/r8/graph/x3; @ 31 c2
Event: 264.098 Thread 0x0000022ce0a20290 DEOPT PACKING pc=0x0000022c9c14c93c sp=0x000000ce059fd5d0
Event: 264.098 Thread 0x0000022ce0a20290 DEOPT UNPACKING pc=0x0000022c9b5069a3 sp=0x000000ce059fd368 mode 2
Event: 265.992 Thread 0x0000022ce0a20290 Uncommon trap: trap_request=0xffffffde fr.pc=0x0000022c9d6e2dc8 relative=0x0000000000000428
Event: 265.992 Thread 0x0000022ce0a20290 Uncommon trap: reason=class_check action=maybe_recompile pc=0x0000022c9d6e2dc8 method=com.android.tools.r8.graph.l1.c(Ljava/lang/Object;)Z @ 1 c2
Event: 265.992 Thread 0x0000022ce0a20290 DEOPT PACKING pc=0x0000022c9d6e2dc8 sp=0x000000ce059fd6d0
Event: 265.992 Thread 0x0000022ce0a20290 DEOPT UNPACKING pc=0x0000022c9b5069a3 sp=0x000000ce059fd660 mode 2
Event: 266.318 Thread 0x0000022ce0a20290 Uncommon trap: trap_request=0xffffff45 fr.pc=0x0000022c9dff5e60 relative=0x0000000000002980
Event: 266.318 Thread 0x0000022ce0a20290 Uncommon trap: reason=unstable_if action=reinterpret pc=0x0000022c9dff5e60 method=com.android.tools.r8.graph.j.a(Lcom/android/tools/r8/graph/j1;Lcom/android/tools/r8/graph/H2;)Z @ 83 c2
Event: 266.318 Thread 0x0000022ce0a20290 DEOPT PACKING pc=0x0000022c9dff5e60 sp=0x000000ce059fd270
Event: 266.318 Thread 0x0000022ce0a20290 DEOPT UNPACKING pc=0x0000022c9b5069a3 sp=0x000000ce059fd100 mode 2
Event: 266.318 Thread 0x0000022ce0a20290 Uncommon trap: trap_request=0xffffffde fr.pc=0x0000022c9e08182c relative=0x00000000000002ac
Event: 266.318 Thread 0x0000022ce0a20290 Uncommon trap: reason=class_check action=maybe_recompile pc=0x0000022c9e08182c method=com.android.tools.r8.graph.C2.d(Ljava/util/function/Consumer;Lcom/android/tools/r8/graph/j1;)V @ 12 c2
Event: 266.318 Thread 0x0000022ce0a20290 DEOPT PACKING pc=0x0000022c9e08182c sp=0x000000ce059fd240
Event: 266.318 Thread 0x0000022ce0a20290 DEOPT UNPACKING pc=0x0000022c9b5069a3 sp=0x000000ce059fd188 mode 2

Classes loaded (20 events):
Event: 219.119 Loading class java/util/IdentityHashMap$IdentityHashMapSpliterator done
Event: 219.119 Loading class java/util/IdentityHashMap$ValueSpliterator done
Event: 236.528 Loading class java/util/IdentityHashMap$EntrySpliterator
Event: 236.528 Loading class java/util/IdentityHashMap$EntrySpliterator done
Event: 236.530 Loading class java/util/stream/SortedOps$RefSortingSink
Event: 236.530 Loading class java/util/stream/SortedOps$RefSortingSink done
Event: 236.554 Loading class java/util/SortedSet$1
Event: 236.554 Loading class java/util/SortedSet$1 done
Event: 236.560 Loading class java/util/stream/SliceOps
Event: 236.560 Loading class java/util/stream/SliceOps done
Event: 236.560 Loading class java/util/stream/SliceOps$1
Event: 236.561 Loading class java/util/stream/SliceOps$1 done
Event: 236.561 Loading class java/util/stream/SliceOps$1$1
Event: 236.561 Loading class java/util/stream/SliceOps$1$1 done
Event: 236.578 Loading class java/util/stream/ReduceOps$5
Event: 236.578 Loading class java/util/stream/ReduceOps$5 done
Event: 236.578 Loading class java/util/stream/ReduceOps$CountingSink$OfRef
Event: 236.579 Loading class java/util/stream/ReduceOps$CountingSink
Event: 236.579 Loading class java/util/stream/ReduceOps$CountingSink done
Event: 236.579 Loading class java/util/stream/ReduceOps$CountingSink$OfRef done

Classes unloaded (20 events):
Event: 146.182 Thread 0x0000022cb6eb07a0 Unloading class 0x0000022cbc215c00 'java/lang/invoke/LambdaForm$DMH+0x0000022cbc215c00'
Event: 146.182 Thread 0x0000022cb6eb07a0 Unloading class 0x0000022cbc215000 'java/lang/invoke/LambdaForm$DMH+0x0000022cbc215000'
Event: 146.182 Thread 0x0000022cb6eb07a0 Unloading class 0x0000022cbc215400 'java/lang/invoke/LambdaForm$DMH+0x0000022cbc215400'
Event: 146.182 Thread 0x0000022cb6eb07a0 Unloading class 0x0000022cbc214800 'java/lang/invoke/LambdaForm$DMH+0x0000022cbc214800'
Event: 146.182 Thread 0x0000022cb6eb07a0 Unloading class 0x0000022cbc214400 'java/lang/invoke/LambdaForm$DMH+0x0000022cbc214400'
Event: 146.182 Thread 0x0000022cb6eb07a0 Unloading class 0x0000022cbc214c00 'java/lang/invoke/LambdaForm$DMH+0x0000022cbc214c00'
Event: 266.955 Thread 0x0000022cb6eb07a0 Unloading class 0x0000022cbc520000 'java/lang/invoke/LambdaForm$DMH+0x0000022cbc520000'
Event: 266.955 Thread 0x0000022cb6eb07a0 Unloading class 0x0000022cbc4ecc00 'java/lang/invoke/LambdaForm$DMH+0x0000022cbc4ecc00'
Event: 266.955 Thread 0x0000022cb6eb07a0 Unloading class 0x0000022cbc4ec800 'java/lang/invoke/LambdaForm$DMH+0x0000022cbc4ec800'
Event: 266.955 Thread 0x0000022cb6eb07a0 Unloading class 0x0000022cbc4ec000 'java/lang/invoke/LambdaForm$DMH+0x0000022cbc4ec000'
Event: 266.955 Thread 0x0000022cb6eb07a0 Unloading class 0x0000022cbc46c800 'java/lang/invoke/LambdaForm$DMH+0x0000022cbc46c800'
Event: 266.955 Thread 0x0000022cb6eb07a0 Unloading class 0x0000022cbc46d000 'java/lang/invoke/LambdaForm$DMH+0x0000022cbc46d000'
Event: 266.955 Thread 0x0000022cb6eb07a0 Unloading class 0x0000022cbc46d400 'java/lang/invoke/LambdaForm$DMH+0x0000022cbc46d400'
Event: 266.955 Thread 0x0000022cb6eb07a0 Unloading class 0x0000022cbc46cc00 'java/lang/invoke/LambdaForm$DMH+0x0000022cbc46cc00'
Event: 266.955 Thread 0x0000022cb6eb07a0 Unloading class 0x0000022cbc46c400 'java/lang/invoke/LambdaForm$DMH+0x0000022cbc46c400'
Event: 266.955 Thread 0x0000022cb6eb07a0 Unloading class 0x0000022cbc459400 'java/lang/invoke/LambdaForm$DMH+0x0000022cbc459400'
Event: 266.955 Thread 0x0000022cb6eb07a0 Unloading class 0x0000022cbc459000 'java/lang/invoke/LambdaForm$DMH+0x0000022cbc459000'
Event: 266.955 Thread 0x0000022cb6eb07a0 Unloading class 0x0000022cbc458c00 'java/lang/invoke/LambdaForm$DMH+0x0000022cbc458c00'
Event: 266.955 Thread 0x0000022cb6eb07a0 Unloading class 0x0000022cbc458400 'java/lang/invoke/LambdaForm$DMH+0x0000022cbc458400'
Event: 266.955 Thread 0x0000022cb6eb07a0 Unloading class 0x0000022cbc458800 'java/lang/invoke/LambdaForm$DMH+0x0000022cbc458800'

Classes redefined (0 events):
No events

Internal exceptions (20 events):
Event: 229.163 Thread 0x0000022ce0a22600 Exception <a 'java/lang/IncompatibleClassChangeError'{0x00000007515c2fe0}: Found class java.lang.Object, but interface was expected> (0x00000007515c2fe0) 
thrown [s\src\hotspot\share\interpreter\linkResolver.cpp, line 826]
Event: 229.163 Thread 0x0000022ce0a216d0 Exception <a 'java/lang/IncompatibleClassChangeError'{0x0000000751361ce0}: Found class java.lang.Object, but interface was expected> (0x0000000751361ce0) 
thrown [s\src\hotspot\share\interpreter\linkResolver.cpp, line 826]
Event: 230.668 Thread 0x0000022ce0a22600 Exception <a 'java/lang/NoSuchMethodError'{0x000000076e010340}: 'java.lang.Object java.lang.invoke.DirectMethodHandle$Holder.invokeSpecial(java.lang.Object, java.lang.Object, int, java.lang.Object, java.lang.Object)'> (0x000000076e010340) 
thrown [s\src\hotspot\share\interpreter\linkResolver.cpp, line 759]
Event: 230.668 Thread 0x0000022ce0a1ee50 Exception <a 'java/lang/NoSuchMethodError'{0x000000076e41c768}: 'java.lang.Object java.lang.invoke.DirectMethodHandle$Holder.invokeSpecial(java.lang.Object, java.lang.Object, int, java.lang.Object, java.lang.Object)'> (0x000000076e41c768) 
thrown [s\src\hotspot\share\interpreter\linkResolver.cpp, line 759]
Event: 230.669 Thread 0x0000022ce0a21be0 Exception <a 'java/lang/NoSuchMethodError'{0x000000076e222090}: 'java.lang.Object java.lang.invoke.DirectMethodHandle$Holder.invokeSpecial(java.lang.Object, java.lang.Object, int, java.lang.Object, java.lang.Object)'> (0x000000076e222090) 
thrown [s\src\hotspot\share\interpreter\linkResolver.cpp, line 759]
Event: 230.669 Thread 0x0000022ce0a23a40 Exception <a 'java/lang/NoSuchMethodError'{0x000000076de15fa0}: 'java.lang.Object java.lang.invoke.DirectMethodHandle$Holder.invokeSpecial(java.lang.Object, java.lang.Object, int, java.lang.Object, java.lang.Object)'> (0x000000076de15fa0) 
thrown [s\src\hotspot\share\interpreter\linkResolver.cpp, line 759]
Event: 234.684 Thread 0x0000022ce0a20290 Implicit null exception at 0x0000022c9dffdaa1 to 0x0000022c9dffde34
Event: 236.091 Thread 0x0000022ce0a20290 Implicit null exception at 0x0000022c9e3d5b10 to 0x0000022c9e3d60e0
Event: 236.413 Thread 0x0000022ce0a20290 Implicit null exception at 0x0000022c9df625ec to 0x0000022c9df62bf4
Event: 236.510 Thread 0x0000022cdc6d9d90 Exception <a 'java/lang/NoSuchMethodError'{0x000000075df33c30}: 'void java.lang.invoke.DirectMethodHandle$Holder.invokeStatic(java.lang.Object, java.lang.Object, java.lang.Object, java.lang.Object, java.lang.Object, java.lang.Object, java.lang.Object, java.lang.Object)'> (0x000000075df33c30) 
thrown [s\src\hotspot\share\interpreter\linkResolver.cpp, line 759]
Event: 238.735 Thread 0x0000022ce0a23a40 Implicit null exception at 0x0000022c9d9881a0 to 0x0000022c9d98a304
Event: 245.047 Thread 0x0000022ce0a216d0 Implicit null exception at 0x0000022c9e543cfc to 0x0000022c9e5459b4
Event: 245.830 Thread 0x0000022ce0a216d0 Implicit null exception at 0x0000022c9dad692a to 0x0000022c9dad7df0
Event: 250.323 Thread 0x0000022ce0a23a40 Implicit null exception at 0x0000022c9e67c46c to 0x0000022c9e68064c
Event: 250.474 Thread 0x0000022ce0a22600 Implicit null exception at 0x0000022c9e30092f to 0x0000022c9e3062bc
Event: 251.964 Thread 0x0000022ce0a1ee50 Implicit null exception at 0x0000022c9e6893a0 to 0x0000022c9e68c9f0
Event: 261.260 Thread 0x0000022ce0a20290 Implicit null exception at 0x0000022c9c1a0452 to 0x0000022c9c1a1b20
Event: 261.267 Thread 0x0000022ce0a20290 Implicit null exception at 0x0000022c9d891d1a to 0x0000022c9d8968e8
Event: 263.313 Thread 0x0000022ce0a20290 Implicit null exception at 0x0000022c9e98cdb4 to 0x0000022c9e98dbbc
Event: 263.347 Thread 0x0000022ce0a20290 Implicit null exception at 0x0000022c9e98f5a9 to 0x0000022c9e991900

VM Operations (20 events):
Event: 259.999 Executing VM operation: HandshakeAllThreads done
Event: 260.138 Executing VM operation: ICBufferFull
Event: 260.139 Executing VM operation: ICBufferFull done
Event: 261.152 Executing VM operation: Cleanup
Event: 261.152 Executing VM operation: Cleanup done
Event: 261.267 Executing VM operation: HandshakeAllThreads
Event: 261.268 Executing VM operation: HandshakeAllThreads done
Event: 262.251 Executing VM operation: G1CollectForAllocation
Event: 262.404 Executing VM operation: G1CollectForAllocation done
Event: 263.408 Executing VM operation: Cleanup
Event: 263.408 Executing VM operation: Cleanup done
Event: 264.422 Executing VM operation: Cleanup
Event: 264.423 Executing VM operation: Cleanup done
Event: 265.297 Executing VM operation: G1CollectForAllocation
Event: 265.378 Executing VM operation: G1CollectForAllocation done
Event: 265.851 Executing VM operation: G1TryInitiateConcMark
Event: 265.886 Executing VM operation: G1TryInitiateConcMark done
Event: 266.896 Executing VM operation: Cleanup
Event: 266.896 Executing VM operation: Cleanup done
Event: 266.954 Executing VM operation: G1PauseRemark

Memory protections (0 events):
No events

Nmethod flushes (20 events):
Event: 261.311 Thread 0x0000022cb9aa3a70 flushing  nmethod 0x0000022c97206510
Event: 261.312 Thread 0x0000022cb9aa3a70 flushing  nmethod 0x0000022c972cdd90
Event: 261.312 Thread 0x0000022cb9aa3a70 flushing  nmethod 0x0000022c97359790
Event: 261.312 Thread 0x0000022cb9aa3a70 flushing  nmethod 0x0000022c973aac10
Event: 261.312 Thread 0x0000022cb9aa3a70 flushing  nmethod 0x0000022c97415b10
Event: 261.312 Thread 0x0000022cb9aa3a70 flushing  nmethod 0x0000022c9742b710
Event: 261.312 Thread 0x0000022cb9aa3a70 flushing  nmethod 0x0000022c97469c10
Event: 261.312 Thread 0x0000022cb9aa3a70 flushing  nmethod 0x0000022c97475310
Event: 261.312 Thread 0x0000022cb9aa3a70 flushing  nmethod 0x0000022c97497290
Event: 261.312 Thread 0x0000022cb9aa3a70 flushing  nmethod 0x0000022c974ac490
Event: 261.312 Thread 0x0000022cb9aa3a70 flushing  nmethod 0x0000022c974b6590
Event: 261.312 Thread 0x0000022cb9aa3a70 flushing  nmethod 0x0000022c974fa490
Event: 261.312 Thread 0x0000022cb9aa3a70 flushing  nmethod 0x0000022c974fd590
Event: 261.312 Thread 0x0000022cb9aa3a70 flushing  nmethod 0x0000022c97503e90
Event: 261.312 Thread 0x0000022cb9aa3a70 flushing  nmethod 0x0000022c97558710
Event: 261.312 Thread 0x0000022cb9aa3a70 flushing  nmethod 0x0000022c9756c510
Event: 261.312 Thread 0x0000022cb9aa3a70 flushing  nmethod 0x0000022c975e5e90
Event: 261.312 Thread 0x0000022cb9aa3a70 flushing  nmethod 0x0000022c97603110
Event: 261.312 Thread 0x0000022cb9aa3a70 flushing  nmethod 0x0000022c9761ca90
Event: 261.312 Thread 0x0000022cb9aa3a70 flushing  nmethod 0x0000022c97631f90

Events (20 events):
Event: 236.516 Thread 0x0000022cb9aa25f0 Thread added: 0x0000022ce1f94b90
Event: 236.567 Thread 0x0000022cb9aa25f0 Thread added: 0x0000022ce1f96b70
Event: 254.930 Thread 0x0000022ce1f96b70 Thread exited: 0x0000022ce1f96b70
Event: 257.216 Thread 0x0000022ce1f94b90 Thread exited: 0x0000022ce1f94b90
Event: 257.909 Thread 0x0000022cb9a9fcd0 Thread added: 0x0000022cdf2ee580
Event: 258.527 Thread 0x0000022cb9aa25f0 Thread added: 0x0000022ce0199aa0
Event: 259.337 Thread 0x0000022ce0199aa0 Thread exited: 0x0000022ce0199aa0
Event: 259.635 Thread 0x0000022cdf2ee580 Thread exited: 0x0000022cdf2ee580
Event: 259.824 Thread 0x0000022cb9aa25f0 Thread added: 0x0000022ceaa9e590
Event: 259.825 Thread 0x0000022cb9aa25f0 Thread added: 0x0000022ceaa9f030
Event: 260.357 Thread 0x0000022ceaa9f030 Thread exited: 0x0000022ceaa9f030
Event: 260.719 Thread 0x0000022ceaa9e590 Thread exited: 0x0000022ceaa9e590
Event: 260.719 Thread 0x0000022cb9aa25f0 Thread added: 0x0000022ce1f950e0
Event: 260.721 Thread 0x0000022cb9aa25f0 Thread added: 0x0000022ce1f94b90
Event: 261.264 Thread 0x0000022ce1f94b90 Thread exited: 0x0000022ce1f94b90
Event: 261.329 Thread 0x0000022cb9aa25f0 Thread added: 0x0000022ce1f95b80
Event: 262.149 Thread 0x0000022ce1f95b80 Thread exited: 0x0000022ce1f95b80
Event: 263.172 Thread 0x0000022cb9aa25f0 Thread added: 0x0000022cdf5da670
Event: 263.749 Thread 0x0000022cdf5da670 Thread exited: 0x0000022cdf5da670
Event: 263.749 Thread 0x0000022ce1f950e0 Thread exited: 0x0000022ce1f950e0


Dynamic libraries:
0x00007ff72d0b0000 - 0x00007ff72d0be000 	C:\Users\ivanp\AppData\Local\Programs\Eclipse Adoptium\jdk-17.0.19.10-hotspot\bin\java.exe
0x00007ffb90000000 - 0x00007ffb90266000 	C:\WINDOWS\SYSTEM32\ntdll.dll
0x00007ffb8f640000 - 0x00007ffb8f709000 	C:\WINDOWS\System32\KERNEL32.DLL
0x00007ffb8d400000 - 0x00007ffb8d7fa000 	C:\WINDOWS\System32\KERNELBASE.dll
0x00007ffb8dac0000 - 0x00007ffb8dc0c000 	C:\WINDOWS\System32\ucrtbase.dll
0x00007ffb7b860000 - 0x00007ffb7b878000 	C:\Users\ivanp\AppData\Local\Programs\Eclipse Adoptium\jdk-17.0.19.10-hotspot\bin\jli.dll
0x00007ffb7b950000 - 0x00007ffb7b96e000 	C:\Users\ivanp\AppData\Local\Programs\Eclipse Adoptium\jdk-17.0.19.10-hotspot\bin\VCRUNTIME140.dll
0x00007ffb8e2b0000 - 0x00007ffb8e477000 	C:\WINDOWS\System32\USER32.dll
0x00007ffb709c0000 - 0x00007ffb70c52000 	C:\WINDOWS\WinSxS\amd64_microsoft.windows.common-controls_6595b64144ccf1df_6.0.26100.8521_none_3e08b75ce33403b3\COMCTL32.dll
0x00007ffb8dd40000 - 0x00007ffb8dd67000 	C:\WINDOWS\System32\win32u.dll
0x00007ffb8f920000 - 0x00007ffb8f94b000 	C:\WINDOWS\System32\GDI32.dll
0x00007ffb8fb30000 - 0x00007ffb8fbd9000 	C:\WINDOWS\System32\msvcrt.dll
0x00007ffb8dc10000 - 0x00007ffb8dd3b000 	C:\WINDOWS\System32\gdi32full.dll
0x00007ffb8d800000 - 0x00007ffb8d8a3000 	C:\WINDOWS\System32\msvcp_win.dll
0x00007ffb8fbe0000 - 0x00007ffb8fc12000 	C:\WINDOWS\System32\IMM32.DLL
0x00007ffb80090000 - 0x00007ffb8009c000 	C:\Users\ivanp\AppData\Local\Programs\Eclipse Adoptium\jdk-17.0.19.10-hotspot\bin\vcruntime140_1.dll
0x00007ffb7a6a0000 - 0x00007ffb7a72d000 	C:\Users\ivanp\AppData\Local\Programs\Eclipse Adoptium\jdk-17.0.19.10-hotspot\bin\msvcp140.dll
0x00007ffabd060000 - 0x00007ffabdccc000 	C:\Users\ivanp\AppData\Local\Programs\Eclipse Adoptium\jdk-17.0.19.10-hotspot\bin\server\jvm.dll
0x00007ffb8f580000 - 0x00007ffb8f636000 	C:\WINDOWS\System32\ADVAPI32.dll
0x00007ffb8f870000 - 0x00007ffb8f91a000 	C:\WINDOWS\System32\sechost.dll
0x00007ffb8fd00000 - 0x00007ffb8fe18000 	C:\WINDOWS\System32\RPCRT4.dll
0x00007ffb8fa20000 - 0x00007ffb8faa0000 	C:\WINDOWS\System32\WS2_32.dll
0x00007ffb8caf0000 - 0x00007ffb8cb4e000 	C:\WINDOWS\SYSTEM32\POWRPROF.dll
0x00007ffb7c890000 - 0x00007ffb7c8c6000 	C:\WINDOWS\SYSTEM32\WINMM.dll
0x00007ffb80a40000 - 0x00007ffb80a4b000 	C:\WINDOWS\SYSTEM32\VERSION.dll
0x00007ffb8cad0000 - 0x00007ffb8cae4000 	C:\WINDOWS\SYSTEM32\UMPDC.dll
0x00007ffb8bfe0000 - 0x00007ffb8bffb000 	C:\WINDOWS\SYSTEM32\kernel.appcore.dll
0x00007ffb80060000 - 0x00007ffb8006a000 	C:\Users\ivanp\AppData\Local\Programs\Eclipse Adoptium\jdk-17.0.19.10-hotspot\bin\jimage.dll
0x00007ffb8a900000 - 0x00007ffb8ab42000 	C:\WINDOWS\SYSTEM32\DBGHELP.DLL
0x00007ffb8e4d0000 - 0x00007ffb8e853000 	C:\WINDOWS\System32\combase.dll
0x00007ffb8f790000 - 0x00007ffb8f869000 	C:\WINDOWS\System32\OLEAUT32.dll
0x00007ffb6cc40000 - 0x00007ffb6cc7b000 	C:\WINDOWS\SYSTEM32\dbgcore.DLL
0x00007ffb8d350000 - 0x00007ffb8d3f8000 	C:\WINDOWS\System32\bcryptPrimitives.dll
0x00007ffb7edd0000 - 0x00007ffb7edde000 	C:\Users\ivanp\AppData\Local\Programs\Eclipse Adoptium\jdk-17.0.19.10-hotspot\bin\instrument.dll
0x00007ffb7b670000 - 0x00007ffb7b695000 	C:\Users\ivanp\AppData\Local\Programs\Eclipse Adoptium\jdk-17.0.19.10-hotspot\bin\java.dll
0x00007ffad9590000 - 0x00007ffad9667000 	C:\Users\ivanp\AppData\Local\Programs\Eclipse Adoptium\jdk-17.0.19.10-hotspot\bin\jsvml.dll
0x00007ffb8e860000 - 0x00007ffb8efe4000 	C:\WINDOWS\System32\SHELL32.dll
0x00007ffb8ae10000 - 0x00007ffb8b690000 	C:\WINDOWS\SYSTEM32\windows.storage.dll
0x00007ffb8e1b0000 - 0x00007ffb8e2a6000 	C:\WINDOWS\System32\SHCORE.dll
0x00007ffb8fc30000 - 0x00007ffb8fc97000 	C:\WINDOWS\System32\shlwapi.dll
0x00007ffb8d1b0000 - 0x00007ffb8d1d9000 	C:\WINDOWS\SYSTEM32\profapi.dll
0x00007ffb7b360000 - 0x00007ffb7b378000 	C:\Users\ivanp\AppData\Local\Programs\Eclipse Adoptium\jdk-17.0.19.10-hotspot\bin\zip.dll
0x00007ffb7b780000 - 0x00007ffb7b79a000 	C:\Users\ivanp\AppData\Local\Programs\Eclipse Adoptium\jdk-17.0.19.10-hotspot\bin\net.dll
0x00007ffb83e50000 - 0x00007ffb83f79000 	C:\WINDOWS\SYSTEM32\WINHTTP.dll
0x00007ffb8c530000 - 0x00007ffb8c59c000 	C:\WINDOWS\system32\mswsock.dll
0x00007ffb7b5b0000 - 0x00007ffb7b5c6000 	C:\Users\ivanp\AppData\Local\Programs\Eclipse Adoptium\jdk-17.0.19.10-hotspot\bin\nio.dll
0x00007ffb7bac0000 - 0x00007ffb7bad0000 	C:\Users\ivanp\AppData\Local\Programs\Eclipse Adoptium\jdk-17.0.19.10-hotspot\bin\verify.dll
0x00007ffb6b750000 - 0x00007ffb6b777000 	C:\Users\ivanp\.gradle\native\c067742578af261105cb4f569cf0c3c89f3d7b1fecec35dd04571415982c5e48\windows-amd64\native-platform.dll
0x00007ffad7e60000 - 0x00007ffad7fa4000 	C:\Users\ivanp\.gradle\native\38dada09dfb8b06ba9b0570ebf7e218e3eb74d4ef43ca46872605cf95ebc2f47\windows-amd64\native-platform-file-events.dll
0x00007ffb7b850000 - 0x00007ffb7b85a000 	C:\Users\ivanp\AppData\Local\Programs\Eclipse Adoptium\jdk-17.0.19.10-hotspot\bin\management.dll
0x00007ffb7b750000 - 0x00007ffb7b75c000 	C:\Users\ivanp\AppData\Local\Programs\Eclipse Adoptium\jdk-17.0.19.10-hotspot\bin\management_ext.dll
0x00007ffb8f950000 - 0x00007ffb8f958000 	C:\WINDOWS\System32\PSAPI.DLL
0x00007ffb8c930000 - 0x00007ffb8c94b000 	C:\WINDOWS\SYSTEM32\CRYPTSP.dll
0x00007ffb8bf40000 - 0x00007ffb8bf79000 	C:\WINDOWS\system32\rsaenh.dll
0x00007ffb8c5e0000 - 0x00007ffb8c613000 	C:\WINDOWS\SYSTEM32\USERENV.dll
0x00007ffb8d180000 - 0x00007ffb8d1aa000 	C:\WINDOWS\SYSTEM32\bcrypt.dll
0x00007ffb8c790000 - 0x00007ffb8c79c000 	C:\WINDOWS\SYSTEM32\CRYPTBASE.dll
0x00007ffb8ba70000 - 0x00007ffb8baa3000 	C:\WINDOWS\SYSTEM32\IPHLPAPI.DLL
0x00007ffb8e480000 - 0x00007ffb8e48a000 	C:\WINDOWS\System32\NSI.dll
0x00007ffb865f0000 - 0x00007ffb8660d000 	C:\WINDOWS\SYSTEM32\dhcpcsvc6.DLL
0x00007ffb84000000 - 0x00007ffb84025000 	C:\WINDOWS\SYSTEM32\dhcpcsvc.DLL
0x00007ffb8bb40000 - 0x00007ffb8bc8a000 	C:\WINDOWS\SYSTEM32\DNSAPI.dll
0x00007ffb8c300000 - 0x00007ffb8c30d000 	C:\WINDOWS\SYSTEM32\DSPARSE.dll
0x00007ffb7ede0000 - 0x00007ffb7ede9000 	C:\Users\ivanp\AppData\Local\Programs\Eclipse Adoptium\jdk-17.0.19.10-hotspot\bin\extnet.dll
0x00007ffb7baf0000 - 0x00007ffb7bafe000 	C:\Users\ivanp\AppData\Local\Programs\Eclipse Adoptium\jdk-17.0.19.10-hotspot\bin\sunmscapi.dll
0x00007ffb8d8b0000 - 0x00007ffb8da28000 	C:\WINDOWS\System32\CRYPT32.dll
0x00007ffb8cbb0000 - 0x00007ffb8cbe0000 	C:\WINDOWS\SYSTEM32\ncrypt.dll
0x00007ffb8cb60000 - 0x00007ffb8cb9f000 	C:\WINDOWS\SYSTEM32\NTASN1.dll
0x00007ffb80cc0000 - 0x00007ffb80cc8000 	C:\WINDOWS\system32\wshunix.dll
0x00007ffb62cd0000 - 0x00007ffb62ce8000 	C:\WINDOWS\system32\napinsp.dll
0x00007ffb62cb0000 - 0x00007ffb62cc3000 	C:\WINDOWS\System32\winrnr.dll
0x00007ffb62c80000 - 0x00007ffb62ca2000 	C:\WINDOWS\system32\nlansp_c.dll
0x00007ffb820a0000 - 0x00007ffb820b6000 	C:\WINDOWS\system32\wshbth.dll
0x00007ffb82320000 - 0x00007ffb8232b000 	C:\Windows\System32\rasadhlp.dll
0x00007ffb86930000 - 0x00007ffb869b6000 	C:\WINDOWS\System32\fwpuclnt.dll
0x00007ffb8c100000 - 0x00007ffb8c136000 	C:\WINDOWS\SYSTEM32\ntmarta.dll

dbghelp: loaded successfully - version: 4.0.5 - missing functions: none
symbol engine: initialized successfully - sym options: 0x614 - pdb path: .;C:\Users\ivanp\AppData\Local\Programs\Eclipse Adoptium\jdk-17.0.19.10-hotspot\bin;C:\WINDOWS\SYSTEM32;C:\WINDOWS\WinSxS\amd64_microsoft.windows.common-controls_6595b64144ccf1df_6.0.26100.8521_none_3e08b75ce33403b3;C:\Users\ivanp\AppData\Local\Programs\Eclipse Adoptium\jdk-17.0.19.10-hotspot\bin\server;C:\Users\ivanp\.gradle\native\c067742578af261105cb4f569cf0c3c89f3d7b1fecec35dd04571415982c5e48\windows-amd64;C:\Users\ivanp\.gradle\native\38dada09dfb8b06ba9b0570ebf7e218e3eb74d4ef43ca46872605cf95ebc2f47\windows-amd64

VM Arguments:
jvm_args: -XX:+UseG1GC -XX:+UnlockExperimentalVMOptions -XX:G1NewSizePercent=20 -XX:G1ReservePercent=15 -XX:MaxGCPauseMillis=100 -XX:MetaspaceSize=512m -XX:MaxMetaspaceSize=512m --add-opens=java.base/java.util=ALL-UNNAMED --add-opens=java.base/java.lang=ALL-UNNAMED --add-opens=java.base/java.lang.invoke=ALL-UNNAMED --add-opens=java.prefs/java.util.prefs=ALL-UNNAMED --add-opens=java.base/java.nio.charset=ALL-UNNAMED --add-opens=java.base/java.net=ALL-UNNAMED --add-opens=java.base/java.util.concurrent.atomic=ALL-UNNAMED -Xmx8g -Dfile.encoding=windows-1251 -Duser.country=RU -Duser.language=ru -Duser.variant -javaagent:C:\Users\ivanp\.gradle\wrapper\dists\gradle-8.7-bin\bhs2wmbdwecv87pi65oeuq5iu\gradle-8.7\lib\agents\gradle-instrumentation-agent-8.7.jar 
java_command: org.gradle.launcher.daemon.bootstrap.GradleDaemon 8.7
java_class_path (initial): C:\Users\ivanp\.gradle\wrapper\dists\gradle-8.7-bin\bhs2wmbdwecv87pi65oeuq5iu\gradle-8.7\lib\gradle-launcher-8.7.jar
Launcher Type: SUN_STANDARD

[Global flags]
     intx CICompilerCount                          = 4                                         {product} {ergonomic}
   size_t CompressedClassSpaceSize                 = 436207616                                 {product} {ergonomic}
     uint ConcGCThreads                            = 3                                         {product} {ergonomic}
     uint G1ConcRefinementThreads                  = 10                                        {product} {ergonomic}
     uint G1EagerReclaimRemSetThreshold            = 32                                   {experimental} {ergonomic}
   size_t G1HeapRegionSize                         = 4194304                                   {product} {ergonomic}
    uintx G1NewSizePercent                         = 20                                   {experimental} {command line}
    uintx G1ReservePercent                         = 15                                        {product} {command line}
    uintx GCDrainStackTargetSize                   = 64                                        {product} {ergonomic}
   size_t InitialHeapSize                          = 264241152                                 {product} {ergonomic}
   size_t MarkStackSize                            = 4194304                                   {product} {ergonomic}
    uintx MaxGCPauseMillis                         = 100                                       {product} {command line}
   size_t MaxHeapSize                              = 8589934592                                {product} {command line}
   size_t MaxMetaspaceSize                         = 536870912                                 {product} {command line}
   size_t MaxNewSize                               = 5150605312                                {product} {ergonomic}
   size_t MetaspaceSize                            = 536870912                                 {product} {command line}
   size_t MinHeapDeltaBytes                        = 4194304                                   {product} {ergonomic}
   size_t MinHeapSize                              = 8388608                                   {product} {ergonomic}
    uintx NonNMethodCodeHeapSize                   = 5839372                                {pd product} {ergonomic}
    uintx NonProfiledCodeHeapSize                  = 122909434                              {pd product} {ergonomic}
    uintx ProfiledCodeHeapSize                     = 122909434                              {pd product} {ergonomic}
    uintx ReservedCodeCacheSize                    = 251658240                              {pd product} {ergonomic}
     bool SegmentedCodeCache                       = true                                      {product} {ergonomic}
   size_t SoftMaxHeapSize                          = 8589934592                             {manageable} {ergonomic}
     bool UnlockExperimentalVMOptions              = true                                 {experimental} {command line}
     bool UseCompressedClassPointers               = true                           {product lp64_product} {ergonomic}
     bool UseCompressedOops                        = true                           {product lp64_product} {ergonomic}
     bool UseG1GC                                  = true                                      {product} {command line}
     bool UseLargePagesIndividualAllocation        = false                                  {pd product} {ergonomic}

Logging:
Log output configuration:
 #0: stdout all=warning uptime,level,tags
 #1: stderr all=off uptime,level,tags

Environment Variables:
JAVA_HOME=C:\Users\ivanp\AppData\Local\Programs\Eclipse Adoptium\jdk-17.0.19.10-hotspot
CLASSPATH=C:\Users\ivanp\NewCatroid\\gradle\wrapper\gradle-wrapper.jar
PATH=C:\WINDOWS\system32;C:\WINDOWS;C:\WINDOWS\System32\Wbem;C:\WINDOWS\System32\WindowsPowerShell\v1.0\;C:\WINDOWS\System32\OpenSSH\;C:\Program Files\dotnet\;C:\Program Files\NVIDIA Corporation\NVIDIA App\NvDLISR;C:\Program Files (x86)\NVIDIA Corporation\PhysX\Common;C:\Users\ivanp\AppData\Local\Muse Hub\lib;C:\Program Files\Git\cmd;C:\Program Files\nodejs\;C:\Program Files\Cloudflare\Cloudflare WARP\;C:\Users\ivanp\AppData\Local\Programs\Eclipse Adoptium\jdk-17.0.19.10-hotspot\bin;C:\WINDOWS\system32;C:\WINDOWS;C:\WINDOWS\System32\Wbem;C:\WINDOWS\System32\WindowsPowerShell\v1.0\;C:\WINDOWS\System32\OpenSSH\;C:\Program Files\dotnet\;C:\Program Files\NVIDIA Corporation\NVIDIA App\NvDLISR;C:\Program Files (x86)\NVIDIA Corporation\PhysX\Common;C:\Users\ivanp\AppData\Local\Muse Hub\lib;C:\Program Files\Git\cmd;C:\Program Files\nodejs\;C:\Program Files\Cloudflare\Cloudflare WARP\;C:\Users\ivanp\AppData\Local\Programs\Eclipse Adoptium\jdk-21.0.11.10-hotspot\bin;C:\Users\ivanp\AppData\Local\Programs\Python\Python310\Scripts\;C:\Users\ivanp\AppData\Local\Programs\Python\Python310\;C:\Users\ivanp\AppData\Local\Programs\Eclipse Adoptium\jdk-25.0.3.9-hotspot\bin;C:\Users\ivanp\AppData\Local\Programs\Python\Python313\Scripts\;C:\Users\ivanp\AppDa;C:\Users\ivanp\AppData\Local\Programs\Microsoft VS Code\bin
USERNAME=ivanp
OS=Windows_NT
PROCESSOR_IDENTIFIER=Intel64 Family 6 Model 154 Stepping 3, GenuineIntel
TMP=C:\Users\ivanp\AppData\Local\Temp
TEMP=C:\Users\ivanp\AppData\Local\Temp



Periodic native trim disabled


---------------  S Y S T E M  ---------------

OS:
 Windows 11 , 64 bit Build 26100 (10.0.26100.8521)
OS uptime: 1 days 2:33 hours
Hyper-V role detected

CPU: total 12 (initial active 12) (6 cores per cpu, 2 threads per core) family 6 model 154 stepping 3 microcode 0x424, cx8, cmov, fxsr, ht, mmx, 3dnowpref, sse, sse2, sse3, ssse3, sse4.1, sse4.2, popcnt, lzcnt, tsc, tscinvbit, avx, avx2, aes, erms, clmul, bmi1, bmi2, adx, sha, fma, vzeroupper, clflush, clflushopt, clwb, hv
Processor Information for processor 0
  Max Mhz: 2000, Current Mhz: 1520, Mhz Limit: 2000
Processor Information for processor 1
  Max Mhz: 2000, Current Mhz: 1520, Mhz Limit: 2000
Processor Information for processor 2
  Max Mhz: 2000, Current Mhz: 2000, Mhz Limit: 2000
Processor Information for processor 3
  Max Mhz: 2000, Current Mhz: 1520, Mhz Limit: 2000
Processor Information for processor 4
  Max Mhz: 2000, Current Mhz: 1520, Mhz Limit: 2000
Processor Information for processor 5
  Max Mhz: 2000, Current Mhz: 2000, Mhz Limit: 2000
Processor Information for processor 6
  Max Mhz: 2000, Current Mhz: 2000, Mhz Limit: 2000
Processor Information for processor 7
  Max Mhz: 2000, Current Mhz: 2000, Mhz Limit: 2000
Processor Information for processor 8
  Max Mhz: 2000, Current Mhz: 2000, Mhz Limit: 2000
Processor Information for processor 9
  Max Mhz: 2000, Current Mhz: 1466, Mhz Limit: 2000
Processor Information for processor 10
  Max Mhz: 2000, Current Mhz: 1466, Mhz Limit: 2000
Processor Information for processor 11
  Max Mhz: 2000, Current Mhz: 2000, Mhz Limit: 2000

Memory: 4k page, system-wide physical 16087M (725M free)
TotalPageFile size 36567M (AvailPageFile size 1584M)
current process WorkingSet (physical memory assigned to process): 6828M, peak: 6830M
current process commit charge ("private bytes"): 7327M, peak: 9003M

vm_info: OpenJDK 64-Bit Server VM (17.0.19+10) for windows-amd64 JRE (17.0.19+10), built on Apr 25 2026 08:04:44 by "admin" with MS VC++ 17.12 (VS2022)

END.
