#
# There is insufficient memory for the Java Runtime Environment to continue.
# Native memory allocation (mmap) failed to map 2055208960 bytes. Error detail: G1 virtual space
# Possible reasons:
#   The system is out of physical RAM or swap space
#   This process is running with CompressedOops enabled, and the Java Heap may be blocking the growth of the native heap
# Possible solutions:
#   Reduce memory load on the system
#   Increase physical memory or swap space
#   Check if swap backing store is full
#   Decrease Java heap size (-Xmx/-Xms)
#   Decrease number of Java threads
#   Decrease Java thread stack sizes (-Xss)
#   Set larger code cache with -XX:ReservedCodeCacheSize=
#   JVM is running with Zero Based Compressed Oops mode in which the Java heap is
#     placed in the first 32GB address space. The Java Heap base address is the
#     maximum limit for the native heap growth. Please use -XX:HeapBaseMinAddress
#     to set the Java Heap base and to place the Java Heap above 32GB virtual address.
# This output file may be truncated or incomplete.
#
#  Out of Memory Error (os_windows.cpp:3618), pid=25776, tid=29228
#
# JRE version: OpenJDK Runtime Environment Temurin-17.0.19+10 (17.0.19+10) (build 17.0.19+10)
# Java VM: OpenJDK 64-Bit Server VM Temurin-17.0.19+10 (17.0.19+10, mixed mode, sharing, tiered, compressed oops, compressed class ptrs, g1 gc, windows-amd64)
# No core dump will be written. Minidumps are not enabled by default on client versions of Windows
#

---------------  S U M M A R Y ------------

Command Line: -XX:+UseG1GC -XX:+UnlockExperimentalVMOptions -XX:G1NewSizePercent=15 -XX:G1ReservePercent=10 -XX:MaxGCPauseMillis=100 -XX:MetaspaceSize=512m -XX:MaxMetaspaceSize=512m --add-opens=java.base/java.util=ALL-UNNAMED --add-opens=java.base/java.lang=ALL-UNNAMED --add-opens=java.base/java.lang.invoke=ALL-UNNAMED --add-opens=java.prefs/java.util.prefs=ALL-UNNAMED --add-opens=java.base/java.nio.charset=ALL-UNNAMED --add-opens=java.base/java.net=ALL-UNNAMED --add-opens=java.base/java.util.concurrent.atomic=ALL-UNNAMED -Xmx6g -Dfile.encoding=windows-1251 -Duser.country=RU -Duser.language=ru -Duser.variant -javaagent:C:\Users\ivanp\.gradle\wrapper\dists\gradle-8.7-bin\bhs2wmbdwecv87pi65oeuq5iu\gradle-8.7\lib\agents\gradle-instrumentation-agent-8.7.jar org.gradle.launcher.daemon.bootstrap.GradleDaemon 8.7

Host: 12th Gen Intel(R) Core(TM) i5-12450H, 12 cores, 15G,  Windows 11 , 64 bit Build 26100 (10.0.26100.8521)
Time: Sat Jul  4 21:31:35 2026  Windows 11 , 64 bit Build 26100 (10.0.26100.8521) elapsed time: 423.403502 seconds (0d 0h 7m 3s)

---------------  T H R E A D  ---------------

Current thread (0x0000020bff6dad20):  VMThread "VM Thread" [stack: 0x000000138e200000,0x000000138e300000] [id=29228]

Stack: [0x000000138e200000,0x000000138e300000]
Native frames: (J=compiled Java code, j=interpreted, Vv=VM code, C=native code)
V  [jvm.dll+0x684b29]
V  [jvm.dll+0x83a2d5]
V  [jvm.dll+0x83bd4e]
V  [jvm.dll+0x83c3d3]
V  [jvm.dll+0x24905f]
V  [jvm.dll+0x6818e9]
V  [jvm.dll+0x6766ea]
V  [jvm.dll+0x3093b7]
V  [jvm.dll+0x3109a6]
V  [jvm.dll+0x360f1e]
V  [jvm.dll+0x36115d]
V  [jvm.dll+0x2e043c]
V  [jvm.dll+0x2e34c6]
V  [jvm.dll+0x2edc04]
V  [jvm.dll+0x320edd]
V  [jvm.dll+0x840bed]
V  [jvm.dll+0x841923]
V  [jvm.dll+0x841e4f]
V  [jvm.dll+0x842235]
V  [jvm.dll+0x8422fe]
V  [jvm.dll+0x7eaf1c]
V  [jvm.dll+0x6839f7]
C  [ucrtbase.dll+0x2cd30]
C  [KERNEL32.DLL+0x2e957]
C  [ntdll.dll+0x87c1c]

VM_Operation (0x000000138deff420): G1PauseRemark, mode: safepoint, requested by thread 0x0000020be3a75270


---------------  P R O C E S S  ---------------

Threads class SMR info:
_java_thread_list=0x0000020bc78e0d60, length=70, elements={
0x0000020be39e0930, 0x0000020bff6de4a0, 0x0000020bff6dee70, 0x0000020bff6feee0,
0x0000020bff6ff7b0, 0x0000020bff700080, 0x0000020bff700950, 0x0000020bff701600,
0x0000020bff703fd0, 0x0000020bab010060, 0x0000020bff6cdbf0, 0x0000020bab2071f0,
0x0000020bace07020, 0x0000020bac4551b0, 0x0000020bacbff770, 0x0000020baccebc80,
0x0000020bacce1a10, 0x0000020bacce00c0, 0x0000020bacce05d0, 0x0000020baccdf6a0,
0x0000020bacce0ae0, 0x0000020baccdec80, 0x0000020baccdf190, 0x0000020bacce1f20,
0x0000020baccdfbb0, 0x0000020bacce1500, 0x0000020bacce2430, 0x0000020bad8fd1e0,
0x0000020bad8fc7c0, 0x0000020bad8fd6f0, 0x0000020bad8fb890, 0x0000020bad8fbda0,
0x0000020bad8fa450, 0x0000020bad8fa960, 0x0000020bad8fc2b0, 0x0000020bad8fe110,
0x0000020bad8fe620, 0x0000020bad8fae70, 0x0000020bad8feb30, 0x0000020bad8ff040,
0x0000020bad8ff550, 0x0000020bad8ffa60, 0x0000020bad9018c0, 0x0000020bad900480,
0x0000020bad901dd0, 0x0000020bad900ea0, 0x0000020bb03f98a0, 0x0000020bb03f6b10,
0x0000020bb03f6600, 0x0000020bb03f9390, 0x0000020bb03f8e80, 0x0000020bacce0ff0,
0x0000020bb1fd6680, 0x0000020bb1fd6b90, 0x0000020bb1fd5c60, 0x0000020bb1fd7fd0,
0x0000020bb1fd70a0, 0x0000020bb1fd6170, 0x0000020bb1fd75b0, 0x0000020bb1fd7ac0,
0x0000020bb1fd5240, 0x0000020bb1fd9920, 0x0000020bb9f31480, 0x0000020bb9d8b8b0,
0x0000020bb9638740, 0x0000020bb9634f90, 0x0000020bb9f2cda0, 0x0000020bb9f30550,
0x0000020baf816900, 0x0000020baf81c420
}

Java Threads: ( => current thread )
  0x0000020be39e0930 JavaThread "main" [_thread_blocked, id=23280, stack(0x000000138dc00000,0x000000138dd00000)]
  0x0000020bff6de4a0 JavaThread "Reference Handler" daemon [_thread_blocked, id=14012, stack(0x000000138e300000,0x000000138e400000)]
  0x0000020bff6dee70 JavaThread "Finalizer" daemon [_thread_blocked, id=1536, stack(0x000000138e400000,0x000000138e500000)]
  0x0000020bff6feee0 JavaThread "Signal Dispatcher" daemon [_thread_blocked, id=1956, stack(0x000000138e500000,0x000000138e600000)]
  0x0000020bff6ff7b0 JavaThread "Attach Listener" daemon [_thread_blocked, id=30208, stack(0x000000138e600000,0x000000138e700000)]
  0x0000020bff700080 JavaThread "Service Thread" daemon [_thread_blocked, id=2184, stack(0x000000138e700000,0x000000138e800000)]
  0x0000020bff700950 JavaThread "Monitor Deflation Thread" daemon [_thread_blocked, id=29868, stack(0x000000138e800000,0x000000138e900000)]
  0x0000020bff701600 JavaThread "C2 CompilerThread0" daemon [_thread_blocked, id=27600, stack(0x000000138e900000,0x000000138ea00000)]
  0x0000020bff703fd0 JavaThread "C1 CompilerThread0" daemon [_thread_blocked, id=29916, stack(0x000000138ea00000,0x000000138eb00000)]
  0x0000020bab010060 JavaThread "Sweeper thread" daemon [_thread_blocked, id=18688, stack(0x000000138eb00000,0x000000138ec00000)]
  0x0000020bff6cdbf0 JavaThread "Common-Cleaner" daemon [_thread_blocked, id=20516, stack(0x000000138ec00000,0x000000138ed00000)]
  0x0000020bab2071f0 JavaThread "Notification Thread" daemon [_thread_blocked, id=11564, stack(0x000000138ed00000,0x000000138ee00000)]
  0x0000020bace07020 JavaThread "Daemon health stats" [_thread_blocked, id=27480, stack(0x000000138f500000,0x000000138f600000)]
  0x0000020bac4551b0 JavaThread "Incoming local TCP Connector on port 61610" [_thread_in_native, id=1836, stack(0x000000138ef00000,0x000000138f000000)]
  0x0000020bacbff770 JavaThread "Daemon periodic checks" [_thread_blocked, id=27580, stack(0x000000138f600000,0x000000138f700000)]
  0x0000020baccebc80 JavaThread "Daemon" [_thread_blocked, id=14708, stack(0x000000138f800000,0x000000138f900000)]
  0x0000020bacce1a10 JavaThread "Handler for socket connection from /127.0.0.1:61610 to /127.0.0.1:61611" [_thread_in_native, id=7244, stack(0x000000138f900000,0x000000138fa00000)]
  0x0000020bacce00c0 JavaThread "Cancel handler" [_thread_blocked, id=30036, stack(0x000000138fa00000,0x000000138fb00000)]
  0x0000020bacce05d0 JavaThread "Daemon worker" [_thread_blocked, id=1544, stack(0x000000138fb00000,0x000000138fc00000)]
  0x0000020baccdf6a0 JavaThread "Asynchronous log dispatcher for DefaultDaemonConnection: socket connection from /127.0.0.1:61610 to /127.0.0.1:61611" [_thread_blocked, id=13260, stack(0x000000138fc00000,0x000000138fd00000)]
  0x0000020bacce0ae0 JavaThread "Stdin handler" [_thread_blocked, id=4700, stack(0x000000138fd00000,0x000000138fe00000)]
  0x0000020baccdec80 JavaThread "Daemon client event forwarder" [_thread_blocked, id=24600, stack(0x000000138fe00000,0x000000138ff00000)]
  0x0000020baccdf190 JavaThread "Cache worker for journal cache (C:\Users\ivanp\.gradle\caches\journal-1)" [_thread_blocked, id=24536, stack(0x0000001390300000,0x0000001390400000)]
  0x0000020bacce1f20 JavaThread "File lock request listener" [_thread_in_native, id=26348, stack(0x0000001390400000,0x0000001390500000)]
  0x0000020baccdfbb0 JavaThread "Cache worker for file hash cache (C:\Users\ivanp\.gradle\caches\8.7\fileHashes)" [_thread_blocked, id=4216, stack(0x0000001390600000,0x0000001390700000)]
  0x0000020bacce1500 JavaThread "Cache worker for file hash cache (C:\Users\ivanp\NewCatroid\.gradle\8.7\fileHashes)" [_thread_blocked, id=24188, stack(0x0000001390500000,0x0000001390600000)]
  0x0000020bacce2430 JavaThread "File watcher server" daemon [_thread_blocked, id=2504, stack(0x0000001390800000,0x0000001390900000)]
  0x0000020bad8fd1e0 JavaThread "File watcher consumer" daemon [_thread_blocked, id=8560, stack(0x0000001390900000,0x0000001390a00000)]
  0x0000020bad8fc7c0 JavaThread "Cache worker for checksums cache (C:\Users\ivanp\NewCatroid\.gradle\8.7\checksums)" [_thread_blocked, id=22020, stack(0x0000001390700000,0x0000001390800000)]
  0x0000020bad8fd6f0 JavaThread "Cache worker for cache directory md-supplier (C:\Users\ivanp\.gradle\caches\8.7\md-supplier)" [_thread_blocked, id=26340, stack(0x0000001390a00000,0x0000001390b00000)]
  0x0000020bad8fb890 JavaThread "Cache worker for cache directory md-rule (C:\Users\ivanp\.gradle\caches\8.7\md-rule)" [_thread_blocked, id=29416, stack(0x0000001390b00000,0x0000001390c00000)]
  0x0000020bad8fbda0 JavaThread "Cache worker for file content cache (C:\Users\ivanp\.gradle\caches\8.7\fileContent)" [_thread_blocked, id=25120, stack(0x0000001390c00000,0x0000001390d00000)]
  0x0000020bad8fa450 JavaThread "jar transforms" [_thread_blocked, id=26552, stack(0x0000001390f00000,0x0000001391000000)]
  0x0000020bad8fa960 JavaThread "jar transforms Thread 2" [_thread_blocked, id=26280, stack(0x0000001391000000,0x0000001391100000)]
  0x0000020bad8fc2b0 JavaThread "Cache worker for Build Output Cleanup Cache (C:\Users\ivanp\NewCatroid\.gradle\buildOutputCleanup)" [_thread_blocked, id=15376, stack(0x0000001391100000,0x0000001391200000)]
  0x0000020bad8fe110 JavaThread "jar transforms Thread 3" [_thread_blocked, id=27912, stack(0x0000001391200000,0x0000001391300000)]
  0x0000020bad8fe620 JavaThread "Unconstrained build operations" [_thread_blocked, id=1852, stack(0x0000001390e00000,0x0000001390f00000)]
  0x0000020bad8fae70 JavaThread "Unconstrained build operations Thread 2" [_thread_blocked, id=30704, stack(0x0000001391400000,0x0000001391500000)]
  0x0000020bad8feb30 JavaThread "jar transforms Thread 4" [_thread_blocked, id=20372, stack(0x0000001390d00000,0x0000001390e00000)]
  0x0000020bad8ff040 JavaThread "jar transforms Thread 5" [_thread_blocked, id=18232, stack(0x0000001391600000,0x0000001391700000)]
  0x0000020bad8ff550 JavaThread "Unconstrained build operations Thread 3" [_thread_blocked, id=28800, stack(0x0000001391800000,0x0000001391900000)]
  0x0000020bad8ffa60 JavaThread "Unconstrained build operations Thread 4" [_thread_blocked, id=25936, stack(0x0000001391900000,0x0000001391a00000)]
  0x0000020bad9018c0 JavaThread "build event listener" [_thread_blocked, id=724, stack(0x0000001391a00000,0x0000001391b00000)]
  0x0000020bad900480 JavaThread "jar transforms Thread 6" [_thread_blocked, id=28732, stack(0x0000001391c00000,0x0000001391d00000)]
  0x0000020bad901dd0 JavaThread "Memory manager" [_thread_blocked, id=9724, stack(0x0000001391e00000,0x0000001391f00000)]
  0x0000020bad900ea0 JavaThread "jar transforms Thread 7" [_thread_blocked, id=16424, stack(0x0000001391f00000,0x0000001392000000)]
  0x0000020bb03f98a0 JavaThread "jar transforms Thread 8" [_thread_blocked, id=20512, stack(0x0000001392000000,0x0000001392100000)]
  0x0000020bb03f6b10 JavaThread "jar transforms Thread 9" [_thread_blocked, id=19220, stack(0x0000001392100000,0x0000001392200000)]
  0x0000020bb03f6600 JavaThread "jar transforms Thread 10" [_thread_blocked, id=30572, stack(0x0000001392200000,0x0000001392300000)]
  0x0000020bb03f9390 JavaThread "jar transforms Thread 11" [_thread_blocked, id=26596, stack(0x0000001392400000,0x0000001392500000)]
  0x0000020bb03f8e80 JavaThread "jar transforms Thread 12" [_thread_blocked, id=24496, stack(0x0000001392500000,0x0000001392600000)]
  0x0000020bacce0ff0 JavaThread "pool-3-thread-1" [_thread_blocked, id=30196, stack(0x000000138db00000,0x000000138dc00000)]
  0x0000020bb1fd6680 JavaThread "build event listener" [_thread_blocked, id=6604, stack(0x000000138f700000,0x000000138f800000)]
  0x0000020bb1fd6b90 JavaThread "included builds" [_thread_blocked, id=25836, stack(0x0000001392900000,0x0000001392a00000)]
  0x0000020bb1fd5c60 JavaThread "Cache worker for execution history cache (C:\Users\ivanp\NewCatroid\.gradle\8.7\executionHistory)" [_thread_blocked, id=22060, stack(0x000000138da00000,0x000000138db00000)]
  0x0000020bb1fd7fd0 JavaThread "Unconstrained build operations Thread 5" [_thread_blocked, id=20320, stack(0x0000001392800000,0x0000001392900000)]
  0x0000020bb1fd70a0 JavaThread "Unconstrained build operations Thread 6" [_thread_blocked, id=26140, stack(0x0000001392a00000,0x0000001392b00000)]
  0x0000020bb1fd6170 JavaThread "Unconstrained build operations Thread 7" [_thread_blocked, id=14004, stack(0x0000001392b00000,0x0000001392c00000)]
  0x0000020bb1fd75b0 JavaThread "Unconstrained build operations Thread 8" [_thread_blocked, id=23480, stack(0x0000001392e00000,0x0000001392f00000)]
  0x0000020bb1fd7ac0 JavaThread "Unconstrained build operations Thread 9" [_thread_blocked, id=19656, stack(0x0000001392d00000,0x0000001392e00000)]
  0x0000020bb1fd5240 JavaThread "Unconstrained build operations Thread 10" [_thread_blocked, id=14552, stack(0x0000001392f00000,0x0000001393000000)]
  0x0000020bb1fd9920 JavaThread "WorkerExecutor Queue" [_thread_blocked, id=1472, stack(0x0000001393800000,0x0000001393900000)]
  0x0000020bb9f31480 JavaThread "Periodic tasks thread" daemon [_thread_blocked, id=28240, stack(0x0000001392700000,0x0000001392800000)]
  0x0000020bb9d8b8b0 JavaThread "ApplicationImpl pooled thread 1" [_thread_blocked, id=12832, stack(0x0000001393000000,0x0000001393100000)]
  0x0000020bb9638740 JavaThread "ForkJoinPool-1-worker-1" daemon [_thread_blocked, id=27228, stack(0x0000001393d00000,0x0000001393e00000)]
  0x0000020bb9634f90 JavaThread "ForkJoinPool-1-worker-2" daemon [_thread_blocked, id=23960, stack(0x0000001393900000,0x0000001393a00000)]
  0x0000020bb9f2cda0 JavaThread "ForkJoinPool-1-worker-3" daemon [_thread_blocked, id=8256, stack(0x0000001393e00000,0x0000001393f00000)]
  0x0000020bb9f30550 JavaThread "ForkJoinPool-1-worker-4" daemon [_thread_blocked, id=20352, stack(0x0000001393f00000,0x0000001394000000)]
  0x0000020baf816900 JavaThread "ForkJoinPool-1-worker-5" daemon [_thread_blocked, id=16792, stack(0x0000001394000000,0x0000001394100000)]
  0x0000020baf81c420 JavaThread "ForkJoinPool-1-worker-6" daemon [_thread_blocked, id=29600, stack(0x0000001394100000,0x0000001394200000)]

Other Threads:
=>0x0000020bff6dad20 VMThread "VM Thread" [stack: 0x000000138e200000,0x000000138e300000] [id=29228]
  0x0000020bab2076d0 WatcherThread [stack: 0x000000138ee00000,0x000000138ef00000] [id=17164]
  0x0000020be18ce300 GCTaskThread "GC Thread#0" [stack: 0x000000138dd00000,0x000000138de00000] [id=26948]
  0x0000020bab2db800 GCTaskThread "GC Thread#1" [stack: 0x000000138f000000,0x000000138f100000] [id=25640]
  0x0000020babcc7d80 GCTaskThread "GC Thread#2" [stack: 0x000000138f100000,0x000000138f200000] [id=8280]
  0x0000020babcc8040 GCTaskThread "GC Thread#3" [stack: 0x000000138f200000,0x000000138f300000] [id=26336]
  0x0000020babcc8300 GCTaskThread "GC Thread#4" [stack: 0x000000138f300000,0x000000138f400000] [id=26604]
  0x0000020bab321370 GCTaskThread "GC Thread#5" [stack: 0x000000138f400000,0x000000138f500000] [id=25344]
  0x0000020bacf769e0 GCTaskThread "GC Thread#6" [stack: 0x000000138ff00000,0x0000001390000000] [id=12960]
  0x0000020bacbff460 GCTaskThread "GC Thread#7" [stack: 0x0000001390000000,0x0000001390100000] [id=24200]
  0x0000020bacc9e8b0 GCTaskThread "GC Thread#8" [stack: 0x0000001390100000,0x0000001390200000] [id=27560]
  0x0000020bacc98850 GCTaskThread "GC Thread#9" [stack: 0x0000001390200000,0x0000001390300000] [id=19820]
  0x0000020be3a75270 ConcurrentGCThread "G1 Main Marker" [stack: 0x000000138de00000,0x000000138df00000] [id=4552]
  0x0000020be3a75ba0 ConcurrentGCThread "G1 Conc#0" [stack: 0x000000138df00000,0x000000138e000000] [id=19084]
  0x0000020bb0d82fb0 ConcurrentGCThread "G1 Conc#1" [stack: 0x0000001392300000,0x0000001392400000] [id=12788]
  0x0000020bb0d84b30 ConcurrentGCThread "G1 Conc#2" [stack: 0x0000001392600000,0x0000001392700000] [id=25452]
  0x0000020bff5927c0 ConcurrentGCThread "G1 Refine#0" [stack: 0x000000138e000000,0x000000138e100000] [id=17032]
  0x0000020bae3de250 ConcurrentGCThread "G1 Refine#1" [stack: 0x0000001391300000,0x0000001391400000] [id=29032]
  0x0000020bae3db930 ConcurrentGCThread "G1 Refine#2" [stack: 0x0000001391500000,0x0000001391600000] [id=21384]
  0x0000020bae3dc4f0 ConcurrentGCThread "G1 Refine#3" [stack: 0x0000001391d00000,0x0000001391e00000] [id=29384]
  0x0000020bae3dbf10 ConcurrentGCThread "G1 Refine#4" [stack: 0x0000001393100000,0x0000001393200000] [id=17764]
  0x0000020bae3deb20 ConcurrentGCThread "G1 Refine#5" [stack: 0x0000001393200000,0x0000001393300000] [id=27368]
  0x0000020bad5fef70 ConcurrentGCThread "G1 Refine#6" [stack: 0x0000001393300000,0x0000001393400000] [id=28624]
  0x0000020bad5ffe20 ConcurrentGCThread "G1 Refine#7" [stack: 0x0000001393400000,0x0000001393500000] [id=22932]
  0x0000020bad6015a0 ConcurrentGCThread "G1 Refine#8" [stack: 0x0000001393500000,0x0000001393600000] [id=15304]
  0x0000020bb2064df0 ConcurrentGCThread "G1 Refine#9" [stack: 0x0000001393600000,0x0000001393700000] [id=2168]
  0x0000020bff593fb0 ConcurrentGCThread "G1 Service" [stack: 0x000000138e100000,0x000000138e200000] [id=15228]

Threads with active compile tasks:
C2 CompilerThread0  423473 68067   !   4       java.security.Provider$Service::newInstance (354 bytes)

VM state: at safepoint (normal execution)

VM Mutex/Monitor currently owned by a thread:  ([mutex/lock_event])
[0x0000020be39dd8f0] Threads_lock - owner thread: 0x0000020bff6dad20
[0x0000020be39dd620] Heap_lock - owner thread: 0x0000020be3a75270

Heap address: 0x0000000680000000, size: 6144 MB, Compressed Oops mode: Zero based, Oop shift amount: 3

CDS archive(s) mapped at: [0x0000020b8c000000-0x0000020b8cbb0000-0x0000020b8cbb0000), size 12255232, SharedBaseAddress: 0x0000020b8c000000, ArchiveRelocationMode: 1.
Compressed class space mapped at: 0x0000020b8d000000-0x0000020ba7000000, reserved size: 436207616
Narrow klass base: 0x0000020b8c000000, Narrow klass shift: 0, Narrow klass range: 0x100000000

GC Precious Log:
 CPUs: 12 total, 12 available
 Memory: 16087M
 Large Page Support: Disabled
 NUMA Support: Disabled
 Compressed Oops: Enabled (Zero based)
 Heap Region Size: 4M
 Heap Min Capacity: 8M
 Heap Initial Capacity: 252M
 Heap Max Capacity: 6G
 Pre-touch: Disabled
 Parallel Workers: 10
 Concurrent Workers: 3
 Concurrent Refinement Workers: 10
 Periodic GC: Disabled

Heap:
 garbage-first heap   total 3928064K, used 3551324K [0x0000000680000000, 0x0000000800000000)
  region size 4096K, 137 young (561152K), 17 survivors (69632K)
 Metaspace       used 247357K, committed 249152K, reserved 688128K
  class space    used 30295K, committed 31168K, reserved 425984K

Heap Regions: E=young(eden), S=young(survivor), O=old, HS=humongous(starts), HC=humongous(continues), CS=collection set, F=free, OA=open archive, CA=closed archive, TAMS=top-at-mark-start (previous, next)
|   0|0x0000000680000000, 0x0000000680400000, 0x0000000680400000|100%|HS|  |TAMS 0x0000000680400000, 0x0000000680000000| Complete 
|   1|0x0000000680400000, 0x0000000680800000, 0x0000000680800000|100%| O|  |TAMS 0x0000000680800000, 0x0000000680400000| Untracked 
|   2|0x0000000680800000, 0x0000000680c00000, 0x0000000680c00000|100%| O|  |TAMS 0x0000000680c00000, 0x0000000680800000| Untracked 
|   3|0x0000000680c00000, 0x0000000681000000, 0x0000000681000000|100%| O|  |TAMS 0x0000000681000000, 0x0000000680c00000| Untracked 
|   4|0x0000000681000000, 0x0000000681400000, 0x0000000681400000|100%| O|  |TAMS 0x0000000681400000, 0x0000000681000000| Untracked 
|   5|0x0000000681400000, 0x0000000681800000, 0x0000000681800000|100%| O|  |TAMS 0x0000000681800000, 0x0000000681400000| Untracked 
|   6|0x0000000681800000, 0x0000000681c00000, 0x0000000681c00000|100%|HS|  |TAMS 0x0000000681c00000, 0x0000000681800000| Complete 
|   7|0x0000000681c00000, 0x0000000682000000, 0x0000000682000000|100%|HS|  |TAMS 0x0000000682000000, 0x0000000681c00000| Complete 
|   8|0x0000000682000000, 0x0000000682400000, 0x0000000682400000|100%| O|  |TAMS 0x0000000682400000, 0x0000000682000000| Untracked 
|   9|0x0000000682400000, 0x0000000682800000, 0x0000000682800000|100%| O|  |TAMS 0x0000000682800000, 0x0000000682400000| Untracked 
|  10|0x0000000682800000, 0x0000000682c00000, 0x0000000682c00000|100%| O|  |TAMS 0x0000000682c00000, 0x0000000682800000| Untracked 
|  11|0x0000000682c00000, 0x0000000683000000, 0x0000000683000000|100%| O|  |TAMS 0x0000000683000000, 0x0000000682c00000| Updating 
|  12|0x0000000683000000, 0x0000000683400000, 0x0000000683400000|100%| O|  |TAMS 0x0000000683400000, 0x0000000683000000| Updating 
|  13|0x0000000683400000, 0x0000000683800000, 0x0000000683800000|100%| O|  |TAMS 0x0000000683800000, 0x0000000683400000| Untracked 
|  14|0x0000000683800000, 0x0000000683c00000, 0x0000000683c00000|100%| O|  |TAMS 0x0000000683c00000, 0x0000000683800000| Untracked 
|  15|0x0000000683c00000, 0x0000000684000000, 0x0000000684000000|100%| O|  |TAMS 0x0000000684000000, 0x0000000683c00000| Untracked 
|  16|0x0000000684000000, 0x0000000684400000, 0x0000000684400000|100%| O|  |TAMS 0x0000000684400000, 0x0000000684000000| Untracked 
|  17|0x0000000684400000, 0x0000000684800000, 0x0000000684800000|100%| O|  |TAMS 0x0000000684800000, 0x0000000684400000| Updating 
|  18|0x0000000684800000, 0x0000000684c00000, 0x0000000684c00000|100%| O|  |TAMS 0x0000000684c00000, 0x0000000684800000| Untracked 
|  19|0x0000000684c00000, 0x0000000685000000, 0x0000000685000000|100%| O|  |TAMS 0x0000000685000000, 0x0000000684c00000| Updating 
|  20|0x0000000685000000, 0x0000000685400000, 0x0000000685400000|100%| O|  |TAMS 0x0000000685400000, 0x0000000685000000| Updating 
|  21|0x0000000685400000, 0x0000000685800000, 0x0000000685800000|100%| O|  |TAMS 0x0000000685800000, 0x0000000685400000| Untracked 
|  22|0x0000000685800000, 0x0000000685c00000, 0x0000000685c00000|100%| O|  |TAMS 0x0000000685c00000, 0x0000000685800000| Untracked 
|  23|0x0000000685c00000, 0x0000000686000000, 0x0000000686000000|100%| O|  |TAMS 0x0000000686000000, 0x0000000685c00000| Updating 
|  24|0x0000000686000000, 0x0000000686400000, 0x0000000686400000|100%| O|  |TAMS 0x0000000686400000, 0x0000000686000000| Untracked 
|  25|0x0000000686400000, 0x0000000686800000, 0x0000000686800000|100%| O|  |TAMS 0x0000000686800000, 0x0000000686400000| Untracked 
|  26|0x0000000686800000, 0x0000000686c00000, 0x0000000686c00000|100%| O|  |TAMS 0x0000000686c00000, 0x0000000686800000| Untracked 
|  27|0x0000000686c00000, 0x0000000687000000, 0x0000000687000000|100%| O|  |TAMS 0x0000000687000000, 0x0000000686c00000| Untracked 
|  28|0x0000000687000000, 0x0000000687400000, 0x0000000687400000|100%| O|  |TAMS 0x0000000687400000, 0x0000000687000000| Updating 
|  29|0x0000000687400000, 0x0000000687800000, 0x0000000687800000|100%| O|  |TAMS 0x0000000687800000, 0x0000000687400000| Untracked 
|  30|0x0000000687800000, 0x0000000687c00000, 0x0000000687c00000|100%| O|  |TAMS 0x0000000687c00000, 0x0000000687800000| Untracked 
|  31|0x0000000687c00000, 0x0000000688000000, 0x0000000688000000|100%| O|  |TAMS 0x0000000688000000, 0x0000000687c00000| Updating 
|  32|0x0000000688000000, 0x0000000688400000, 0x0000000688400000|100%| O|  |TAMS 0x0000000688400000, 0x0000000688000000| Untracked 
|  33|0x0000000688400000, 0x0000000688800000, 0x0000000688800000|100%| O|  |TAMS 0x0000000688800000, 0x0000000688400000| Untracked 
|  34|0x0000000688800000, 0x0000000688c00000, 0x0000000688c00000|100%| O|  |TAMS 0x0000000688c00000, 0x0000000688800000| Untracked 
|  35|0x0000000688c00000, 0x0000000689000000, 0x0000000689000000|100%| O|  |TAMS 0x0000000689000000, 0x0000000688c00000| Untracked 
|  36|0x0000000689000000, 0x0000000689400000, 0x0000000689400000|100%| O|  |TAMS 0x0000000689400000, 0x0000000689000000| Untracked 
|  37|0x0000000689400000, 0x0000000689800000, 0x0000000689800000|100%| O|  |TAMS 0x0000000689800000, 0x0000000689400000| Untracked 
|  38|0x0000000689800000, 0x0000000689c00000, 0x0000000689c00000|100%| O|  |TAMS 0x0000000689c00000, 0x0000000689800000| Untracked 
|  39|0x0000000689c00000, 0x000000068a000000, 0x000000068a000000|100%| O|  |TAMS 0x000000068a000000, 0x0000000689c00000| Updating 
|  40|0x000000068a000000, 0x000000068a400000, 0x000000068a400000|100%| O|  |TAMS 0x000000068a400000, 0x000000068a000000| Untracked 
|  41|0x000000068a400000, 0x000000068a800000, 0x000000068a800000|100%| O|  |TAMS 0x000000068a800000, 0x000000068a400000| Updating 
|  42|0x000000068a800000, 0x000000068ac00000, 0x000000068ac00000|100%| O|  |TAMS 0x000000068ac00000, 0x000000068a800000| Untracked 
|  43|0x000000068ac00000, 0x000000068b000000, 0x000000068b000000|100%| O|  |TAMS 0x000000068b000000, 0x000000068ac00000| Untracked 
|  44|0x000000068b000000, 0x000000068b400000, 0x000000068b400000|100%| O|  |TAMS 0x000000068b400000, 0x000000068b000000| Updating 
|  45|0x000000068b400000, 0x000000068b800000, 0x000000068b800000|100%| O|  |TAMS 0x000000068b800000, 0x000000068b400000| Untracked 
|  46|0x000000068b800000, 0x000000068bc00000, 0x000000068bc00000|100%| O|  |TAMS 0x000000068bc00000, 0x000000068b800000| Untracked 
|  47|0x000000068bc00000, 0x000000068c000000, 0x000000068c000000|100%| O|  |TAMS 0x000000068c000000, 0x000000068bc00000| Updating 
|  48|0x000000068c000000, 0x000000068c400000, 0x000000068c400000|100%| O|  |TAMS 0x000000068c400000, 0x000000068c000000| Untracked 
|  49|0x000000068c400000, 0x000000068c800000, 0x000000068c800000|100%| O|  |TAMS 0x000000068c800000, 0x000000068c400000| Untracked 
|  50|0x000000068c800000, 0x000000068cc00000, 0x000000068cc00000|100%| O|  |TAMS 0x000000068cc00000, 0x000000068c800000| Updating 
|  51|0x000000068cc00000, 0x000000068d000000, 0x000000068d000000|100%| O|  |TAMS 0x000000068d000000, 0x000000068cc00000| Untracked 
|  52|0x000000068d000000, 0x000000068d400000, 0x000000068d400000|100%| O|  |TAMS 0x000000068d400000, 0x000000068d000000| Untracked 
|  53|0x000000068d400000, 0x000000068d800000, 0x000000068d800000|100%| O|  |TAMS 0x000000068d800000, 0x000000068d400000| Untracked 
|  54|0x000000068d800000, 0x000000068dc00000, 0x000000068dc00000|100%| O|  |TAMS 0x000000068dc00000, 0x000000068d800000| Untracked 
|  55|0x000000068dc00000, 0x000000068e000000, 0x000000068e000000|100%| O|  |TAMS 0x000000068e000000, 0x000000068dc00000| Untracked 
|  56|0x000000068e000000, 0x000000068e400000, 0x000000068e400000|100%| O|  |TAMS 0x000000068e400000, 0x000000068e000000| Untracked 
|  57|0x000000068e400000, 0x000000068e800000, 0x000000068e800000|100%| O|  |TAMS 0x000000068e800000, 0x000000068e400000| Untracked 
|  58|0x000000068e800000, 0x000000068ec00000, 0x000000068ec00000|100%| O|  |TAMS 0x000000068ec00000, 0x000000068e800000| Untracked 
|  59|0x000000068ec00000, 0x000000068f000000, 0x000000068f000000|100%| O|  |TAMS 0x000000068f000000, 0x000000068ec00000| Untracked 
|  60|0x000000068f000000, 0x000000068f400000, 0x000000068f400000|100%| O|  |TAMS 0x000000068f400000, 0x000000068f000000| Updating 
|  61|0x000000068f400000, 0x000000068f800000, 0x000000068f800000|100%| O|  |TAMS 0x000000068f800000, 0x000000068f400000| Untracked 
|  62|0x000000068f800000, 0x000000068fc00000, 0x000000068fc00000|100%| O|  |TAMS 0x000000068fc00000, 0x000000068f800000| Untracked 
|  63|0x000000068fc00000, 0x0000000690000000, 0x0000000690000000|100%| O|  |TAMS 0x0000000690000000, 0x000000068fc00000| Untracked 
|  64|0x0000000690000000, 0x0000000690400000, 0x0000000690400000|100%| O|  |TAMS 0x0000000690400000, 0x0000000690000000| Untracked 
|  65|0x0000000690400000, 0x0000000690800000, 0x0000000690800000|100%| O|  |TAMS 0x0000000690800000, 0x0000000690400000| Untracked 
|  66|0x0000000690800000, 0x0000000690c00000, 0x0000000690c00000|100%| O|  |TAMS 0x0000000690c00000, 0x0000000690800000| Updating 
|  67|0x0000000690c00000, 0x0000000691000000, 0x0000000691000000|100%| O|  |TAMS 0x0000000691000000, 0x0000000690c00000| Updating 
|  68|0x0000000691000000, 0x0000000691400000, 0x0000000691400000|100%| O|  |TAMS 0x0000000691400000, 0x0000000691000000| Updating 
|  69|0x0000000691400000, 0x0000000691800000, 0x0000000691800000|100%| O|  |TAMS 0x0000000691800000, 0x0000000691400000| Untracked 
|  70|0x0000000691800000, 0x0000000691c00000, 0x0000000691c00000|100%| O|  |TAMS 0x0000000691c00000, 0x0000000691800000| Updating 
|  71|0x0000000691c00000, 0x0000000692000000, 0x0000000692000000|100%| O|  |TAMS 0x0000000692000000, 0x0000000691c00000| Updating 
|  72|0x0000000692000000, 0x0000000692400000, 0x0000000692400000|100%| O|  |TAMS 0x0000000692400000, 0x0000000692000000| Updating 
|  73|0x0000000692400000, 0x0000000692800000, 0x0000000692800000|100%| O|  |TAMS 0x0000000692800000, 0x0000000692400000| Untracked 
|  74|0x0000000692800000, 0x0000000692c00000, 0x0000000692c00000|100%| O|  |TAMS 0x0000000692c00000, 0x0000000692800000| Updating 
|  75|0x0000000692c00000, 0x0000000692c00000, 0x0000000693000000|  0%| F|  |TAMS 0x0000000692c00000, 0x0000000692c00000| Untracked 
|  76|0x0000000693000000, 0x0000000693000000, 0x0000000693400000|  0%| F|  |TAMS 0x0000000693000000, 0x0000000693000000| Untracked 
|  77|0x0000000693400000, 0x0000000693400000, 0x0000000693800000|  0%| F|  |TAMS 0x0000000693400000, 0x0000000693400000| Untracked 
|  78|0x0000000693800000, 0x0000000693c00000, 0x0000000693c00000|100%| O|  |TAMS 0x0000000693c00000, 0x0000000693800000| Untracked 
|  79|0x0000000693c00000, 0x0000000694000000, 0x0000000694000000|100%| O|  |TAMS 0x0000000694000000, 0x0000000693c00000| Untracked 
|  80|0x0000000694000000, 0x0000000694400000, 0x0000000694400000|100%| O|  |TAMS 0x0000000694400000, 0x0000000694000000| Untracked 
|  81|0x0000000694400000, 0x0000000694800000, 0x0000000694800000|100%| O|  |TAMS 0x0000000694800000, 0x0000000694400000| Untracked 
|  82|0x0000000694800000, 0x0000000694c00000, 0x0000000694c00000|100%| O|  |TAMS 0x0000000694c00000, 0x0000000694800000| Untracked 
|  83|0x0000000694c00000, 0x0000000695000000, 0x0000000695000000|100%| O|  |TAMS 0x0000000695000000, 0x0000000694c00000| Updating 
|  84|0x0000000695000000, 0x0000000695400000, 0x0000000695400000|100%| O|  |TAMS 0x0000000695400000, 0x0000000695000000| Untracked 
|  85|0x0000000695400000, 0x0000000695400000, 0x0000000695800000|  0%| F|  |TAMS 0x0000000695400000, 0x0000000695400000| Untracked 
|  86|0x0000000695800000, 0x0000000695c00000, 0x0000000695c00000|100%| O|  |TAMS 0x0000000695c00000, 0x0000000695800000| Updating 
|  87|0x0000000695c00000, 0x0000000696000000, 0x0000000696000000|100%| O|  |TAMS 0x0000000696000000, 0x0000000695c00000| Updating 
|  88|0x0000000696000000, 0x0000000696400000, 0x0000000696400000|100%| O|  |TAMS 0x0000000696400000, 0x0000000696000000| Untracked 
|  89|0x0000000696400000, 0x0000000696800000, 0x0000000696800000|100%| O|  |TAMS 0x0000000696800000, 0x0000000696400000| Untracked 
|  90|0x0000000696800000, 0x0000000696c00000, 0x0000000696c00000|100%| O|  |TAMS 0x0000000696c00000, 0x0000000696800000| Untracked 
|  91|0x0000000696c00000, 0x0000000697000000, 0x0000000697000000|100%| O|  |TAMS 0x0000000697000000, 0x0000000696c00000| Untracked 
|  92|0x0000000697000000, 0x0000000697400000, 0x0000000697400000|100%| O|  |TAMS 0x0000000697400000, 0x0000000697000000| Untracked 
|  93|0x0000000697400000, 0x0000000697800000, 0x0000000697800000|100%| O|  |TAMS 0x0000000697800000, 0x0000000697400000| Untracked 
|  94|0x0000000697800000, 0x0000000697c00000, 0x0000000697c00000|100%| O|  |TAMS 0x0000000697c00000, 0x0000000697800000| Untracked 
|  95|0x0000000697c00000, 0x0000000698000000, 0x0000000698000000|100%| O|  |TAMS 0x0000000698000000, 0x0000000697c00000| Untracked 
|  96|0x0000000698000000, 0x0000000698400000, 0x0000000698400000|100%| O|  |TAMS 0x0000000698400000, 0x0000000698000000| Untracked 
|  97|0x0000000698400000, 0x0000000698800000, 0x0000000698800000|100%| O|  |TAMS 0x0000000698800000, 0x0000000698400000| Untracked 
|  98|0x0000000698800000, 0x0000000698c00000, 0x0000000698c00000|100%| O|  |TAMS 0x0000000698c00000, 0x0000000698800000| Untracked 
|  99|0x0000000698c00000, 0x0000000699000000, 0x0000000699000000|100%| O|  |TAMS 0x0000000699000000, 0x0000000698c00000| Updating 
| 100|0x0000000699000000, 0x0000000699400000, 0x0000000699400000|100%| O|  |TAMS 0x0000000699400000, 0x0000000699000000| Untracked 
| 101|0x0000000699400000, 0x0000000699800000, 0x0000000699800000|100%| O|  |TAMS 0x0000000699800000, 0x0000000699400000| Updating 
| 102|0x0000000699800000, 0x0000000699c00000, 0x0000000699c00000|100%| O|  |TAMS 0x0000000699c00000, 0x0000000699800000| Updating 
| 103|0x0000000699c00000, 0x000000069a000000, 0x000000069a000000|100%| O|  |TAMS 0x000000069a000000, 0x0000000699c00000| Untracked 
| 104|0x000000069a000000, 0x000000069a400000, 0x000000069a400000|100%| O|  |TAMS 0x000000069a400000, 0x000000069a000000| Untracked 
| 105|0x000000069a400000, 0x000000069a800000, 0x000000069a800000|100%| O|  |TAMS 0x000000069a800000, 0x000000069a400000| Untracked 
| 106|0x000000069a800000, 0x000000069ac00000, 0x000000069ac00000|100%| O|  |TAMS 0x000000069ac00000, 0x000000069a800000| Untracked 
| 107|0x000000069ac00000, 0x000000069b000000, 0x000000069b000000|100%| O|  |TAMS 0x000000069b000000, 0x000000069ac00000| Untracked 
| 108|0x000000069b000000, 0x000000069b400000, 0x000000069b400000|100%| O|  |TAMS 0x000000069b400000, 0x000000069b000000| Untracked 
| 109|0x000000069b400000, 0x000000069b800000, 0x000000069b800000|100%| O|  |TAMS 0x000000069b800000, 0x000000069b400000| Untracked 
| 110|0x000000069b800000, 0x000000069bc00000, 0x000000069bc00000|100%| O|  |TAMS 0x000000069bc00000, 0x000000069b800000| Untracked 
| 111|0x000000069bc00000, 0x000000069c000000, 0x000000069c000000|100%| O|  |TAMS 0x000000069c000000, 0x000000069bc00000| Untracked 
| 112|0x000000069c000000, 0x000000069c400000, 0x000000069c400000|100%| O|  |TAMS 0x000000069c400000, 0x000000069c000000| Untracked 
| 113|0x000000069c400000, 0x000000069c800000, 0x000000069c800000|100%| O|  |TAMS 0x000000069c800000, 0x000000069c400000| Untracked 
| 114|0x000000069c800000, 0x000000069cc00000, 0x000000069cc00000|100%| O|  |TAMS 0x000000069cc00000, 0x000000069c800000| Untracked 
| 115|0x000000069cc00000, 0x000000069d000000, 0x000000069d000000|100%| O|  |TAMS 0x000000069d000000, 0x000000069cc00000| Untracked 
| 116|0x000000069d000000, 0x000000069d400000, 0x000000069d400000|100%| O|  |TAMS 0x000000069d400000, 0x000000069d000000| Updating 
| 117|0x000000069d400000, 0x000000069d800000, 0x000000069d800000|100%| O|  |TAMS 0x000000069d800000, 0x000000069d400000| Untracked 
| 118|0x000000069d800000, 0x000000069dc00000, 0x000000069dc00000|100%| O|  |TAMS 0x000000069dc00000, 0x000000069d800000| Updating 
| 119|0x000000069dc00000, 0x000000069e000000, 0x000000069e000000|100%| O|  |TAMS 0x000000069e000000, 0x000000069dc00000| Untracked 
| 120|0x000000069e000000, 0x000000069e400000, 0x000000069e400000|100%| O|  |TAMS 0x000000069e400000, 0x000000069e000000| Untracked 
| 121|0x000000069e400000, 0x000000069e800000, 0x000000069e800000|100%| O|  |TAMS 0x000000069e800000, 0x000000069e400000| Updating 
| 122|0x000000069e800000, 0x000000069ec00000, 0x000000069ec00000|100%| O|  |TAMS 0x000000069ec00000, 0x000000069e800000| Updating 
| 123|0x000000069ec00000, 0x000000069f000000, 0x000000069f000000|100%| O|  |TAMS 0x000000069f000000, 0x000000069ec00000| Untracked 
| 124|0x000000069f000000, 0x000000069f400000, 0x000000069f400000|100%| O|  |TAMS 0x000000069f400000, 0x000000069f000000| Untracked 
| 125|0x000000069f400000, 0x000000069f800000, 0x000000069f800000|100%| O|  |TAMS 0x000000069f800000, 0x000000069f400000| Untracked 
| 126|0x000000069f800000, 0x000000069fc00000, 0x000000069fc00000|100%| O|  |TAMS 0x000000069fc00000, 0x000000069f800000| Untracked 
| 127|0x000000069fc00000, 0x00000006a0000000, 0x00000006a0000000|100%| O|  |TAMS 0x00000006a0000000, 0x000000069fc00000| Updating 
| 128|0x00000006a0000000, 0x00000006a0000000, 0x00000006a0400000|  0%| F|  |TAMS 0x00000006a0000000, 0x00000006a0000000| Untracked 
| 129|0x00000006a0400000, 0x00000006a0800000, 0x00000006a0800000|100%| O|  |TAMS 0x00000006a0800000, 0x00000006a0400000| Updating 
| 130|0x00000006a0800000, 0x00000006a0c00000, 0x00000006a0c00000|100%| O|  |TAMS 0x00000006a0c00000, 0x00000006a0800000| Untracked 
| 131|0x00000006a0c00000, 0x00000006a1000000, 0x00000006a1000000|100%| O|  |TAMS 0x00000006a1000000, 0x00000006a0c00000| Untracked 
| 132|0x00000006a1000000, 0x00000006a1400000, 0x00000006a1400000|100%| O|  |TAMS 0x00000006a1400000, 0x00000006a1000000| Untracked 
| 133|0x00000006a1400000, 0x00000006a1800000, 0x00000006a1800000|100%| O|  |TAMS 0x00000006a1800000, 0x00000006a1400000| Untracked 
| 134|0x00000006a1800000, 0x00000006a1c00000, 0x00000006a1c00000|100%| O|  |TAMS 0x00000006a1c00000, 0x00000006a1800000| Updating 
| 135|0x00000006a1c00000, 0x00000006a2000000, 0x00000006a2000000|100%| O|  |TAMS 0x00000006a2000000, 0x00000006a1c00000| Untracked 
| 136|0x00000006a2000000, 0x00000006a2400000, 0x00000006a2400000|100%| O|  |TAMS 0x00000006a2400000, 0x00000006a2000000| Untracked 
| 137|0x00000006a2400000, 0x00000006a2800000, 0x00000006a2800000|100%| O|  |TAMS 0x00000006a2800000, 0x00000006a2400000| Updating 
| 138|0x00000006a2800000, 0x00000006a2c00000, 0x00000006a2c00000|100%| O|  |TAMS 0x00000006a2c00000, 0x00000006a2800000| Untracked 
| 139|0x00000006a2c00000, 0x00000006a3000000, 0x00000006a3000000|100%| O|  |TAMS 0x00000006a3000000, 0x00000006a2c00000| Untracked 
| 140|0x00000006a3000000, 0x00000006a3400000, 0x00000006a3400000|100%| O|  |TAMS 0x00000006a3400000, 0x00000006a3000000| Untracked 
| 141|0x00000006a3400000, 0x00000006a3800000, 0x00000006a3800000|100%| O|  |TAMS 0x00000006a3800000, 0x00000006a3400000| Updating 
| 142|0x00000006a3800000, 0x00000006a3c00000, 0x00000006a3c00000|100%| O|  |TAMS 0x00000006a3c00000, 0x00000006a3800000| Untracked 
| 143|0x00000006a3c00000, 0x00000006a4000000, 0x00000006a4000000|100%| O|  |TAMS 0x00000006a4000000, 0x00000006a3c00000| Untracked 
| 144|0x00000006a4000000, 0x00000006a4400000, 0x00000006a4400000|100%| O|  |TAMS 0x00000006a4400000, 0x00000006a4000000| Updating 
| 145|0x00000006a4400000, 0x00000006a4800000, 0x00000006a4800000|100%| O|  |TAMS 0x00000006a4800000, 0x00000006a4400000| Untracked 
| 146|0x00000006a4800000, 0x00000006a4c00000, 0x00000006a4c00000|100%| O|  |TAMS 0x00000006a4c00000, 0x00000006a4800000| Untracked 
| 147|0x00000006a4c00000, 0x00000006a5000000, 0x00000006a5000000|100%| O|  |TAMS 0x00000006a5000000, 0x00000006a4c00000| Untracked 
| 148|0x00000006a5000000, 0x00000006a5400000, 0x00000006a5400000|100%|HS|  |TAMS 0x00000006a5400000, 0x00000006a5000000| Complete 
| 149|0x00000006a5400000, 0x00000006a5800000, 0x00000006a5800000|100%| O|  |TAMS 0x00000006a5800000, 0x00000006a5400000| Untracked 
| 150|0x00000006a5800000, 0x00000006a5c00000, 0x00000006a5c00000|100%| O|  |TAMS 0x00000006a5c00000, 0x00000006a5800000| Untracked 
| 151|0x00000006a5c00000, 0x00000006a6000000, 0x00000006a6000000|100%| O|  |TAMS 0x00000006a6000000, 0x00000006a5c00000| Untracked 
| 152|0x00000006a6000000, 0x00000006a6400000, 0x00000006a6400000|100%| O|  |TAMS 0x00000006a6400000, 0x00000006a6000000| Updating 
| 153|0x00000006a6400000, 0x00000006a6800000, 0x00000006a6800000|100%| O|  |TAMS 0x00000006a6800000, 0x00000006a6400000| Untracked 
| 154|0x00000006a6800000, 0x00000006a6c00000, 0x00000006a6c00000|100%| O|  |TAMS 0x00000006a6c00000, 0x00000006a6800000| Untracked 
| 155|0x00000006a6c00000, 0x00000006a7000000, 0x00000006a7000000|100%| O|  |TAMS 0x00000006a7000000, 0x00000006a6c00000| Untracked 
| 156|0x00000006a7000000, 0x00000006a7400000, 0x00000006a7400000|100%| O|  |TAMS 0x00000006a7400000, 0x00000006a7000000| Untracked 
| 157|0x00000006a7400000, 0x00000006a7800000, 0x00000006a7800000|100%| O|  |TAMS 0x00000006a7800000, 0x00000006a7400000| Updating 
| 158|0x00000006a7800000, 0x00000006a7c00000, 0x00000006a7c00000|100%| O|  |TAMS 0x00000006a7c00000, 0x00000006a7800000| Updating 
| 159|0x00000006a7c00000, 0x00000006a8000000, 0x00000006a8000000|100%| O|  |TAMS 0x00000006a8000000, 0x00000006a7c00000| Updating 
| 160|0x00000006a8000000, 0x00000006a8400000, 0x00000006a8400000|100%| O|  |TAMS 0x00000006a8400000, 0x00000006a8000000| Updating 
| 161|0x00000006a8400000, 0x00000006a8800000, 0x00000006a8800000|100%| O|  |TAMS 0x00000006a8800000, 0x00000006a8400000| Untracked 
| 162|0x00000006a8800000, 0x00000006a8c00000, 0x00000006a8c00000|100%| O|  |TAMS 0x00000006a8c00000, 0x00000006a8800000| Untracked 
| 163|0x00000006a8c00000, 0x00000006a9000000, 0x00000006a9000000|100%| O|  |TAMS 0x00000006a9000000, 0x00000006a8c00000| Untracked 
| 164|0x00000006a9000000, 0x00000006a9400000, 0x00000006a9400000|100%| O|  |TAMS 0x00000006a9400000, 0x00000006a9000000| Updating 
| 165|0x00000006a9400000, 0x00000006a9800000, 0x00000006a9800000|100%| O|  |TAMS 0x00000006a9800000, 0x00000006a9400000| Untracked 
| 166|0x00000006a9800000, 0x00000006a9c00000, 0x00000006a9c00000|100%| O|  |TAMS 0x00000006a9c00000, 0x00000006a9800000| Updating 
| 167|0x00000006a9c00000, 0x00000006aa000000, 0x00000006aa000000|100%| O|  |TAMS 0x00000006aa000000, 0x00000006a9c00000| Untracked 
| 168|0x00000006aa000000, 0x00000006aa400000, 0x00000006aa400000|100%| O|  |TAMS 0x00000006aa400000, 0x00000006aa000000| Untracked 
| 169|0x00000006aa400000, 0x00000006aa800000, 0x00000006aa800000|100%| O|  |TAMS 0x00000006aa800000, 0x00000006aa400000| Untracked 
| 170|0x00000006aa800000, 0x00000006aac00000, 0x00000006aac00000|100%| O|  |TAMS 0x00000006aac00000, 0x00000006aa800000| Untracked 
| 171|0x00000006aac00000, 0x00000006ab000000, 0x00000006ab000000|100%| O|  |TAMS 0x00000006ab000000, 0x00000006aac00000| Updating 
| 172|0x00000006ab000000, 0x00000006ab400000, 0x00000006ab400000|100%| O|  |TAMS 0x00000006ab400000, 0x00000006ab000000| Updating 
| 173|0x00000006ab400000, 0x00000006ab800000, 0x00000006ab800000|100%| O|  |TAMS 0x00000006ab800000, 0x00000006ab400000| Updating 
| 174|0x00000006ab800000, 0x00000006abc00000, 0x00000006abc00000|100%| O|  |TAMS 0x00000006abc00000, 0x00000006ab800000| Updating 
| 175|0x00000006abc00000, 0x00000006ac000000, 0x00000006ac000000|100%| O|  |TAMS 0x00000006ac000000, 0x00000006abc00000| Updating 
| 176|0x00000006ac000000, 0x00000006ac400000, 0x00000006ac400000|100%| O|  |TAMS 0x00000006ac400000, 0x00000006ac000000| Untracked 
| 177|0x00000006ac400000, 0x00000006ac800000, 0x00000006ac800000|100%| O|  |TAMS 0x00000006ac800000, 0x00000006ac400000| Updating 
| 178|0x00000006ac800000, 0x00000006acc00000, 0x00000006acc00000|100%| O|  |TAMS 0x00000006acc00000, 0x00000006ac800000| Updating 
| 179|0x00000006acc00000, 0x00000006ad000000, 0x00000006ad000000|100%| O|  |TAMS 0x00000006ad000000, 0x00000006acc00000| Untracked 
| 180|0x00000006ad000000, 0x00000006ad400000, 0x00000006ad400000|100%| O|  |TAMS 0x00000006ad400000, 0x00000006ad000000| Updating 
| 181|0x00000006ad400000, 0x00000006ad800000, 0x00000006ad800000|100%| O|  |TAMS 0x00000006ad800000, 0x00000006ad400000| Untracked 
| 182|0x00000006ad800000, 0x00000006adc00000, 0x00000006adc00000|100%| O|  |TAMS 0x00000006adc00000, 0x00000006ad800000| Untracked 
| 183|0x00000006adc00000, 0x00000006ae000000, 0x00000006ae000000|100%| O|  |TAMS 0x00000006ae000000, 0x00000006adc00000| Untracked 
| 184|0x00000006ae000000, 0x00000006ae400000, 0x00000006ae400000|100%| O|  |TAMS 0x00000006ae400000, 0x00000006ae000000| Untracked 
| 185|0x00000006ae400000, 0x00000006ae800000, 0x00000006ae800000|100%| O|  |TAMS 0x00000006ae800000, 0x00000006ae400000| Untracked 
| 186|0x00000006ae800000, 0x00000006aec00000, 0x00000006aec00000|100%| O|  |TAMS 0x00000006aec00000, 0x00000006ae800000| Untracked 
| 187|0x00000006aec00000, 0x00000006af000000, 0x00000006af000000|100%| O|  |TAMS 0x00000006af000000, 0x00000006aec00000| Untracked 
| 188|0x00000006af000000, 0x00000006af400000, 0x00000006af400000|100%| O|  |TAMS 0x00000006af400000, 0x00000006af000000| Updating 
| 189|0x00000006af400000, 0x00000006af800000, 0x00000006af800000|100%| O|  |TAMS 0x00000006af800000, 0x00000006af400000| Untracked 
| 190|0x00000006af800000, 0x00000006afc00000, 0x00000006afc00000|100%| O|  |TAMS 0x00000006afc00000, 0x00000006af800000| Updating 
| 191|0x00000006afc00000, 0x00000006b0000000, 0x00000006b0000000|100%| O|  |TAMS 0x00000006b0000000, 0x00000006afc00000| Untracked 
| 192|0x00000006b0000000, 0x00000006b0400000, 0x00000006b0400000|100%| O|  |TAMS 0x00000006b0400000, 0x00000006b0000000| Updating 
| 193|0x00000006b0400000, 0x00000006b0800000, 0x00000006b0800000|100%| O|  |TAMS 0x00000006b0800000, 0x00000006b0400000| Updating 
| 194|0x00000006b0800000, 0x00000006b0c00000, 0x00000006b0c00000|100%| O|  |TAMS 0x00000006b0c00000, 0x00000006b0800000| Updating 
| 195|0x00000006b0c00000, 0x00000006b1000000, 0x00000006b1000000|100%| O|  |TAMS 0x00000006b1000000, 0x00000006b0c00000| Untracked 
| 196|0x00000006b1000000, 0x00000006b1400000, 0x00000006b1400000|100%| O|  |TAMS 0x00000006b1400000, 0x00000006b1000000| Updating 
| 197|0x00000006b1400000, 0x00000006b1800000, 0x00000006b1800000|100%| O|  |TAMS 0x00000006b1800000, 0x00000006b1400000| Updating 
| 198|0x00000006b1800000, 0x00000006b1c00000, 0x00000006b1c00000|100%| O|  |TAMS 0x00000006b1c00000, 0x00000006b1800000| Updating 
| 199|0x00000006b1c00000, 0x00000006b2000000, 0x00000006b2000000|100%| O|  |TAMS 0x00000006b2000000, 0x00000006b1c00000| Updating 
| 200|0x00000006b2000000, 0x00000006b2400000, 0x00000006b2400000|100%| O|  |TAMS 0x00000006b2400000, 0x00000006b2000000| Updating 
| 201|0x00000006b2400000, 0x00000006b2800000, 0x00000006b2800000|100%| O|  |TAMS 0x00000006b2800000, 0x00000006b2400000| Updating 
| 202|0x00000006b2800000, 0x00000006b2c00000, 0x00000006b2c00000|100%| O|  |TAMS 0x00000006b2c00000, 0x00000006b2800000| Updating 
| 203|0x00000006b2c00000, 0x00000006b3000000, 0x00000006b3000000|100%| O|  |TAMS 0x00000006b3000000, 0x00000006b2c00000| Updating 
| 204|0x00000006b3000000, 0x00000006b3400000, 0x00000006b3400000|100%| O|  |TAMS 0x00000006b3400000, 0x00000006b3000000| Untracked 
| 205|0x00000006b3400000, 0x00000006b3800000, 0x00000006b3800000|100%| O|  |TAMS 0x00000006b3800000, 0x00000006b3400000| Updating 
| 206|0x00000006b3800000, 0x00000006b3c00000, 0x00000006b3c00000|100%| O|  |TAMS 0x00000006b3c00000, 0x00000006b3800000| Updating 
| 207|0x00000006b3c00000, 0x00000006b4000000, 0x00000006b4000000|100%| O|  |TAMS 0x00000006b4000000, 0x00000006b3c00000| Untracked 
| 208|0x00000006b4000000, 0x00000006b4400000, 0x00000006b4400000|100%| O|  |TAMS 0x00000006b4400000, 0x00000006b4000000| Untracked 
| 209|0x00000006b4400000, 0x00000006b4800000, 0x00000006b4800000|100%| O|  |TAMS 0x00000006b4800000, 0x00000006b4400000| Updating 
| 210|0x00000006b4800000, 0x00000006b4c00000, 0x00000006b4c00000|100%| O|  |TAMS 0x00000006b4c00000, 0x00000006b4800000| Updating 
| 211|0x00000006b4c00000, 0x00000006b5000000, 0x00000006b5000000|100%| O|  |TAMS 0x00000006b5000000, 0x00000006b4c00000| Updating 
| 212|0x00000006b5000000, 0x00000006b5400000, 0x00000006b5400000|100%| O|  |TAMS 0x00000006b5400000, 0x00000006b5000000| Updating 
| 213|0x00000006b5400000, 0x00000006b5800000, 0x00000006b5800000|100%| O|  |TAMS 0x00000006b5800000, 0x00000006b5400000| Updating 
| 214|0x00000006b5800000, 0x00000006b5c00000, 0x00000006b5c00000|100%| O|  |TAMS 0x00000006b5c00000, 0x00000006b5800000| Updating 
| 215|0x00000006b5c00000, 0x00000006b6000000, 0x00000006b6000000|100%| O|  |TAMS 0x00000006b6000000, 0x00000006b5c00000| Untracked 
| 216|0x00000006b6000000, 0x00000006b6400000, 0x00000006b6400000|100%| O|  |TAMS 0x00000006b6400000, 0x00000006b6000000| Updating 
| 217|0x00000006b6400000, 0x00000006b6800000, 0x00000006b6800000|100%| O|  |TAMS 0x00000006b6800000, 0x00000006b6400000| Updating 
| 218|0x00000006b6800000, 0x00000006b6c00000, 0x00000006b6c00000|100%| O|  |TAMS 0x00000006b6c00000, 0x00000006b6800000| Updating 
| 219|0x00000006b6c00000, 0x00000006b7000000, 0x00000006b7000000|100%| O|  |TAMS 0x00000006b7000000, 0x00000006b6c00000| Updating 
| 220|0x00000006b7000000, 0x00000006b7400000, 0x00000006b7400000|100%| O|  |TAMS 0x00000006b7400000, 0x00000006b7000000| Updating 
| 221|0x00000006b7400000, 0x00000006b7800000, 0x00000006b7800000|100%| O|  |TAMS 0x00000006b7800000, 0x00000006b7400000| Updating 
| 222|0x00000006b7800000, 0x00000006b7c00000, 0x00000006b7c00000|100%| O|  |TAMS 0x00000006b7c00000, 0x00000006b7800000| Updating 
| 223|0x00000006b7c00000, 0x00000006b8000000, 0x00000006b8000000|100%| O|  |TAMS 0x00000006b8000000, 0x00000006b7c00000| Untracked 
| 224|0x00000006b8000000, 0x00000006b8400000, 0x00000006b8400000|100%| O|  |TAMS 0x00000006b8400000, 0x00000006b8000000| Updating 
| 225|0x00000006b8400000, 0x00000006b8800000, 0x00000006b8800000|100%| O|  |TAMS 0x00000006b8800000, 0x00000006b8400000| Untracked 
| 226|0x00000006b8800000, 0x00000006b8c00000, 0x00000006b8c00000|100%| O|  |TAMS 0x00000006b8c00000, 0x00000006b8800000| Untracked 
| 227|0x00000006b8c00000, 0x00000006b9000000, 0x00000006b9000000|100%| O|  |TAMS 0x00000006b9000000, 0x00000006b8c00000| Untracked 
| 228|0x00000006b9000000, 0x00000006b9400000, 0x00000006b9400000|100%| O|  |TAMS 0x00000006b9400000, 0x00000006b9000000| Untracked 
| 229|0x00000006b9400000, 0x00000006b9800000, 0x00000006b9800000|100%| O|  |TAMS 0x00000006b9800000, 0x00000006b9400000| Updating 
| 230|0x00000006b9800000, 0x00000006b9c00000, 0x00000006b9c00000|100%| O|  |TAMS 0x00000006b9c00000, 0x00000006b9800000| Updating 
| 231|0x00000006b9c00000, 0x00000006ba000000, 0x00000006ba000000|100%| O|  |TAMS 0x00000006ba000000, 0x00000006b9c00000| Updating 
| 232|0x00000006ba000000, 0x00000006ba400000, 0x00000006ba400000|100%|HS|  |TAMS 0x00000006ba400000, 0x00000006ba000000| Complete 
| 233|0x00000006ba400000, 0x00000006ba800000, 0x00000006ba800000|100%| O|  |TAMS 0x00000006ba800000, 0x00000006ba400000| Untracked 
| 234|0x00000006ba800000, 0x00000006bac00000, 0x00000006bac00000|100%| O|  |TAMS 0x00000006bac00000, 0x00000006ba800000| Untracked 
| 235|0x00000006bac00000, 0x00000006bb000000, 0x00000006bb000000|100%| O|  |TAMS 0x00000006bb000000, 0x00000006bac00000| Untracked 
| 236|0x00000006bb000000, 0x00000006bb400000, 0x00000006bb400000|100%| O|  |TAMS 0x00000006bb400000, 0x00000006bb000000| Updating 
| 237|0x00000006bb400000, 0x00000006bb800000, 0x00000006bb800000|100%| O|  |TAMS 0x00000006bb800000, 0x00000006bb400000| Untracked 
| 238|0x00000006bb800000, 0x00000006bbc00000, 0x00000006bbc00000|100%| O|  |TAMS 0x00000006bbc00000, 0x00000006bb800000| Untracked 
| 239|0x00000006bbc00000, 0x00000006bc000000, 0x00000006bc000000|100%| O|  |TAMS 0x00000006bc000000, 0x00000006bbc00000| Untracked 
| 240|0x00000006bc000000, 0x00000006bc400000, 0x00000006bc400000|100%| O|  |TAMS 0x00000006bc400000, 0x00000006bc000000| Untracked 
| 241|0x00000006bc400000, 0x00000006bc800000, 0x00000006bc800000|100%| O|  |TAMS 0x00000006bc800000, 0x00000006bc400000| Untracked 
| 242|0x00000006bc800000, 0x00000006bcc00000, 0x00000006bcc00000|100%| O|  |TAMS 0x00000006bcc00000, 0x00000006bc800000| Untracked 
| 243|0x00000006bcc00000, 0x00000006bd000000, 0x00000006bd000000|100%| O|  |TAMS 0x00000006bd000000, 0x00000006bcc00000| Untracked 
| 244|0x00000006bd000000, 0x00000006bd400000, 0x00000006bd400000|100%| O|  |TAMS 0x00000006bd400000, 0x00000006bd000000| Untracked 
| 245|0x00000006bd400000, 0x00000006bd800000, 0x00000006bd800000|100%| O|  |TAMS 0x00000006bd800000, 0x00000006bd400000| Untracked 
| 246|0x00000006bd800000, 0x00000006bdc00000, 0x00000006bdc00000|100%| O|  |TAMS 0x00000006bdc00000, 0x00000006bd800000| Untracked 
| 247|0x00000006bdc00000, 0x00000006be000000, 0x00000006be000000|100%| O|  |TAMS 0x00000006be000000, 0x00000006bdc00000| Untracked 
| 248|0x00000006be000000, 0x00000006be400000, 0x00000006be400000|100%| O|  |TAMS 0x00000006be400000, 0x00000006be000000| Untracked 
| 249|0x00000006be400000, 0x00000006be800000, 0x00000006be800000|100%| O|  |TAMS 0x00000006be800000, 0x00000006be400000| Untracked 
| 250|0x00000006be800000, 0x00000006bec00000, 0x00000006bec00000|100%| O|  |TAMS 0x00000006bec00000, 0x00000006be800000| Updating 
| 251|0x00000006bec00000, 0x00000006bf000000, 0x00000006bf000000|100%| O|  |TAMS 0x00000006bf000000, 0x00000006bec00000| Updating 
| 252|0x00000006bf000000, 0x00000006bf400000, 0x00000006bf400000|100%| O|  |TAMS 0x00000006bf400000, 0x00000006bf000000| Updating 
| 253|0x00000006bf400000, 0x00000006bf800000, 0x00000006bf800000|100%|HS|  |TAMS 0x00000006bf800000, 0x00000006bf400000| Complete 
| 254|0x00000006bf800000, 0x00000006bfc00000, 0x00000006bfc00000|100%|HC|  |TAMS 0x00000006bfc00000, 0x00000006bf800000| Complete 
| 255|0x00000006bfc00000, 0x00000006c0000000, 0x00000006c0000000|100%|HS|  |TAMS 0x00000006c0000000, 0x00000006bfc00000| Complete 
| 256|0x00000006c0000000, 0x00000006c0400000, 0x00000006c0400000|100%|HC|  |TAMS 0x00000006c0400000, 0x00000006c0000000| Complete 
| 257|0x00000006c0400000, 0x00000006c0800000, 0x00000006c0800000|100%| O|  |TAMS 0x00000006c0800000, 0x00000006c0400000| Untracked 
| 258|0x00000006c0800000, 0x00000006c0c00000, 0x00000006c0c00000|100%| O|  |TAMS 0x00000006c0c00000, 0x00000006c0800000| Untracked 
| 259|0x00000006c0c00000, 0x00000006c1000000, 0x00000006c1000000|100%| O|  |TAMS 0x00000006c1000000, 0x00000006c0c00000| Untracked 
| 260|0x00000006c1000000, 0x00000006c1400000, 0x00000006c1400000|100%| O|  |TAMS 0x00000006c1400000, 0x00000006c1000000| Untracked 
| 261|0x00000006c1400000, 0x00000006c1800000, 0x00000006c1800000|100%| O|  |TAMS 0x00000006c1800000, 0x00000006c1400000| Untracked 
| 262|0x00000006c1800000, 0x00000006c1c00000, 0x00000006c1c00000|100%| O|  |TAMS 0x00000006c1c00000, 0x00000006c1800000| Untracked 
| 263|0x00000006c1c00000, 0x00000006c2000000, 0x00000006c2000000|100%| O|  |TAMS 0x00000006c2000000, 0x00000006c1c00000| Untracked 
| 264|0x00000006c2000000, 0x00000006c2400000, 0x00000006c2400000|100%| O|  |TAMS 0x00000006c2400000, 0x00000006c2000000| Untracked 
| 265|0x00000006c2400000, 0x00000006c2800000, 0x00000006c2800000|100%| O|  |TAMS 0x00000006c2800000, 0x00000006c2400000| Untracked 
| 266|0x00000006c2800000, 0x00000006c2c00000, 0x00000006c2c00000|100%| O|  |TAMS 0x00000006c2c00000, 0x00000006c2800000| Untracked 
| 267|0x00000006c2c00000, 0x00000006c3000000, 0x00000006c3000000|100%| O|  |TAMS 0x00000006c3000000, 0x00000006c2c00000| Untracked 
| 268|0x00000006c3000000, 0x00000006c3400000, 0x00000006c3400000|100%| O|  |TAMS 0x00000006c3400000, 0x00000006c3000000| Untracked 
| 269|0x00000006c3400000, 0x00000006c3800000, 0x00000006c3800000|100%| O|  |TAMS 0x00000006c3800000, 0x00000006c3400000| Untracked 
| 270|0x00000006c3800000, 0x00000006c3c00000, 0x00000006c3c00000|100%| O|  |TAMS 0x00000006c3c00000, 0x00000006c3800000| Untracked 
| 271|0x00000006c3c00000, 0x00000006c4000000, 0x00000006c4000000|100%| O|  |TAMS 0x00000006c4000000, 0x00000006c3c00000| Untracked 
| 272|0x00000006c4000000, 0x00000006c4400000, 0x00000006c4400000|100%| O|  |TAMS 0x00000006c4400000, 0x00000006c4000000| Untracked 
| 273|0x00000006c4400000, 0x00000006c4800000, 0x00000006c4800000|100%| O|  |TAMS 0x00000006c4800000, 0x00000006c4400000| Untracked 
| 274|0x00000006c4800000, 0x00000006c4c00000, 0x00000006c4c00000|100%| O|  |TAMS 0x00000006c4c00000, 0x00000006c4800000| Untracked 
| 275|0x00000006c4c00000, 0x00000006c5000000, 0x00000006c5000000|100%| O|  |TAMS 0x00000006c5000000, 0x00000006c4c00000| Untracked 
| 276|0x00000006c5000000, 0x00000006c5400000, 0x00000006c5400000|100%| O|  |TAMS 0x00000006c5400000, 0x00000006c5000000| Untracked 
| 277|0x00000006c5400000, 0x00000006c5800000, 0x00000006c5800000|100%| O|  |TAMS 0x00000006c5800000, 0x00000006c5400000| Untracked 
| 278|0x00000006c5800000, 0x00000006c5c00000, 0x00000006c5c00000|100%| O|  |TAMS 0x00000006c5c00000, 0x00000006c5800000| Untracked 
| 279|0x00000006c5c00000, 0x00000006c6000000, 0x00000006c6000000|100%| O|  |TAMS 0x00000006c6000000, 0x00000006c5c00000| Untracked 
| 280|0x00000006c6000000, 0x00000006c6400000, 0x00000006c6400000|100%| O|  |TAMS 0x00000006c6400000, 0x00000006c6000000| Updating 
| 281|0x00000006c6400000, 0x00000006c6800000, 0x00000006c6800000|100%| O|  |TAMS 0x00000006c6800000, 0x00000006c6400000| Updating 
| 282|0x00000006c6800000, 0x00000006c6c00000, 0x00000006c6c00000|100%| O|  |TAMS 0x00000006c6c00000, 0x00000006c6800000| Updating 
| 283|0x00000006c6c00000, 0x00000006c7000000, 0x00000006c7000000|100%| O|  |TAMS 0x00000006c7000000, 0x00000006c6c00000| Updating 
| 284|0x00000006c7000000, 0x00000006c7000000, 0x00000006c7400000|  0%| F|  |TAMS 0x00000006c7000000, 0x00000006c7000000| Untracked 
| 285|0x00000006c7400000, 0x00000006c7800000, 0x00000006c7800000|100%| O|  |TAMS 0x00000006c7800000, 0x00000006c7400000| Untracked 
| 286|0x00000006c7800000, 0x00000006c7c00000, 0x00000006c7c00000|100%| O|  |TAMS 0x00000006c7c00000, 0x00000006c7800000| Untracked 
| 287|0x00000006c7c00000, 0x00000006c8000000, 0x00000006c8000000|100%| O|  |TAMS 0x00000006c8000000, 0x00000006c7c00000| Untracked 
| 288|0x00000006c8000000, 0x00000006c8400000, 0x00000006c8400000|100%| O|  |TAMS 0x00000006c8400000, 0x00000006c8000000| Untracked 
| 289|0x00000006c8400000, 0x00000006c8800000, 0x00000006c8800000|100%| O|  |TAMS 0x00000006c8800000, 0x00000006c8400000| Untracked 
| 290|0x00000006c8800000, 0x00000006c8c00000, 0x00000006c8c00000|100%| O|  |TAMS 0x00000006c8c00000, 0x00000006c8800000| Untracked 
| 291|0x00000006c8c00000, 0x00000006c9000000, 0x00000006c9000000|100%| O|  |TAMS 0x00000006c9000000, 0x00000006c8c00000| Untracked 
| 292|0x00000006c9000000, 0x00000006c9400000, 0x00000006c9400000|100%| O|  |TAMS 0x00000006c9400000, 0x00000006c9000000| Untracked 
| 293|0x00000006c9400000, 0x00000006c9800000, 0x00000006c9800000|100%| O|  |TAMS 0x00000006c9800000, 0x00000006c9400000| Untracked 
| 294|0x00000006c9800000, 0x00000006c9c00000, 0x00000006c9c00000|100%| O|  |TAMS 0x00000006c9c00000, 0x00000006c9800000| Untracked 
| 295|0x00000006c9c00000, 0x00000006ca000000, 0x00000006ca000000|100%| O|  |TAMS 0x00000006ca000000, 0x00000006c9c00000| Untracked 
| 296|0x00000006ca000000, 0x00000006ca400000, 0x00000006ca400000|100%| O|  |TAMS 0x00000006ca400000, 0x00000006ca000000| Untracked 
| 297|0x00000006ca400000, 0x00000006ca800000, 0x00000006ca800000|100%| O|  |TAMS 0x00000006ca800000, 0x00000006ca400000| Untracked 
| 298|0x00000006ca800000, 0x00000006cac00000, 0x00000006cac00000|100%| O|  |TAMS 0x00000006cac00000, 0x00000006ca800000| Updating 
| 299|0x00000006cac00000, 0x00000006cb000000, 0x00000006cb000000|100%| O|  |TAMS 0x00000006cb000000, 0x00000006cac00000| Untracked 
| 300|0x00000006cb000000, 0x00000006cb400000, 0x00000006cb400000|100%| O|  |TAMS 0x00000006cb400000, 0x00000006cb000000| Updating 
| 301|0x00000006cb400000, 0x00000006cb800000, 0x00000006cb800000|100%| O|  |TAMS 0x00000006cb800000, 0x00000006cb400000| Untracked 
| 302|0x00000006cb800000, 0x00000006cbc00000, 0x00000006cbc00000|100%| O|  |TAMS 0x00000006cbc00000, 0x00000006cb800000| Updating 
| 303|0x00000006cbc00000, 0x00000006cc000000, 0x00000006cc000000|100%| O|  |TAMS 0x00000006cc000000, 0x00000006cbc00000| Untracked 
| 304|0x00000006cc000000, 0x00000006cc400000, 0x00000006cc400000|100%| O|  |TAMS 0x00000006cc400000, 0x00000006cc000000| Updating 
| 305|0x00000006cc400000, 0x00000006cc800000, 0x00000006cc800000|100%| O|  |TAMS 0x00000006cc800000, 0x00000006cc400000| Updating 
| 306|0x00000006cc800000, 0x00000006ccc00000, 0x00000006ccc00000|100%| O|  |TAMS 0x00000006ccc00000, 0x00000006cc800000| Updating 
| 307|0x00000006ccc00000, 0x00000006cd000000, 0x00000006cd000000|100%| O|  |TAMS 0x00000006cd000000, 0x00000006ccc00000| Updating 
| 308|0x00000006cd000000, 0x00000006cd400000, 0x00000006cd400000|100%| O|  |TAMS 0x00000006cd400000, 0x00000006cd000000| Updating 
| 309|0x00000006cd400000, 0x00000006cd800000, 0x00000006cd800000|100%| O|  |TAMS 0x00000006cd800000, 0x00000006cd400000| Updating 
| 310|0x00000006cd800000, 0x00000006cdc00000, 0x00000006cdc00000|100%| O|  |TAMS 0x00000006cdc00000, 0x00000006cd800000| Updating 
| 311|0x00000006cdc00000, 0x00000006ce000000, 0x00000006ce000000|100%| O|  |TAMS 0x00000006ce000000, 0x00000006cdc00000| Updating 
| 312|0x00000006ce000000, 0x00000006ce400000, 0x00000006ce400000|100%| O|  |TAMS 0x00000006ce400000, 0x00000006ce000000| Updating 
| 313|0x00000006ce400000, 0x00000006ce800000, 0x00000006ce800000|100%| O|  |TAMS 0x00000006ce800000, 0x00000006ce400000| Updating 
| 314|0x00000006ce800000, 0x00000006cec00000, 0x00000006cec00000|100%| O|  |TAMS 0x00000006cec00000, 0x00000006ce800000| Untracked 
| 315|0x00000006cec00000, 0x00000006cf000000, 0x00000006cf000000|100%| O|  |TAMS 0x00000006cf000000, 0x00000006cec00000| Untracked 
| 316|0x00000006cf000000, 0x00000006cf400000, 0x00000006cf400000|100%| O|  |TAMS 0x00000006cf400000, 0x00000006cf000000| Updating 
| 317|0x00000006cf400000, 0x00000006cf800000, 0x00000006cf800000|100%| O|  |TAMS 0x00000006cf800000, 0x00000006cf400000| Untracked 
| 318|0x00000006cf800000, 0x00000006cfc00000, 0x00000006cfc00000|100%| O|  |TAMS 0x00000006cfc00000, 0x00000006cf800000| Untracked 
| 319|0x00000006cfc00000, 0x00000006d0000000, 0x00000006d0000000|100%| O|  |TAMS 0x00000006d0000000, 0x00000006cfc00000| Untracked 
| 320|0x00000006d0000000, 0x00000006d0400000, 0x00000006d0400000|100%| O|  |TAMS 0x00000006d0400000, 0x00000006d0000000| Untracked 
| 321|0x00000006d0400000, 0x00000006d0800000, 0x00000006d0800000|100%| O|  |TAMS 0x00000006d0800000, 0x00000006d0400000| Updating 
| 322|0x00000006d0800000, 0x00000006d0c00000, 0x00000006d0c00000|100%| O|  |TAMS 0x00000006d0c00000, 0x00000006d0800000| Untracked 
| 323|0x00000006d0c00000, 0x00000006d1000000, 0x00000006d1000000|100%| O|  |TAMS 0x00000006d1000000, 0x00000006d0c00000| Untracked 
| 324|0x00000006d1000000, 0x00000006d1400000, 0x00000006d1400000|100%| O|  |TAMS 0x00000006d1400000, 0x00000006d1000000| Updating 
| 325|0x00000006d1400000, 0x00000006d1800000, 0x00000006d1800000|100%| O|  |TAMS 0x00000006d1800000, 0x00000006d1400000| Untracked 
| 326|0x00000006d1800000, 0x00000006d1c00000, 0x00000006d1c00000|100%| O|  |TAMS 0x00000006d1c00000, 0x00000006d1800000| Untracked 
| 327|0x00000006d1c00000, 0x00000006d2000000, 0x00000006d2000000|100%| O|  |TAMS 0x00000006d2000000, 0x00000006d1c00000| Updating 
| 328|0x00000006d2000000, 0x00000006d2400000, 0x00000006d2400000|100%| O|  |TAMS 0x00000006d2400000, 0x00000006d2000000| Untracked 
| 329|0x00000006d2400000, 0x00000006d2800000, 0x00000006d2800000|100%| O|  |TAMS 0x00000006d2800000, 0x00000006d2400000| Updating 
| 330|0x00000006d2800000, 0x00000006d2c00000, 0x00000006d2c00000|100%| O|  |TAMS 0x00000006d2c00000, 0x00000006d2800000| Updating 
| 331|0x00000006d2c00000, 0x00000006d3000000, 0x00000006d3000000|100%| O|  |TAMS 0x00000006d3000000, 0x00000006d2c00000| Updating 
| 332|0x00000006d3000000, 0x00000006d3400000, 0x00000006d3400000|100%| O|  |TAMS 0x00000006d3400000, 0x00000006d3000000| Updating 
| 333|0x00000006d3400000, 0x00000006d3800000, 0x00000006d3800000|100%| O|  |TAMS 0x00000006d3800000, 0x00000006d3400000| Updating 
| 334|0x00000006d3800000, 0x00000006d3c00000, 0x00000006d3c00000|100%| O|  |TAMS 0x00000006d3c00000, 0x00000006d3800000| Updating 
| 335|0x00000006d3c00000, 0x00000006d4000000, 0x00000006d4000000|100%| O|  |TAMS 0x00000006d4000000, 0x00000006d3c00000| Updating 
| 336|0x00000006d4000000, 0x00000006d4400000, 0x00000006d4400000|100%| O|  |TAMS 0x00000006d4400000, 0x00000006d4000000| Updating 
| 337|0x00000006d4400000, 0x00000006d4800000, 0x00000006d4800000|100%| O|  |TAMS 0x00000006d4800000, 0x00000006d4400000| Updating 
| 338|0x00000006d4800000, 0x00000006d4c00000, 0x00000006d4c00000|100%| O|  |TAMS 0x00000006d4c00000, 0x00000006d4800000| Updating 
| 339|0x00000006d4c00000, 0x00000006d5000000, 0x00000006d5000000|100%| O|  |TAMS 0x00000006d5000000, 0x00000006d4c00000| Updating 
| 340|0x00000006d5000000, 0x00000006d5400000, 0x00000006d5400000|100%| O|  |TAMS 0x00000006d5400000, 0x00000006d5000000| Updating 
| 341|0x00000006d5400000, 0x00000006d5800000, 0x00000006d5800000|100%| O|  |TAMS 0x00000006d5800000, 0x00000006d5400000| Updating 
| 342|0x00000006d5800000, 0x00000006d5c00000, 0x00000006d5c00000|100%| O|  |TAMS 0x00000006d5c00000, 0x00000006d5800000| Updating 
| 343|0x00000006d5c00000, 0x00000006d6000000, 0x00000006d6000000|100%| O|  |TAMS 0x00000006d6000000, 0x00000006d5c00000| Updating 
| 344|0x00000006d6000000, 0x00000006d6400000, 0x00000006d6400000|100%| O|  |TAMS 0x00000006d6400000, 0x00000006d6000000| Updating 
| 345|0x00000006d6400000, 0x00000006d6800000, 0x00000006d6800000|100%| O|  |TAMS 0x00000006d6800000, 0x00000006d6400000| Updating 
| 346|0x00000006d6800000, 0x00000006d6c00000, 0x00000006d6c00000|100%|HS|  |TAMS 0x00000006d6c00000, 0x00000006d6800000| Complete 
| 347|0x00000006d6c00000, 0x00000006d7000000, 0x00000006d7000000|100%|HC|  |TAMS 0x00000006d7000000, 0x00000006d6c00000| Complete 
| 348|0x00000006d7000000, 0x00000006d7400000, 0x00000006d7400000|100%|HC|  |TAMS 0x00000006d7400000, 0x00000006d7000000| Complete 
| 349|0x00000006d7400000, 0x00000006d7800000, 0x00000006d7800000|100%| O|  |TAMS 0x00000006d7800000, 0x00000006d7400000| Updating 
| 350|0x00000006d7800000, 0x00000006d7c00000, 0x00000006d7c00000|100%| O|  |TAMS 0x00000006d7c00000, 0x00000006d7800000| Updating 
| 351|0x00000006d7c00000, 0x00000006d8000000, 0x00000006d8000000|100%| O|  |TAMS 0x00000006d8000000, 0x00000006d7c00000| Updating 
| 352|0x00000006d8000000, 0x00000006d8400000, 0x00000006d8400000|100%| O|  |TAMS 0x00000006d8400000, 0x00000006d8000000| Updating 
| 353|0x00000006d8400000, 0x00000006d8800000, 0x00000006d8800000|100%| O|  |TAMS 0x00000006d8800000, 0x00000006d8400000| Updating 
| 354|0x00000006d8800000, 0x00000006d8c00000, 0x00000006d8c00000|100%| O|  |TAMS 0x00000006d8c00000, 0x00000006d8800000| Updating 
| 355|0x00000006d8c00000, 0x00000006d9000000, 0x00000006d9000000|100%| O|  |TAMS 0x00000006d9000000, 0x00000006d8c00000| Untracked 
| 356|0x00000006d9000000, 0x00000006d9400000, 0x00000006d9400000|100%| O|  |TAMS 0x00000006d9400000, 0x00000006d9000000| Untracked 
| 357|0x00000006d9400000, 0x00000006d9800000, 0x00000006d9800000|100%| O|  |TAMS 0x00000006d9800000, 0x00000006d9400000| Untracked 
| 358|0x00000006d9800000, 0x00000006d9c00000, 0x00000006d9c00000|100%| O|  |TAMS 0x00000006d9c00000, 0x00000006d9800000| Untracked 
| 359|0x00000006d9c00000, 0x00000006da000000, 0x00000006da000000|100%| O|  |TAMS 0x00000006da000000, 0x00000006d9c00000| Untracked 
| 360|0x00000006da000000, 0x00000006da400000, 0x00000006da400000|100%| O|  |TAMS 0x00000006da400000, 0x00000006da000000| Untracked 
| 361|0x00000006da400000, 0x00000006da800000, 0x00000006da800000|100%| O|  |TAMS 0x00000006da800000, 0x00000006da400000| Untracked 
| 362|0x00000006da800000, 0x00000006dac00000, 0x00000006dac00000|100%| O|  |TAMS 0x00000006dac00000, 0x00000006da800000| Untracked 
| 363|0x00000006dac00000, 0x00000006db000000, 0x00000006db000000|100%| O|  |TAMS 0x00000006db000000, 0x00000006dac00000| Untracked 
| 364|0x00000006db000000, 0x00000006db400000, 0x00000006db400000|100%| O|  |TAMS 0x00000006db400000, 0x00000006db000000| Untracked 
| 365|0x00000006db400000, 0x00000006db800000, 0x00000006db800000|100%| O|  |TAMS 0x00000006db800000, 0x00000006db400000| Updating 
| 366|0x00000006db800000, 0x00000006dbc00000, 0x00000006dbc00000|100%| O|  |TAMS 0x00000006dbc00000, 0x00000006db800000| Untracked 
| 367|0x00000006dbc00000, 0x00000006dc000000, 0x00000006dc000000|100%| O|  |TAMS 0x00000006dc000000, 0x00000006dbc00000| Untracked 
| 368|0x00000006dc000000, 0x00000006dc400000, 0x00000006dc400000|100%| O|  |TAMS 0x00000006dc400000, 0x00000006dc000000| Updating 
| 369|0x00000006dc400000, 0x00000006dc800000, 0x00000006dc800000|100%| O|  |TAMS 0x00000006dc800000, 0x00000006dc400000| Untracked 
| 370|0x00000006dc800000, 0x00000006dcc00000, 0x00000006dcc00000|100%| O|  |TAMS 0x00000006dcc00000, 0x00000006dc800000| Untracked 
| 371|0x00000006dcc00000, 0x00000006dd000000, 0x00000006dd000000|100%| O|  |TAMS 0x00000006dd000000, 0x00000006dcc00000| Untracked 
| 372|0x00000006dd000000, 0x00000006dd400000, 0x00000006dd400000|100%| O|  |TAMS 0x00000006dd400000, 0x00000006dd000000| Untracked 
| 373|0x00000006dd400000, 0x00000006dd800000, 0x00000006dd800000|100%| O|  |TAMS 0x00000006dd800000, 0x00000006dd400000| Untracked 
| 374|0x00000006dd800000, 0x00000006ddc00000, 0x00000006ddc00000|100%| O|  |TAMS 0x00000006ddc00000, 0x00000006dd800000| Untracked 
| 375|0x00000006ddc00000, 0x00000006de000000, 0x00000006de000000|100%| O|  |TAMS 0x00000006de000000, 0x00000006ddc00000| Updating 
| 376|0x00000006de000000, 0x00000006de400000, 0x00000006de400000|100%| O|  |TAMS 0x00000006de400000, 0x00000006de000000| Untracked 
| 377|0x00000006de400000, 0x00000006de800000, 0x00000006de800000|100%| O|  |TAMS 0x00000006de800000, 0x00000006de400000| Untracked 
| 378|0x00000006de800000, 0x00000006dec00000, 0x00000006dec00000|100%| O|  |TAMS 0x00000006dec00000, 0x00000006de800000| Untracked 
| 379|0x00000006dec00000, 0x00000006df000000, 0x00000006df000000|100%| O|  |TAMS 0x00000006df000000, 0x00000006dec00000| Untracked 
| 380|0x00000006df000000, 0x00000006df400000, 0x00000006df400000|100%| O|  |TAMS 0x00000006df400000, 0x00000006df000000| Untracked 
| 381|0x00000006df400000, 0x00000006df800000, 0x00000006df800000|100%| O|  |TAMS 0x00000006df800000, 0x00000006df400000| Updating 
| 382|0x00000006df800000, 0x00000006dfc00000, 0x00000006dfc00000|100%| O|  |TAMS 0x00000006dfc00000, 0x00000006df800000| Untracked 
| 383|0x00000006dfc00000, 0x00000006e0000000, 0x00000006e0000000|100%| O|  |TAMS 0x00000006e0000000, 0x00000006dfc00000| Untracked 
| 384|0x00000006e0000000, 0x00000006e0400000, 0x00000006e0400000|100%| O|  |TAMS 0x00000006e0400000, 0x00000006e0000000| Untracked 
| 385|0x00000006e0400000, 0x00000006e0800000, 0x00000006e0800000|100%| O|  |TAMS 0x00000006e0800000, 0x00000006e0400000| Untracked 
| 386|0x00000006e0800000, 0x00000006e0c00000, 0x00000006e0c00000|100%| O|  |TAMS 0x00000006e0c00000, 0x00000006e0800000| Untracked 
| 387|0x00000006e0c00000, 0x00000006e1000000, 0x00000006e1000000|100%| O|  |TAMS 0x00000006e1000000, 0x00000006e0c00000| Untracked 
| 388|0x00000006e1000000, 0x00000006e1400000, 0x00000006e1400000|100%| O|  |TAMS 0x00000006e1400000, 0x00000006e1000000| Untracked 
| 389|0x00000006e1400000, 0x00000006e1800000, 0x00000006e1800000|100%| O|  |TAMS 0x00000006e1800000, 0x00000006e1400000| Untracked 
| 390|0x00000006e1800000, 0x00000006e1c00000, 0x00000006e1c00000|100%| O|  |TAMS 0x00000006e1c00000, 0x00000006e1800000| Updating 
| 391|0x00000006e1c00000, 0x00000006e2000000, 0x00000006e2000000|100%| O|  |TAMS 0x00000006e2000000, 0x00000006e1c00000| Untracked 
| 392|0x00000006e2000000, 0x00000006e2400000, 0x00000006e2400000|100%| O|  |TAMS 0x00000006e2400000, 0x00000006e2000000| Untracked 
| 393|0x00000006e2400000, 0x00000006e2800000, 0x00000006e2800000|100%| O|  |TAMS 0x00000006e2800000, 0x00000006e2400000| Untracked 
| 394|0x00000006e2800000, 0x00000006e2c00000, 0x00000006e2c00000|100%| O|  |TAMS 0x00000006e2c00000, 0x00000006e2800000| Updating 
| 395|0x00000006e2c00000, 0x00000006e3000000, 0x00000006e3000000|100%| O|  |TAMS 0x00000006e3000000, 0x00000006e2c00000| Untracked 
| 396|0x00000006e3000000, 0x00000006e3400000, 0x00000006e3400000|100%| O|  |TAMS 0x00000006e3400000, 0x00000006e3000000| Updating 
| 397|0x00000006e3400000, 0x00000006e3800000, 0x00000006e3800000|100%| O|  |TAMS 0x00000006e3800000, 0x00000006e3400000| Untracked 
| 398|0x00000006e3800000, 0x00000006e3c00000, 0x00000006e3c00000|100%| O|  |TAMS 0x00000006e3c00000, 0x00000006e3800000| Untracked 
| 399|0x00000006e3c00000, 0x00000006e4000000, 0x00000006e4000000|100%| O|  |TAMS 0x00000006e4000000, 0x00000006e3c00000| Untracked 
| 400|0x00000006e4000000, 0x00000006e4400000, 0x00000006e4400000|100%| O|  |TAMS 0x00000006e4400000, 0x00000006e4000000| Untracked 
| 401|0x00000006e4400000, 0x00000006e4800000, 0x00000006e4800000|100%| O|  |TAMS 0x00000006e4800000, 0x00000006e4400000| Untracked 
| 402|0x00000006e4800000, 0x00000006e4c00000, 0x00000006e4c00000|100%| O|  |TAMS 0x00000006e4c00000, 0x00000006e4800000| Untracked 
| 403|0x00000006e4c00000, 0x00000006e5000000, 0x00000006e5000000|100%| O|  |TAMS 0x00000006e5000000, 0x00000006e4c00000| Untracked 
| 404|0x00000006e5000000, 0x00000006e5400000, 0x00000006e5400000|100%| O|  |TAMS 0x00000006e5400000, 0x00000006e5000000| Untracked 
| 405|0x00000006e5400000, 0x00000006e5800000, 0x00000006e5800000|100%| O|  |TAMS 0x00000006e5800000, 0x00000006e5400000| Untracked 
| 406|0x00000006e5800000, 0x00000006e5c00000, 0x00000006e5c00000|100%| O|  |TAMS 0x00000006e5c00000, 0x00000006e5800000| Untracked 
| 407|0x00000006e5c00000, 0x00000006e6000000, 0x00000006e6000000|100%| O|  |TAMS 0x00000006e6000000, 0x00000006e5c00000| Untracked 
| 408|0x00000006e6000000, 0x00000006e6400000, 0x00000006e6400000|100%| O|  |TAMS 0x00000006e6400000, 0x00000006e6000000| Untracked 
| 409|0x00000006e6400000, 0x00000006e6800000, 0x00000006e6800000|100%| O|  |TAMS 0x00000006e6800000, 0x00000006e6400000| Untracked 
| 410|0x00000006e6800000, 0x00000006e6c00000, 0x00000006e6c00000|100%| O|  |TAMS 0x00000006e6c00000, 0x00000006e6800000| Untracked 
| 411|0x00000006e6c00000, 0x00000006e7000000, 0x00000006e7000000|100%| O|  |TAMS 0x00000006e7000000, 0x00000006e6c00000| Untracked 
| 412|0x00000006e7000000, 0x00000006e7400000, 0x00000006e7400000|100%| O|  |TAMS 0x00000006e7400000, 0x00000006e7000000| Untracked 
| 413|0x00000006e7400000, 0x00000006e7800000, 0x00000006e7800000|100%| O|  |TAMS 0x00000006e7800000, 0x00000006e7400000| Updating 
| 414|0x00000006e7800000, 0x00000006e7c00000, 0x00000006e7c00000|100%| O|  |TAMS 0x00000006e7c00000, 0x00000006e7800000| Untracked 
| 415|0x00000006e7c00000, 0x00000006e8000000, 0x00000006e8000000|100%| O|  |TAMS 0x00000006e8000000, 0x00000006e7c00000| Untracked 
| 416|0x00000006e8000000, 0x00000006e8400000, 0x00000006e8400000|100%| O|  |TAMS 0x00000006e8400000, 0x00000006e8000000| Untracked 
| 417|0x00000006e8400000, 0x00000006e8800000, 0x00000006e8800000|100%| O|  |TAMS 0x00000006e8800000, 0x00000006e8400000| Untracked 
| 418|0x00000006e8800000, 0x00000006e8c00000, 0x00000006e8c00000|100%| O|  |TAMS 0x00000006e8c00000, 0x00000006e8800000| Untracked 
| 419|0x00000006e8c00000, 0x00000006e9000000, 0x00000006e9000000|100%| O|  |TAMS 0x00000006e9000000, 0x00000006e8c00000| Untracked 
| 420|0x00000006e9000000, 0x00000006e9400000, 0x00000006e9400000|100%| O|  |TAMS 0x00000006e9400000, 0x00000006e9000000| Untracked 
| 421|0x00000006e9400000, 0x00000006e9800000, 0x00000006e9800000|100%| O|  |TAMS 0x00000006e9800000, 0x00000006e9400000| Updating 
| 422|0x00000006e9800000, 0x00000006e9800000, 0x00000006e9c00000|  0%| F|  |TAMS 0x00000006e9800000, 0x00000006e9800000| Untracked 
| 423|0x00000006e9c00000, 0x00000006ea000000, 0x00000006ea000000|100%| O|  |TAMS 0x00000006ea000000, 0x00000006e9c00000| Updating 
| 424|0x00000006ea000000, 0x00000006ea400000, 0x00000006ea400000|100%| O|  |TAMS 0x00000006ea400000, 0x00000006ea000000| Untracked 
| 425|0x00000006ea400000, 0x00000006ea800000, 0x00000006ea800000|100%|HS|  |TAMS 0x00000006ea800000, 0x00000006ea400000| Complete 
| 426|0x00000006ea800000, 0x00000006eac00000, 0x00000006eac00000|100%|HC|  |TAMS 0x00000006eac00000, 0x00000006ea800000| Complete 
| 427|0x00000006eac00000, 0x00000006eb000000, 0x00000006eb000000|100%| O|  |TAMS 0x00000006eb000000, 0x00000006eac00000| Updating 
| 428|0x00000006eb000000, 0x00000006eb400000, 0x00000006eb400000|100%| O|  |TAMS 0x00000006eb400000, 0x00000006eb000000| Updating 
| 429|0x00000006eb400000, 0x00000006eb800000, 0x00000006eb800000|100%| O|  |TAMS 0x00000006eb800000, 0x00000006eb400000| Updating 
| 430|0x00000006eb800000, 0x00000006ebc00000, 0x00000006ebc00000|100%| O|  |TAMS 0x00000006ebc00000, 0x00000006eb800000| Updating 
| 431|0x00000006ebc00000, 0x00000006ec000000, 0x00000006ec000000|100%| O|  |TAMS 0x00000006ec000000, 0x00000006ebc00000| Updating 
| 432|0x00000006ec000000, 0x00000006ec400000, 0x00000006ec400000|100%| O|  |TAMS 0x00000006ec400000, 0x00000006ec000000| Updating 
| 433|0x00000006ec400000, 0x00000006ec800000, 0x00000006ec800000|100%| O|  |TAMS 0x00000006ec800000, 0x00000006ec400000| Updating 
| 434|0x00000006ec800000, 0x00000006ecc00000, 0x00000006ecc00000|100%| O|  |TAMS 0x00000006ecc00000, 0x00000006ec800000| Updating 
| 435|0x00000006ecc00000, 0x00000006ed000000, 0x00000006ed000000|100%| O|  |TAMS 0x00000006ed000000, 0x00000006ecc00000| Updating 
| 436|0x00000006ed000000, 0x00000006ed400000, 0x00000006ed400000|100%| O|  |TAMS 0x00000006ed400000, 0x00000006ed000000| Updating 
| 437|0x00000006ed400000, 0x00000006ed800000, 0x00000006ed800000|100%| O|  |TAMS 0x00000006ed800000, 0x00000006ed400000| Updating 
| 438|0x00000006ed800000, 0x00000006edc00000, 0x00000006edc00000|100%| O|  |TAMS 0x00000006edc00000, 0x00000006ed800000| Updating 
| 439|0x00000006edc00000, 0x00000006ee000000, 0x00000006ee000000|100%| O|  |TAMS 0x00000006ee000000, 0x00000006edc00000| Untracked 
| 440|0x00000006ee000000, 0x00000006ee400000, 0x00000006ee400000|100%| O|  |TAMS 0x00000006ee400000, 0x00000006ee000000| Updating 
| 441|0x00000006ee400000, 0x00000006ee800000, 0x00000006ee800000|100%| O|  |TAMS 0x00000006ee800000, 0x00000006ee400000| Untracked 
| 442|0x00000006ee800000, 0x00000006eec00000, 0x00000006eec00000|100%| O|  |TAMS 0x00000006eec00000, 0x00000006ee800000| Untracked 
| 443|0x00000006eec00000, 0x00000006ef000000, 0x00000006ef000000|100%| O|  |TAMS 0x00000006ef000000, 0x00000006eec00000| Untracked 
| 444|0x00000006ef000000, 0x00000006ef400000, 0x00000006ef400000|100%| O|  |TAMS 0x00000006ef400000, 0x00000006ef000000| Untracked 
| 445|0x00000006ef400000, 0x00000006ef800000, 0x00000006ef800000|100%| O|  |TAMS 0x00000006ef800000, 0x00000006ef400000| Untracked 
| 446|0x00000006ef800000, 0x00000006efc00000, 0x00000006efc00000|100%| O|  |TAMS 0x00000006efc00000, 0x00000006ef800000| Untracked 
| 447|0x00000006efc00000, 0x00000006f0000000, 0x00000006f0000000|100%| O|  |TAMS 0x00000006f0000000, 0x00000006efc00000| Untracked 
| 448|0x00000006f0000000, 0x00000006f0400000, 0x00000006f0400000|100%| O|  |TAMS 0x00000006f0400000, 0x00000006f0000000| Untracked 
| 449|0x00000006f0400000, 0x00000006f0800000, 0x00000006f0800000|100%| O|  |TAMS 0x00000006f0800000, 0x00000006f0400000| Untracked 
| 450|0x00000006f0800000, 0x00000006f0c00000, 0x00000006f0c00000|100%| O|  |TAMS 0x00000006f0c00000, 0x00000006f0800000| Untracked 
| 451|0x00000006f0c00000, 0x00000006f1000000, 0x00000006f1000000|100%| O|  |TAMS 0x00000006f1000000, 0x00000006f0c00000| Untracked 
| 452|0x00000006f1000000, 0x00000006f1400000, 0x00000006f1400000|100%| O|  |TAMS 0x00000006f1400000, 0x00000006f1000000| Untracked 
| 453|0x00000006f1400000, 0x00000006f1800000, 0x00000006f1800000|100%| O|  |TAMS 0x00000006f1800000, 0x00000006f1400000| Untracked 
| 454|0x00000006f1800000, 0x00000006f1c00000, 0x00000006f1c00000|100%| O|  |TAMS 0x00000006f1c00000, 0x00000006f1800000| Untracked 
| 455|0x00000006f1c00000, 0x00000006f2000000, 0x00000006f2000000|100%| O|  |TAMS 0x00000006f2000000, 0x00000006f1c00000| Untracked 
| 456|0x00000006f2000000, 0x00000006f2400000, 0x00000006f2400000|100%| O|  |TAMS 0x00000006f2400000, 0x00000006f2000000| Untracked 
| 457|0x00000006f2400000, 0x00000006f2800000, 0x00000006f2800000|100%| O|  |TAMS 0x00000006f2800000, 0x00000006f2400000| Untracked 
| 458|0x00000006f2800000, 0x00000006f2c00000, 0x00000006f2c00000|100%| O|  |TAMS 0x00000006f2c00000, 0x00000006f2800000| Untracked 
| 459|0x00000006f2c00000, 0x00000006f3000000, 0x00000006f3000000|100%| O|  |TAMS 0x00000006f3000000, 0x00000006f2c00000| Untracked 
| 460|0x00000006f3000000, 0x00000006f3400000, 0x00000006f3400000|100%| O|  |TAMS 0x00000006f3400000, 0x00000006f3000000| Untracked 
| 461|0x00000006f3400000, 0x00000006f3800000, 0x00000006f3800000|100%| O|  |TAMS 0x00000006f3800000, 0x00000006f3400000| Updating 
| 462|0x00000006f3800000, 0x00000006f3c00000, 0x00000006f3c00000|100%| O|  |TAMS 0x00000006f3c00000, 0x00000006f3800000| Untracked 
| 463|0x00000006f3c00000, 0x00000006f4000000, 0x00000006f4000000|100%| O|  |TAMS 0x00000006f4000000, 0x00000006f3c00000| Untracked 
| 464|0x00000006f4000000, 0x00000006f4400000, 0x00000006f4400000|100%| O|  |TAMS 0x00000006f4400000, 0x00000006f4000000| Untracked 
| 465|0x00000006f4400000, 0x00000006f4800000, 0x00000006f4800000|100%| O|  |TAMS 0x00000006f4800000, 0x00000006f4400000| Untracked 
| 466|0x00000006f4800000, 0x00000006f4c00000, 0x00000006f4c00000|100%| O|  |TAMS 0x00000006f4c00000, 0x00000006f4800000| Untracked 
| 467|0x00000006f4c00000, 0x00000006f5000000, 0x00000006f5000000|100%| O|  |TAMS 0x00000006f5000000, 0x00000006f4c00000| Untracked 
| 468|0x00000006f5000000, 0x00000006f5400000, 0x00000006f5400000|100%| O|  |TAMS 0x00000006f5400000, 0x00000006f5000000| Untracked 
| 469|0x00000006f5400000, 0x00000006f5800000, 0x00000006f5800000|100%| O|  |TAMS 0x00000006f5800000, 0x00000006f5400000| Untracked 
| 470|0x00000006f5800000, 0x00000006f5c00000, 0x00000006f5c00000|100%| O|  |TAMS 0x00000006f5c00000, 0x00000006f5800000| Untracked 
| 471|0x00000006f5c00000, 0x00000006f6000000, 0x00000006f6000000|100%| O|  |TAMS 0x00000006f6000000, 0x00000006f5c00000| Untracked 
| 472|0x00000006f6000000, 0x00000006f6400000, 0x00000006f6400000|100%| O|  |TAMS 0x00000006f6400000, 0x00000006f6000000| Untracked 
| 473|0x00000006f6400000, 0x00000006f6800000, 0x00000006f6800000|100%| O|  |TAMS 0x00000006f6800000, 0x00000006f6400000| Untracked 
| 474|0x00000006f6800000, 0x00000006f6c00000, 0x00000006f6c00000|100%| O|  |TAMS 0x00000006f6c00000, 0x00000006f6800000| Untracked 
| 475|0x00000006f6c00000, 0x00000006f7000000, 0x00000006f7000000|100%| O|  |TAMS 0x00000006f7000000, 0x00000006f6c00000| Untracked 
| 476|0x00000006f7000000, 0x00000006f7400000, 0x00000006f7400000|100%| O|  |TAMS 0x00000006f7400000, 0x00000006f7000000| Untracked 
| 477|0x00000006f7400000, 0x00000006f7800000, 0x00000006f7800000|100%| O|  |TAMS 0x00000006f7800000, 0x00000006f7400000| Untracked 
| 478|0x00000006f7800000, 0x00000006f7c00000, 0x00000006f7c00000|100%| O|  |TAMS 0x00000006f7c00000, 0x00000006f7800000| Untracked 
| 479|0x00000006f7c00000, 0x00000006f8000000, 0x00000006f8000000|100%| O|  |TAMS 0x00000006f8000000, 0x00000006f7c00000| Untracked 
| 480|0x00000006f8000000, 0x00000006f8400000, 0x00000006f8400000|100%| O|  |TAMS 0x00000006f8400000, 0x00000006f8000000| Untracked 
| 481|0x00000006f8400000, 0x00000006f8800000, 0x00000006f8800000|100%| O|  |TAMS 0x00000006f8800000, 0x00000006f8400000| Updating 
| 482|0x00000006f8800000, 0x00000006f8c00000, 0x00000006f8c00000|100%| O|  |TAMS 0x00000006f8c00000, 0x00000006f8800000| Updating 
| 483|0x00000006f8c00000, 0x00000006f9000000, 0x00000006f9000000|100%| O|  |TAMS 0x00000006f9000000, 0x00000006f8c00000| Updating 
| 484|0x00000006f9000000, 0x00000006f9400000, 0x00000006f9400000|100%| O|  |TAMS 0x00000006f9400000, 0x00000006f9000000| Updating 
| 485|0x00000006f9400000, 0x00000006f9800000, 0x00000006f9800000|100%| O|  |TAMS 0x00000006f9800000, 0x00000006f9400000| Updating 
| 486|0x00000006f9800000, 0x00000006f9c00000, 0x00000006f9c00000|100%| O|  |TAMS 0x00000006f9c00000, 0x00000006f9800000| Updating 
| 487|0x00000006f9c00000, 0x00000006fa000000, 0x00000006fa000000|100%| O|  |TAMS 0x00000006fa000000, 0x00000006f9c00000| Updating 
| 488|0x00000006fa000000, 0x00000006fa400000, 0x00000006fa400000|100%| O|  |TAMS 0x00000006fa400000, 0x00000006fa000000| Updating 
| 489|0x00000006fa400000, 0x00000006fa800000, 0x00000006fa800000|100%| O|  |TAMS 0x00000006fa800000, 0x00000006fa400000| Untracked 
| 490|0x00000006fa800000, 0x00000006fac00000, 0x00000006fac00000|100%| O|  |TAMS 0x00000006fac00000, 0x00000006fa800000| Untracked 
| 491|0x00000006fac00000, 0x00000006fb000000, 0x00000006fb000000|100%| O|  |TAMS 0x00000006fb000000, 0x00000006fac00000| Untracked 
| 492|0x00000006fb000000, 0x00000006fb400000, 0x00000006fb400000|100%| O|  |TAMS 0x00000006fb400000, 0x00000006fb000000| Untracked 
| 493|0x00000006fb400000, 0x00000006fb800000, 0x00000006fb800000|100%| O|  |TAMS 0x00000006fb800000, 0x00000006fb400000| Updating 
| 494|0x00000006fb800000, 0x00000006fbc00000, 0x00000006fbc00000|100%| O|  |TAMS 0x00000006fbc00000, 0x00000006fb800000| Updating 
| 495|0x00000006fbc00000, 0x00000006fc000000, 0x00000006fc000000|100%| O|  |TAMS 0x00000006fc000000, 0x00000006fbc00000| Updating 
| 496|0x00000006fc000000, 0x00000006fc400000, 0x00000006fc400000|100%| O|  |TAMS 0x00000006fc400000, 0x00000006fc000000| Updating 
| 497|0x00000006fc400000, 0x00000006fc800000, 0x00000006fc800000|100%| O|  |TAMS 0x00000006fc800000, 0x00000006fc400000| Untracked 
| 498|0x00000006fc800000, 0x00000006fcc00000, 0x00000006fcc00000|100%| O|  |TAMS 0x00000006fcc00000, 0x00000006fc800000| Untracked 
| 499|0x00000006fcc00000, 0x00000006fd000000, 0x00000006fd000000|100%| O|  |TAMS 0x00000006fd000000, 0x00000006fcc00000| Untracked 
| 500|0x00000006fd000000, 0x00000006fd400000, 0x00000006fd400000|100%| O|  |TAMS 0x00000006fd400000, 0x00000006fd000000| Untracked 
| 501|0x00000006fd400000, 0x00000006fd800000, 0x00000006fd800000|100%| O|  |TAMS 0x00000006fd800000, 0x00000006fd400000| Untracked 
| 502|0x00000006fd800000, 0x00000006fdc00000, 0x00000006fdc00000|100%| O|  |TAMS 0x00000006fdc00000, 0x00000006fd800000| Untracked 
| 503|0x00000006fdc00000, 0x00000006fe000000, 0x00000006fe000000|100%| O|  |TAMS 0x00000006fe000000, 0x00000006fdc00000| Untracked 
| 504|0x00000006fe000000, 0x00000006fe400000, 0x00000006fe400000|100%| O|  |TAMS 0x00000006fe400000, 0x00000006fe000000| Untracked 
| 505|0x00000006fe400000, 0x00000006fe800000, 0x00000006fe800000|100%| O|  |TAMS 0x00000006fe800000, 0x00000006fe400000| Untracked 
| 506|0x00000006fe800000, 0x00000006fec00000, 0x00000006fec00000|100%| O|  |TAMS 0x00000006fec00000, 0x00000006fe800000| Untracked 
| 507|0x00000006fec00000, 0x00000006ff000000, 0x00000006ff000000|100%| O|  |TAMS 0x00000006ff000000, 0x00000006fec00000| Updating 
| 508|0x00000006ff000000, 0x00000006ff400000, 0x00000006ff400000|100%| O|  |TAMS 0x00000006ff400000, 0x00000006ff000000| Updating 
| 509|0x00000006ff400000, 0x00000006ff800000, 0x00000006ff800000|100%| O|  |TAMS 0x00000006ff800000, 0x00000006ff400000| Updating 
| 510|0x00000006ff800000, 0x00000006ffc00000, 0x00000006ffc00000|100%| O|  |TAMS 0x00000006ffc00000, 0x00000006ff800000| Updating 
| 511|0x00000006ffc00000, 0x0000000700000000, 0x0000000700000000|100%| O|  |TAMS 0x0000000700000000, 0x00000006ffc00000| Updating 
| 512|0x0000000700000000, 0x0000000700400000, 0x0000000700400000|100%| O|  |TAMS 0x0000000700400000, 0x0000000700000000| Updating 
| 513|0x0000000700400000, 0x0000000700800000, 0x0000000700800000|100%| O|  |TAMS 0x0000000700800000, 0x0000000700400000| Updating 
| 514|0x0000000700800000, 0x0000000700c00000, 0x0000000700c00000|100%| O|  |TAMS 0x0000000700c00000, 0x0000000700800000| Updating 
| 515|0x0000000700c00000, 0x0000000701000000, 0x0000000701000000|100%| O|  |TAMS 0x0000000701000000, 0x0000000700c00000| Untracked 
| 516|0x0000000701000000, 0x0000000701400000, 0x0000000701400000|100%| O|  |TAMS 0x0000000701400000, 0x0000000701000000| Updating 
| 517|0x0000000701400000, 0x0000000701800000, 0x0000000701800000|100%| O|  |TAMS 0x0000000701800000, 0x0000000701400000| Untracked 
| 518|0x0000000701800000, 0x0000000701c00000, 0x0000000701c00000|100%| O|  |TAMS 0x0000000701c00000, 0x0000000701800000| Updating 
| 519|0x0000000701c00000, 0x0000000702000000, 0x0000000702000000|100%| O|  |TAMS 0x0000000702000000, 0x0000000701c00000| Updating 
| 520|0x0000000702000000, 0x0000000702400000, 0x0000000702400000|100%| O|  |TAMS 0x0000000702400000, 0x0000000702000000| Untracked 
| 521|0x0000000702400000, 0x0000000702800000, 0x0000000702800000|100%| O|  |TAMS 0x0000000702800000, 0x0000000702400000| Updating 
| 522|0x0000000702800000, 0x0000000702c00000, 0x0000000702c00000|100%| O|  |TAMS 0x0000000702c00000, 0x0000000702800000| Updating 
| 523|0x0000000702c00000, 0x0000000703000000, 0x0000000703000000|100%| O|  |TAMS 0x0000000703000000, 0x0000000702c00000| Updating 
| 524|0x0000000703000000, 0x0000000703400000, 0x0000000703400000|100%| O|  |TAMS 0x0000000703400000, 0x0000000703000000| Untracked 
| 525|0x0000000703400000, 0x0000000703800000, 0x0000000703800000|100%| O|  |TAMS 0x0000000703800000, 0x0000000703400000| Updating 
| 526|0x0000000703800000, 0x0000000703c00000, 0x0000000703c00000|100%| O|  |TAMS 0x0000000703c00000, 0x0000000703800000| Untracked 
| 527|0x0000000703c00000, 0x0000000704000000, 0x0000000704000000|100%| O|  |TAMS 0x0000000704000000, 0x0000000703c00000| Untracked 
| 528|0x0000000704000000, 0x0000000704400000, 0x0000000704400000|100%| O|  |TAMS 0x0000000704400000, 0x0000000704000000| Updating 
| 529|0x0000000704400000, 0x0000000704800000, 0x0000000704800000|100%| O|  |TAMS 0x0000000704800000, 0x0000000704400000| Untracked 
| 530|0x0000000704800000, 0x0000000704c00000, 0x0000000704c00000|100%| O|  |TAMS 0x0000000704c00000, 0x0000000704800000| Updating 
| 531|0x0000000704c00000, 0x0000000705000000, 0x0000000705000000|100%| O|  |TAMS 0x0000000705000000, 0x0000000704c00000| Untracked 
| 532|0x0000000705000000, 0x0000000705400000, 0x0000000705400000|100%| O|  |TAMS 0x0000000705400000, 0x0000000705000000| Updating 
| 533|0x0000000705400000, 0x0000000705800000, 0x0000000705800000|100%| O|  |TAMS 0x0000000705800000, 0x0000000705400000| Updating 
| 534|0x0000000705800000, 0x0000000705c00000, 0x0000000705c00000|100%| O|  |TAMS 0x0000000705c00000, 0x0000000705800000| Updating 
| 535|0x0000000705c00000, 0x0000000706000000, 0x0000000706000000|100%| O|  |TAMS 0x0000000706000000, 0x0000000705c00000| Updating 
| 536|0x0000000706000000, 0x0000000706400000, 0x0000000706400000|100%| O|  |TAMS 0x0000000706400000, 0x0000000706000000| Updating 
| 537|0x0000000706400000, 0x0000000706800000, 0x0000000706800000|100%| O|  |TAMS 0x0000000706800000, 0x0000000706400000| Updating 
| 538|0x0000000706800000, 0x0000000706c00000, 0x0000000706c00000|100%| O|  |TAMS 0x0000000706c00000, 0x0000000706800000| Updating 
| 539|0x0000000706c00000, 0x0000000707000000, 0x0000000707000000|100%| O|  |TAMS 0x0000000707000000, 0x0000000706c00000| Updating 
| 540|0x0000000707000000, 0x0000000707400000, 0x0000000707400000|100%| O|  |TAMS 0x0000000707400000, 0x0000000707000000| Updating 
| 541|0x0000000707400000, 0x0000000707800000, 0x0000000707800000|100%| O|  |TAMS 0x0000000707800000, 0x0000000707400000| Updating 
| 542|0x0000000707800000, 0x0000000707c00000, 0x0000000707c00000|100%| O|  |TAMS 0x0000000707c00000, 0x0000000707800000| Updating 
| 543|0x0000000707c00000, 0x0000000708000000, 0x0000000708000000|100%| O|  |TAMS 0x0000000708000000, 0x0000000707c00000| Updating 
| 544|0x0000000708000000, 0x0000000708400000, 0x0000000708400000|100%| O|  |TAMS 0x0000000708400000, 0x0000000708000000| Updating 
| 545|0x0000000708400000, 0x0000000708800000, 0x0000000708800000|100%| O|  |TAMS 0x0000000708800000, 0x0000000708400000| Updating 
| 546|0x0000000708800000, 0x0000000708c00000, 0x0000000708c00000|100%| O|  |TAMS 0x0000000708c00000, 0x0000000708800000| Updating 
| 547|0x0000000708c00000, 0x0000000709000000, 0x0000000709000000|100%| O|  |TAMS 0x0000000709000000, 0x0000000708c00000| Updating 
| 548|0x0000000709000000, 0x0000000709400000, 0x0000000709400000|100%| O|  |TAMS 0x0000000709400000, 0x0000000709000000| Updating 
| 549|0x0000000709400000, 0x0000000709800000, 0x0000000709800000|100%| O|  |TAMS 0x0000000709800000, 0x0000000709400000| Updating 
| 550|0x0000000709800000, 0x0000000709c00000, 0x0000000709c00000|100%| O|  |TAMS 0x0000000709c00000, 0x0000000709800000| Updating 
| 551|0x0000000709c00000, 0x000000070a000000, 0x000000070a000000|100%| O|  |TAMS 0x000000070a000000, 0x0000000709c00000| Updating 
| 552|0x000000070a000000, 0x000000070a400000, 0x000000070a400000|100%| O|  |TAMS 0x000000070a400000, 0x000000070a000000| Updating 
| 553|0x000000070a400000, 0x000000070a800000, 0x000000070a800000|100%| O|  |TAMS 0x000000070a800000, 0x000000070a400000| Updating 
| 554|0x000000070a800000, 0x000000070ac00000, 0x000000070ac00000|100%| O|  |TAMS 0x000000070ac00000, 0x000000070a800000| Updating 
| 555|0x000000070ac00000, 0x000000070b000000, 0x000000070b000000|100%| O|  |TAMS 0x000000070b000000, 0x000000070ac00000| Updating 
| 556|0x000000070b000000, 0x000000070b400000, 0x000000070b400000|100%| O|  |TAMS 0x000000070b400000, 0x000000070b000000| Untracked 
| 557|0x000000070b400000, 0x000000070b800000, 0x000000070b800000|100%| O|  |TAMS 0x000000070b800000, 0x000000070b400000| Untracked 
| 558|0x000000070b800000, 0x000000070bc00000, 0x000000070bc00000|100%| O|  |TAMS 0x000000070bc00000, 0x000000070b800000| Untracked 
| 559|0x000000070bc00000, 0x000000070c000000, 0x000000070c000000|100%| O|  |TAMS 0x000000070c000000, 0x000000070bc00000| Untracked 
| 560|0x000000070c000000, 0x000000070c400000, 0x000000070c400000|100%| O|  |TAMS 0x000000070c400000, 0x000000070c000000| Untracked 
| 561|0x000000070c400000, 0x000000070c800000, 0x000000070c800000|100%| O|  |TAMS 0x000000070c800000, 0x000000070c400000| Untracked 
| 562|0x000000070c800000, 0x000000070cc00000, 0x000000070cc00000|100%| O|  |TAMS 0x000000070cc00000, 0x000000070c800000| Untracked 
| 563|0x000000070cc00000, 0x000000070d000000, 0x000000070d000000|100%| O|  |TAMS 0x000000070d000000, 0x000000070cc00000| Untracked 
| 564|0x000000070d000000, 0x000000070d400000, 0x000000070d400000|100%| O|  |TAMS 0x000000070d400000, 0x000000070d000000| Untracked 
| 565|0x000000070d400000, 0x000000070d800000, 0x000000070d800000|100%| O|  |TAMS 0x000000070d800000, 0x000000070d400000| Updating 
| 566|0x000000070d800000, 0x000000070dc00000, 0x000000070dc00000|100%| O|  |TAMS 0x000000070dc00000, 0x000000070d800000| Untracked 
| 567|0x000000070dc00000, 0x000000070e000000, 0x000000070e000000|100%| O|  |TAMS 0x000000070e000000, 0x000000070dc00000| Untracked 
| 568|0x000000070e000000, 0x000000070e400000, 0x000000070e400000|100%| O|  |TAMS 0x000000070e400000, 0x000000070e000000| Updating 
| 569|0x000000070e400000, 0x000000070e800000, 0x000000070e800000|100%| O|  |TAMS 0x000000070e800000, 0x000000070e400000| Updating 
| 570|0x000000070e800000, 0x000000070ec00000, 0x000000070ec00000|100%| O|  |TAMS 0x000000070ec00000, 0x000000070e800000| Updating 
| 571|0x000000070ec00000, 0x000000070f000000, 0x000000070f000000|100%| O|  |TAMS 0x000000070f000000, 0x000000070ec00000| Updating 
| 572|0x000000070f000000, 0x000000070f400000, 0x000000070f400000|100%| O|  |TAMS 0x000000070f400000, 0x000000070f000000| Updating 
| 573|0x000000070f400000, 0x000000070f800000, 0x000000070f800000|100%| O|  |TAMS 0x000000070f800000, 0x000000070f400000| Updating 
| 574|0x000000070f800000, 0x000000070fc00000, 0x000000070fc00000|100%| O|  |TAMS 0x000000070fc00000, 0x000000070f800000| Untracked 
| 575|0x000000070fc00000, 0x0000000710000000, 0x0000000710000000|100%| O|  |TAMS 0x0000000710000000, 0x000000070fc00000| Untracked 
| 576|0x0000000710000000, 0x0000000710400000, 0x0000000710400000|100%| O|  |TAMS 0x0000000710400000, 0x0000000710000000| Untracked 
| 577|0x0000000710400000, 0x0000000710800000, 0x0000000710800000|100%| O|  |TAMS 0x0000000710800000, 0x0000000710400000| Untracked 
| 578|0x0000000710800000, 0x0000000710c00000, 0x0000000710c00000|100%| O|  |TAMS 0x0000000710c00000, 0x0000000710800000| Untracked 
| 579|0x0000000710c00000, 0x0000000711000000, 0x0000000711000000|100%| O|  |TAMS 0x0000000711000000, 0x0000000710c00000| Updating 
| 580|0x0000000711000000, 0x0000000711400000, 0x0000000711400000|100%| O|  |TAMS 0x0000000711400000, 0x0000000711000000| Updating 
| 581|0x0000000711400000, 0x0000000711800000, 0x0000000711800000|100%| O|  |TAMS 0x0000000711800000, 0x0000000711400000| Untracked 
| 582|0x0000000711800000, 0x0000000711c00000, 0x0000000711c00000|100%| O|  |TAMS 0x0000000711c00000, 0x0000000711800000| Updating 
| 583|0x0000000711c00000, 0x0000000712000000, 0x0000000712000000|100%| O|  |TAMS 0x0000000712000000, 0x0000000711c00000| Updating 
| 584|0x0000000712000000, 0x0000000712400000, 0x0000000712400000|100%| O|  |TAMS 0x0000000712400000, 0x0000000712000000| Untracked 
| 585|0x0000000712400000, 0x0000000712800000, 0x0000000712800000|100%| O|  |TAMS 0x0000000712800000, 0x0000000712400000| Untracked 
| 586|0x0000000712800000, 0x0000000712c00000, 0x0000000712c00000|100%| O|  |TAMS 0x0000000712c00000, 0x0000000712800000| Untracked 
| 587|0x0000000712c00000, 0x0000000713000000, 0x0000000713000000|100%| O|  |TAMS 0x0000000713000000, 0x0000000712c00000| Updating 
| 588|0x0000000713000000, 0x0000000713400000, 0x0000000713400000|100%| O|  |TAMS 0x0000000713400000, 0x0000000713000000| Updating 
| 589|0x0000000713400000, 0x0000000713800000, 0x0000000713800000|100%| O|  |TAMS 0x0000000713800000, 0x0000000713400000| Updating 
| 590|0x0000000713800000, 0x0000000713c00000, 0x0000000713c00000|100%| O|  |TAMS 0x0000000713c00000, 0x0000000713800000| Untracked 
| 591|0x0000000713c00000, 0x0000000714000000, 0x0000000714000000|100%| O|  |TAMS 0x0000000714000000, 0x0000000713c00000| Untracked 
| 592|0x0000000714000000, 0x0000000714400000, 0x0000000714400000|100%| O|  |TAMS 0x0000000714400000, 0x0000000714000000| Untracked 
| 593|0x0000000714400000, 0x0000000714800000, 0x0000000714800000|100%| O|  |TAMS 0x0000000714800000, 0x0000000714400000| Untracked 
| 594|0x0000000714800000, 0x0000000714c00000, 0x0000000714c00000|100%| O|  |TAMS 0x0000000714c00000, 0x0000000714800000| Untracked 
| 595|0x0000000714c00000, 0x0000000715000000, 0x0000000715000000|100%| O|  |TAMS 0x0000000715000000, 0x0000000714c00000| Untracked 
| 596|0x0000000715000000, 0x0000000715400000, 0x0000000715400000|100%| O|  |TAMS 0x0000000715400000, 0x0000000715000000| Untracked 
| 597|0x0000000715400000, 0x0000000715800000, 0x0000000715800000|100%| O|  |TAMS 0x0000000715800000, 0x0000000715400000| Untracked 
| 598|0x0000000715800000, 0x0000000715c00000, 0x0000000715c00000|100%| O|  |TAMS 0x0000000715c00000, 0x0000000715800000| Updating 
| 599|0x0000000715c00000, 0x0000000716000000, 0x0000000716000000|100%| O|  |TAMS 0x0000000716000000, 0x0000000715c00000| Updating 
| 600|0x0000000716000000, 0x0000000716400000, 0x0000000716400000|100%| O|  |TAMS 0x0000000716400000, 0x0000000716000000| Updating 
| 601|0x0000000716400000, 0x0000000716400000, 0x0000000716800000|  0%| F|  |TAMS 0x0000000716400000, 0x0000000716400000| Untracked 
| 602|0x0000000716800000, 0x0000000716c00000, 0x0000000716c00000|100%|HS|  |TAMS 0x0000000716c00000, 0x0000000716800000| Complete 
| 603|0x0000000716c00000, 0x0000000717000000, 0x0000000717000000|100%| O|  |TAMS 0x0000000717000000, 0x0000000716c00000| Untracked 
| 604|0x0000000717000000, 0x0000000717400000, 0x0000000717400000|100%| O|  |TAMS 0x0000000717400000, 0x0000000717000000| Untracked 
| 605|0x0000000717400000, 0x0000000717800000, 0x0000000717800000|100%| O|  |TAMS 0x0000000717800000, 0x0000000717400000| Untracked 
| 606|0x0000000717800000, 0x0000000717c00000, 0x0000000717c00000|100%| O|  |TAMS 0x0000000717c00000, 0x0000000717800000| Untracked 
| 607|0x0000000717c00000, 0x0000000718000000, 0x0000000718000000|100%| O|  |TAMS 0x0000000718000000, 0x0000000717c00000| Untracked 
| 608|0x0000000718000000, 0x0000000718400000, 0x0000000718400000|100%| O|  |TAMS 0x0000000718400000, 0x0000000718000000| Untracked 
| 609|0x0000000718400000, 0x0000000718800000, 0x0000000718800000|100%| O|  |TAMS 0x0000000718800000, 0x0000000718400000| Untracked 
| 610|0x0000000718800000, 0x0000000718c00000, 0x0000000718c00000|100%| O|  |TAMS 0x0000000718c00000, 0x0000000718800000| Untracked 
| 611|0x0000000718c00000, 0x0000000719000000, 0x0000000719000000|100%| O|  |TAMS 0x0000000719000000, 0x0000000718c00000| Untracked 
| 612|0x0000000719000000, 0x0000000719400000, 0x0000000719400000|100%| O|  |TAMS 0x0000000719400000, 0x0000000719000000| Untracked 
| 613|0x0000000719400000, 0x0000000719800000, 0x0000000719800000|100%| O|  |TAMS 0x0000000719800000, 0x0000000719400000| Untracked 
| 614|0x0000000719800000, 0x0000000719c00000, 0x0000000719c00000|100%| O|  |TAMS 0x0000000719c00000, 0x0000000719800000| Untracked 
| 615|0x0000000719c00000, 0x000000071a000000, 0x000000071a000000|100%| O|  |TAMS 0x000000071a000000, 0x0000000719c00000| Updating 
| 616|0x000000071a000000, 0x000000071a400000, 0x000000071a400000|100%| O|  |TAMS 0x000000071a400000, 0x000000071a000000| Updating 
| 617|0x000000071a400000, 0x000000071a800000, 0x000000071a800000|100%| O|  |TAMS 0x000000071a800000, 0x000000071a400000| Untracked 
| 618|0x000000071a800000, 0x000000071ac00000, 0x000000071ac00000|100%| O|  |TAMS 0x000000071ac00000, 0x000000071a800000| Untracked 
| 619|0x000000071ac00000, 0x000000071b000000, 0x000000071b000000|100%| O|  |TAMS 0x000000071b000000, 0x000000071ac00000| Untracked 
| 620|0x000000071b000000, 0x000000071b400000, 0x000000071b400000|100%| O|  |TAMS 0x000000071b400000, 0x000000071b000000| Untracked 
| 621|0x000000071b400000, 0x000000071b800000, 0x000000071b800000|100%| O|  |TAMS 0x000000071b800000, 0x000000071b400000| Untracked 
| 622|0x000000071b800000, 0x000000071bc00000, 0x000000071bc00000|100%| O|  |TAMS 0x000000071bc00000, 0x000000071b800000| Untracked 
| 623|0x000000071bc00000, 0x000000071c000000, 0x000000071c000000|100%| O|  |TAMS 0x000000071c000000, 0x000000071bc00000| Untracked 
| 624|0x000000071c000000, 0x000000071c400000, 0x000000071c400000|100%| O|  |TAMS 0x000000071c400000, 0x000000071c000000| Updating 
| 625|0x000000071c400000, 0x000000071c800000, 0x000000071c800000|100%| O|  |TAMS 0x000000071c800000, 0x000000071c400000| Untracked 
| 626|0x000000071c800000, 0x000000071cc00000, 0x000000071cc00000|100%| O|  |TAMS 0x000000071cc00000, 0x000000071c800000| Untracked 
| 627|0x000000071cc00000, 0x000000071d000000, 0x000000071d000000|100%| O|  |TAMS 0x000000071d000000, 0x000000071cc00000| Updating 
| 628|0x000000071d000000, 0x000000071d400000, 0x000000071d400000|100%| O|  |TAMS 0x000000071d400000, 0x000000071d000000| Updating 
| 629|0x000000071d400000, 0x000000071d800000, 0x000000071d800000|100%| O|  |TAMS 0x000000071d800000, 0x000000071d400000| Updating 
| 630|0x000000071d800000, 0x000000071dc00000, 0x000000071dc00000|100%| O|  |TAMS 0x000000071dc00000, 0x000000071d800000| Updating 
| 631|0x000000071dc00000, 0x000000071e000000, 0x000000071e000000|100%|HS|  |TAMS 0x000000071e000000, 0x000000071dc00000| Complete 
| 632|0x000000071e000000, 0x000000071e400000, 0x000000071e400000|100%|HC|  |TAMS 0x000000071e400000, 0x000000071e000000| Complete 
| 633|0x000000071e400000, 0x000000071e800000, 0x000000071e800000|100%| O|  |TAMS 0x000000071e800000, 0x000000071e400000| Untracked 
| 634|0x000000071e800000, 0x000000071ec00000, 0x000000071ec00000|100%| O|  |TAMS 0x000000071ec00000, 0x000000071e800000| Untracked 
| 635|0x000000071ec00000, 0x000000071f000000, 0x000000071f000000|100%| O|  |TAMS 0x000000071f000000, 0x000000071ec00000| Untracked 
| 636|0x000000071f000000, 0x000000071f400000, 0x000000071f400000|100%| O|  |TAMS 0x000000071f400000, 0x000000071f000000| Untracked 
| 637|0x000000071f400000, 0x000000071f800000, 0x000000071f800000|100%| O|  |TAMS 0x000000071f800000, 0x000000071f400000| Untracked 
| 638|0x000000071f800000, 0x000000071fc00000, 0x000000071fc00000|100%| O|  |TAMS 0x000000071fc00000, 0x000000071f800000| Untracked 
| 639|0x000000071fc00000, 0x0000000720000000, 0x0000000720000000|100%| O|  |TAMS 0x0000000720000000, 0x000000071fc00000| Untracked 
| 640|0x0000000720000000, 0x0000000720400000, 0x0000000720400000|100%| O|  |TAMS 0x0000000720400000, 0x0000000720000000| Untracked 
| 641|0x0000000720400000, 0x0000000720800000, 0x0000000720800000|100%| O|  |TAMS 0x0000000720800000, 0x0000000720400000| Untracked 
| 642|0x0000000720800000, 0x0000000720c00000, 0x0000000720c00000|100%| O|  |TAMS 0x0000000720c00000, 0x0000000720800000| Untracked 
| 643|0x0000000720c00000, 0x0000000721000000, 0x0000000721000000|100%| O|  |TAMS 0x0000000721000000, 0x0000000720c00000| Untracked 
| 644|0x0000000721000000, 0x0000000721400000, 0x0000000721400000|100%| O|  |TAMS 0x0000000721400000, 0x0000000721000000| Untracked 
| 645|0x0000000721400000, 0x0000000721800000, 0x0000000721800000|100%| O|  |TAMS 0x0000000721800000, 0x0000000721400000| Untracked 
| 646|0x0000000721800000, 0x0000000721c00000, 0x0000000721c00000|100%| O|  |TAMS 0x0000000721c00000, 0x0000000721800000| Untracked 
| 647|0x0000000721c00000, 0x0000000722000000, 0x0000000722000000|100%| O|  |TAMS 0x0000000722000000, 0x0000000721c00000| Untracked 
| 648|0x0000000722000000, 0x0000000722400000, 0x0000000722400000|100%| O|  |TAMS 0x0000000722400000, 0x0000000722000000| Untracked 
| 649|0x0000000722400000, 0x0000000722800000, 0x0000000722800000|100%| O|  |TAMS 0x0000000722800000, 0x0000000722400000| Untracked 
| 650|0x0000000722800000, 0x0000000722c00000, 0x0000000722c00000|100%| O|  |TAMS 0x0000000722c00000, 0x0000000722800000| Untracked 
| 651|0x0000000722c00000, 0x0000000723000000, 0x0000000723000000|100%| O|  |TAMS 0x0000000723000000, 0x0000000722c00000| Untracked 
| 652|0x0000000723000000, 0x0000000723400000, 0x0000000723400000|100%| O|  |TAMS 0x0000000723400000, 0x0000000723000000| Untracked 
| 653|0x0000000723400000, 0x0000000723800000, 0x0000000723800000|100%| O|  |TAMS 0x0000000723800000, 0x0000000723400000| Updating 
| 654|0x0000000723800000, 0x0000000723800000, 0x0000000723c00000|  0%| F|  |TAMS 0x0000000723800000, 0x0000000723800000| Untracked 
| 655|0x0000000723c00000, 0x0000000724000000, 0x0000000724000000|100%| O|  |TAMS 0x0000000724000000, 0x0000000723c00000| Untracked 
| 656|0x0000000724000000, 0x0000000724400000, 0x0000000724400000|100%| O|  |TAMS 0x0000000724400000, 0x0000000724000000| Untracked 
| 657|0x0000000724400000, 0x0000000724800000, 0x0000000724800000|100%| O|  |TAMS 0x0000000724800000, 0x0000000724400000| Untracked 
| 658|0x0000000724800000, 0x0000000724c00000, 0x0000000724c00000|100%| O|  |TAMS 0x0000000724c00000, 0x0000000724800000| Untracked 
| 659|0x0000000724c00000, 0x0000000725000000, 0x0000000725000000|100%| O|  |TAMS 0x0000000725000000, 0x0000000724c00000| Untracked 
| 660|0x0000000725000000, 0x0000000725400000, 0x0000000725400000|100%| O|  |TAMS 0x0000000725400000, 0x0000000725000000| Untracked 
| 661|0x0000000725400000, 0x0000000725800000, 0x0000000725800000|100%| O|  |TAMS 0x0000000725800000, 0x0000000725400000| Untracked 
| 662|0x0000000725800000, 0x0000000725c00000, 0x0000000725c00000|100%| O|  |TAMS 0x0000000725c00000, 0x0000000725800000| Untracked 
| 663|0x0000000725c00000, 0x0000000726000000, 0x0000000726000000|100%| O|  |TAMS 0x0000000726000000, 0x0000000725c00000| Untracked 
| 664|0x0000000726000000, 0x0000000726400000, 0x0000000726400000|100%| O|  |TAMS 0x0000000726400000, 0x0000000726000000| Untracked 
| 665|0x0000000726400000, 0x0000000726800000, 0x0000000726800000|100%| O|  |TAMS 0x0000000726800000, 0x0000000726400000| Untracked 
| 666|0x0000000726800000, 0x0000000726c00000, 0x0000000726c00000|100%| O|  |TAMS 0x0000000726c00000, 0x0000000726800000| Untracked 
| 667|0x0000000726c00000, 0x0000000727000000, 0x0000000727000000|100%| O|  |TAMS 0x0000000727000000, 0x0000000726c00000| Untracked 
| 668|0x0000000727000000, 0x0000000727400000, 0x0000000727400000|100%| O|  |TAMS 0x0000000727400000, 0x0000000727000000| Updating 
| 669|0x0000000727400000, 0x0000000727800000, 0x0000000727800000|100%| O|  |TAMS 0x0000000727800000, 0x0000000727400000| Untracked 
| 670|0x0000000727800000, 0x0000000727c00000, 0x0000000727c00000|100%|HS|  |TAMS 0x0000000727c00000, 0x0000000727800000| Complete 
| 671|0x0000000727c00000, 0x0000000728000000, 0x0000000728000000|100%| O|  |TAMS 0x0000000728000000, 0x0000000727c00000| Untracked 
| 672|0x0000000728000000, 0x0000000728400000, 0x0000000728400000|100%| O|  |TAMS 0x0000000728400000, 0x0000000728000000| Untracked 
| 673|0x0000000728400000, 0x0000000728800000, 0x0000000728800000|100%| O|  |TAMS 0x0000000728800000, 0x0000000728400000| Untracked 
| 674|0x0000000728800000, 0x0000000728c00000, 0x0000000728c00000|100%| O|  |TAMS 0x0000000728c00000, 0x0000000728800000| Untracked 
| 675|0x0000000728c00000, 0x0000000729000000, 0x0000000729000000|100%| O|  |TAMS 0x0000000729000000, 0x0000000728c00000| Updating 
| 676|0x0000000729000000, 0x0000000729400000, 0x0000000729400000|100%| O|  |TAMS 0x0000000729400000, 0x0000000729000000| Updating 
| 677|0x0000000729400000, 0x0000000729800000, 0x0000000729800000|100%| O|  |TAMS 0x0000000729800000, 0x0000000729400000| Updating 
| 678|0x0000000729800000, 0x0000000729c00000, 0x0000000729c00000|100%| O|  |TAMS 0x0000000729c00000, 0x0000000729800000| Untracked 
| 679|0x0000000729c00000, 0x000000072a000000, 0x000000072a000000|100%| O|  |TAMS 0x000000072a000000, 0x0000000729c00000| Updating 
| 680|0x000000072a000000, 0x000000072a400000, 0x000000072a400000|100%| O|  |TAMS 0x000000072a400000, 0x000000072a000000| Updating 
| 681|0x000000072a400000, 0x000000072a800000, 0x000000072a800000|100%| O|  |TAMS 0x000000072a800000, 0x000000072a400000| Updating 
| 682|0x000000072a800000, 0x000000072ac00000, 0x000000072ac00000|100%| O|  |TAMS 0x000000072ac00000, 0x000000072a800000| Untracked 
| 683|0x000000072ac00000, 0x000000072b000000, 0x000000072b000000|100%| O|  |TAMS 0x000000072b000000, 0x000000072ac00000| Updating 
| 684|0x000000072b000000, 0x000000072b400000, 0x000000072b400000|100%| O|  |TAMS 0x000000072b400000, 0x000000072b000000| Updating 
| 685|0x000000072b400000, 0x000000072b800000, 0x000000072b800000|100%| O|  |TAMS 0x000000072b800000, 0x000000072b400000| Updating 
| 686|0x000000072b800000, 0x000000072bc00000, 0x000000072bc00000|100%| O|  |TAMS 0x000000072bc00000, 0x000000072b800000| Updating 
| 687|0x000000072bc00000, 0x000000072c000000, 0x000000072c000000|100%| O|  |TAMS 0x000000072c000000, 0x000000072bc00000| Updating 
| 688|0x000000072c000000, 0x000000072c000000, 0x000000072c400000|  0%| F|  |TAMS 0x000000072c000000, 0x000000072c000000| Untracked 
| 689|0x000000072c400000, 0x000000072c400000, 0x000000072c800000|  0%| F|  |TAMS 0x000000072c400000, 0x000000072c400000| Untracked 
| 690|0x000000072c800000, 0x000000072cc00000, 0x000000072cc00000|100%| O|  |TAMS 0x000000072cc00000, 0x000000072c800000| Updating 
| 691|0x000000072cc00000, 0x000000072cc00000, 0x000000072d000000|  0%| F|  |TAMS 0x000000072cc00000, 0x000000072cc00000| Untracked 
| 692|0x000000072d000000, 0x000000072d400000, 0x000000072d400000|100%| O|  |TAMS 0x000000072d400000, 0x000000072d000000| Untracked 
| 693|0x000000072d400000, 0x000000072d800000, 0x000000072d800000|100%| O|  |TAMS 0x000000072d800000, 0x000000072d400000| Untracked 
| 694|0x000000072d800000, 0x000000072dc00000, 0x000000072dc00000|100%| O|  |TAMS 0x000000072dc00000, 0x000000072d800000| Untracked 
| 695|0x000000072dc00000, 0x000000072e000000, 0x000000072e000000|100%| O|  |TAMS 0x000000072e000000, 0x000000072dc00000| Updating 
| 696|0x000000072e000000, 0x000000072e400000, 0x000000072e400000|100%| O|  |TAMS 0x000000072e400000, 0x000000072e000000| Updating 
| 697|0x000000072e400000, 0x000000072e800000, 0x000000072e800000|100%| O|  |TAMS 0x000000072e800000, 0x000000072e400000| Updating 
| 698|0x000000072e800000, 0x000000072ec00000, 0x000000072ec00000|100%| O|  |TAMS 0x000000072ec00000, 0x000000072e800000| Updating 
| 699|0x000000072ec00000, 0x000000072f000000, 0x000000072f000000|100%| O|  |TAMS 0x000000072f000000, 0x000000072ec00000| Updating 
| 700|0x000000072f000000, 0x000000072f400000, 0x000000072f400000|100%| O|  |TAMS 0x000000072f400000, 0x000000072f000000| Updating 
| 701|0x000000072f400000, 0x000000072f800000, 0x000000072f800000|100%| O|  |TAMS 0x000000072f800000, 0x000000072f400000| Updating 
| 702|0x000000072f800000, 0x000000072f800000, 0x000000072fc00000|  0%| F|  |TAMS 0x000000072f800000, 0x000000072f800000| Untracked 
| 703|0x000000072fc00000, 0x000000072fc00000, 0x0000000730000000|  0%| F|  |TAMS 0x000000072fc00000, 0x000000072fc00000| Untracked 
| 704|0x0000000730000000, 0x0000000730400000, 0x0000000730400000|100%| O|  |TAMS 0x0000000730400000, 0x0000000730000000| Updating 
| 705|0x0000000730400000, 0x0000000730400000, 0x0000000730800000|  0%| F|  |TAMS 0x0000000730400000, 0x0000000730400000| Untracked 
| 706|0x0000000730800000, 0x0000000730800000, 0x0000000730c00000|  0%| F|  |TAMS 0x0000000730800000, 0x0000000730800000| Untracked 
| 707|0x0000000730c00000, 0x0000000731000000, 0x0000000731000000|100%| O|  |TAMS 0x0000000731000000, 0x0000000730c00000| Untracked 
| 708|0x0000000731000000, 0x0000000731400000, 0x0000000731400000|100%| O|  |TAMS 0x0000000731400000, 0x0000000731000000| Untracked 
| 709|0x0000000731400000, 0x0000000731800000, 0x0000000731800000|100%| O|  |TAMS 0x0000000731800000, 0x0000000731400000| Updating 
| 710|0x0000000731800000, 0x0000000731c00000, 0x0000000731c00000|100%| O|  |TAMS 0x0000000731c00000, 0x0000000731800000| Untracked 
| 711|0x0000000731c00000, 0x0000000732000000, 0x0000000732000000|100%| O|  |TAMS 0x0000000732000000, 0x0000000731c00000| Untracked 
| 712|0x0000000732000000, 0x0000000732400000, 0x0000000732400000|100%| O|  |TAMS 0x0000000732400000, 0x0000000732000000| Updating 
| 713|0x0000000732400000, 0x0000000732800000, 0x0000000732800000|100%| O|  |TAMS 0x0000000732800000, 0x0000000732400000| Untracked 
| 714|0x0000000732800000, 0x0000000732c00000, 0x0000000732c00000|100%| O|  |TAMS 0x0000000732c00000, 0x0000000732800000| Untracked 
| 715|0x0000000732c00000, 0x0000000733000000, 0x0000000733000000|100%| O|  |TAMS 0x0000000733000000, 0x0000000732c00000| Untracked 
| 716|0x0000000733000000, 0x0000000733400000, 0x0000000733400000|100%| O|  |TAMS 0x0000000733400000, 0x0000000733000000| Updating 
| 717|0x0000000733400000, 0x0000000733800000, 0x0000000733800000|100%| O|  |TAMS 0x0000000733800000, 0x0000000733400000| Updating 
| 718|0x0000000733800000, 0x0000000733c00000, 0x0000000733c00000|100%| O|  |TAMS 0x0000000733c00000, 0x0000000733800000| Updating 
| 719|0x0000000733c00000, 0x0000000733c00000, 0x0000000734000000|  0%| F|  |TAMS 0x0000000733c00000, 0x0000000733c00000| Untracked 
| 720|0x0000000734000000, 0x0000000734000000, 0x0000000734400000|  0%| F|  |TAMS 0x0000000734000000, 0x0000000734000000| Untracked 
| 721|0x0000000734400000, 0x0000000734400000, 0x0000000734800000|  0%| F|  |TAMS 0x0000000734400000, 0x0000000734400000| Untracked 
| 722|0x0000000734800000, 0x0000000734c00000, 0x0000000734c00000|100%| O|  |TAMS 0x0000000734c00000, 0x0000000734800000| Updating 
| 723|0x0000000734c00000, 0x0000000735000000, 0x0000000735000000|100%|HS|  |TAMS 0x0000000735000000, 0x0000000734c00000| Complete 
| 724|0x0000000735000000, 0x0000000735400000, 0x0000000735400000|100%|HC|  |TAMS 0x0000000735400000, 0x0000000735000000| Complete 
| 725|0x0000000735400000, 0x0000000735400000, 0x0000000735800000|  0%| F|  |TAMS 0x0000000735400000, 0x0000000735400000| Untracked 
| 726|0x0000000735800000, 0x0000000735c00000, 0x0000000735c00000|100%|HS|  |TAMS 0x0000000735c00000, 0x0000000735800000| Complete 
| 727|0x0000000735c00000, 0x0000000736000000, 0x0000000736000000|100%| O|  |TAMS 0x0000000736000000, 0x0000000735c00000| Updating 
| 728|0x0000000736000000, 0x0000000736400000, 0x0000000736400000|100%| O|  |TAMS 0x0000000736400000, 0x0000000736000000| Untracked 
| 729|0x0000000736400000, 0x0000000736800000, 0x0000000736800000|100%| O|  |TAMS 0x0000000736800000, 0x0000000736400000| Untracked 
| 730|0x0000000736800000, 0x0000000736c00000, 0x0000000736c00000|100%| O|  |TAMS 0x0000000736c00000, 0x0000000736800000| Untracked 
| 731|0x0000000736c00000, 0x0000000737000000, 0x0000000737000000|100%| O|  |TAMS 0x0000000737000000, 0x0000000736c00000| Untracked 
| 732|0x0000000737000000, 0x0000000737400000, 0x0000000737400000|100%| O|  |TAMS 0x0000000737400000, 0x0000000737000000| Untracked 
| 733|0x0000000737400000, 0x0000000737800000, 0x0000000737800000|100%| O|  |TAMS 0x0000000737800000, 0x0000000737400000| Untracked 
| 734|0x0000000737800000, 0x0000000737c00000, 0x0000000737c00000|100%| O|  |TAMS 0x0000000737c00000, 0x0000000737800000| Untracked 
| 735|0x0000000737c00000, 0x0000000738000000, 0x0000000738000000|100%| O|  |TAMS 0x0000000738000000, 0x0000000737c00000| Untracked 
| 736|0x0000000738000000, 0x0000000738400000, 0x0000000738400000|100%| O|  |TAMS 0x0000000738400000, 0x0000000738000000| Untracked 
| 737|0x0000000738400000, 0x0000000738800000, 0x0000000738800000|100%| O|  |TAMS 0x0000000738800000, 0x0000000738400000| Untracked 
| 738|0x0000000738800000, 0x0000000738c00000, 0x0000000738c00000|100%| O|  |TAMS 0x0000000738c00000, 0x0000000738800000| Untracked 
| 739|0x0000000738c00000, 0x0000000739000000, 0x0000000739000000|100%| O|  |TAMS 0x0000000739000000, 0x0000000738c00000| Untracked 
| 740|0x0000000739000000, 0x0000000739400000, 0x0000000739400000|100%| O|  |TAMS 0x0000000739400000, 0x0000000739000000| Untracked 
| 741|0x0000000739400000, 0x0000000739800000, 0x0000000739800000|100%| O|  |TAMS 0x0000000739800000, 0x0000000739400000| Untracked 
| 742|0x0000000739800000, 0x0000000739c00000, 0x0000000739c00000|100%| O|  |TAMS 0x0000000739c00000, 0x0000000739800000| Untracked 
| 743|0x0000000739c00000, 0x000000073a000000, 0x000000073a000000|100%| O|  |TAMS 0x000000073a000000, 0x0000000739c00000| Untracked 
| 744|0x000000073a000000, 0x000000073a400000, 0x000000073a400000|100%| O|  |TAMS 0x000000073a400000, 0x000000073a000000| Untracked 
| 745|0x000000073a400000, 0x000000073a6b6800, 0x000000073a800000| 67%| O|  |TAMS 0x000000073a6b6800, 0x000000073a400000| Updating 
| 746|0x000000073a800000, 0x000000073ac00000, 0x000000073ac00000|100%|HS|  |TAMS 0x000000073a800000, 0x000000073a800000| Complete 
| 747|0x000000073ac00000, 0x000000073b000000, 0x000000073b000000|100%|HS|  |TAMS 0x000000073ac00000, 0x000000073ac00000| Complete 
| 748|0x000000073b000000, 0x000000073b400000, 0x000000073b400000|100%|HC|  |TAMS 0x000000073b000000, 0x000000073b000000| Complete 
| 749|0x000000073b400000, 0x000000073b800000, 0x000000073b800000|100%|HS|  |TAMS 0x000000073b400000, 0x000000073b400000| Complete 
| 750|0x000000073b800000, 0x000000073bc00000, 0x000000073bc00000|100%|HS|  |TAMS 0x000000073b800000, 0x000000073b800000| Complete 
| 751|0x000000073bc00000, 0x000000073bc00000, 0x000000073c000000|  0%| F|  |TAMS 0x000000073bc00000, 0x000000073bc00000| Untracked 
| 752|0x000000073c000000, 0x000000073c000000, 0x000000073c400000|  0%| F|  |TAMS 0x000000073c000000, 0x000000073c000000| Untracked 
| 753|0x000000073c400000, 0x000000073c400000, 0x000000073c800000|  0%| F|  |TAMS 0x000000073c400000, 0x000000073c400000| Untracked 
| 754|0x000000073c800000, 0x000000073c800000, 0x000000073cc00000|  0%| F|  |TAMS 0x000000073c800000, 0x000000073c800000| Untracked 
| 755|0x000000073cc00000, 0x000000073cc00000, 0x000000073d000000|  0%| F|  |TAMS 0x000000073cc00000, 0x000000073cc00000| Untracked 
| 756|0x000000073d000000, 0x000000073d000000, 0x000000073d400000|  0%| F|  |TAMS 0x000000073d000000, 0x000000073d000000| Untracked 
| 757|0x000000073d400000, 0x000000073d400000, 0x000000073d800000|  0%| F|  |TAMS 0x000000073d400000, 0x000000073d400000| Untracked 
| 758|0x000000073d800000, 0x000000073d800000, 0x000000073dc00000|  0%| F|  |TAMS 0x000000073d800000, 0x000000073d800000| Untracked 
| 759|0x000000073dc00000, 0x000000073dc00000, 0x000000073e000000|  0%| F|  |TAMS 0x000000073dc00000, 0x000000073dc00000| Untracked 
| 760|0x000000073e000000, 0x000000073e000000, 0x000000073e400000|  0%| F|  |TAMS 0x000000073e000000, 0x000000073e000000| Untracked 
| 761|0x000000073e400000, 0x000000073e400000, 0x000000073e800000|  0%| F|  |TAMS 0x000000073e400000, 0x000000073e400000| Untracked 
| 762|0x000000073e800000, 0x000000073e800000, 0x000000073ec00000|  0%| F|  |TAMS 0x000000073e800000, 0x000000073e800000| Untracked 
| 763|0x000000073ec00000, 0x000000073ec00000, 0x000000073f000000|  0%| F|  |TAMS 0x000000073ec00000, 0x000000073ec00000| Untracked 
| 764|0x000000073f000000, 0x000000073f000000, 0x000000073f400000|  0%| F|  |TAMS 0x000000073f000000, 0x000000073f000000| Untracked 
| 765|0x000000073f400000, 0x000000073f400000, 0x000000073f800000|  0%| F|  |TAMS 0x000000073f400000, 0x000000073f400000| Untracked 
| 766|0x000000073f800000, 0x000000073f800000, 0x000000073fc00000|  0%| F|  |TAMS 0x000000073f800000, 0x000000073f800000| Untracked 
| 767|0x000000073fc00000, 0x000000073fc00000, 0x0000000740000000|  0%| F|  |TAMS 0x000000073fc00000, 0x000000073fc00000| Untracked 
| 768|0x0000000740000000, 0x0000000740000000, 0x0000000740400000|  0%| F|  |TAMS 0x0000000740000000, 0x0000000740000000| Untracked 
| 769|0x0000000740400000, 0x0000000740400000, 0x0000000740800000|  0%| F|  |TAMS 0x0000000740400000, 0x0000000740400000| Untracked 
| 770|0x0000000740800000, 0x0000000740800000, 0x0000000740c00000|  0%| F|  |TAMS 0x0000000740800000, 0x0000000740800000| Untracked 
| 771|0x0000000740c00000, 0x0000000740c00000, 0x0000000741000000|  0%| F|  |TAMS 0x0000000740c00000, 0x0000000740c00000| Untracked 
| 772|0x0000000741000000, 0x0000000741000000, 0x0000000741400000|  0%| F|  |TAMS 0x0000000741000000, 0x0000000741000000| Untracked 
| 773|0x0000000741400000, 0x0000000741400000, 0x0000000741800000|  0%| F|  |TAMS 0x0000000741400000, 0x0000000741400000| Untracked 
| 774|0x0000000741800000, 0x0000000741800000, 0x0000000741c00000|  0%| F|  |TAMS 0x0000000741800000, 0x0000000741800000| Untracked 
| 775|0x0000000741c00000, 0x0000000741c00000, 0x0000000742000000|  0%| F|  |TAMS 0x0000000741c00000, 0x0000000741c00000| Untracked 
| 776|0x0000000742000000, 0x0000000742000000, 0x0000000742400000|  0%| F|  |TAMS 0x0000000742000000, 0x0000000742000000| Untracked 
| 777|0x0000000742400000, 0x0000000742400000, 0x0000000742800000|  0%| F|  |TAMS 0x0000000742400000, 0x0000000742400000| Untracked 
| 778|0x0000000742800000, 0x0000000742800000, 0x0000000742c00000|  0%| F|  |TAMS 0x0000000742800000, 0x0000000742800000| Untracked 
| 779|0x0000000742c00000, 0x0000000742c00000, 0x0000000743000000|  0%| F|  |TAMS 0x0000000742c00000, 0x0000000742c00000| Untracked 
| 780|0x0000000743000000, 0x0000000743000000, 0x0000000743400000|  0%| F|  |TAMS 0x0000000743000000, 0x0000000743000000| Untracked 
| 781|0x0000000743400000, 0x0000000743400000, 0x0000000743800000|  0%| F|  |TAMS 0x0000000743400000, 0x0000000743400000| Untracked 
| 782|0x0000000743800000, 0x0000000743800000, 0x0000000743c00000|  0%| F|  |TAMS 0x0000000743800000, 0x0000000743800000| Untracked 
| 783|0x0000000743c00000, 0x0000000743c00000, 0x0000000744000000|  0%| F|  |TAMS 0x0000000743c00000, 0x0000000743c00000| Untracked 
| 784|0x0000000744000000, 0x0000000744000000, 0x0000000744400000|  0%| F|  |TAMS 0x0000000744000000, 0x0000000744000000| Untracked 
| 785|0x0000000744400000, 0x0000000744400000, 0x0000000744800000|  0%| F|  |TAMS 0x0000000744400000, 0x0000000744400000| Untracked 
| 786|0x0000000744800000, 0x0000000744800000, 0x0000000744c00000|  0%| F|  |TAMS 0x0000000744800000, 0x0000000744800000| Untracked 
| 787|0x0000000744c00000, 0x0000000744c00000, 0x0000000745000000|  0%| F|  |TAMS 0x0000000744c00000, 0x0000000744c00000| Untracked 
| 788|0x0000000745000000, 0x0000000745000000, 0x0000000745400000|  0%| F|  |TAMS 0x0000000745000000, 0x0000000745000000| Untracked 
| 789|0x0000000745400000, 0x0000000745400000, 0x0000000745800000|  0%| F|  |TAMS 0x0000000745400000, 0x0000000745400000| Untracked 
| 790|0x0000000745800000, 0x0000000745800000, 0x0000000745c00000|  0%| F|  |TAMS 0x0000000745800000, 0x0000000745800000| Untracked 
| 791|0x0000000745c00000, 0x0000000745c00000, 0x0000000746000000|  0%| F|  |TAMS 0x0000000745c00000, 0x0000000745c00000| Untracked 
| 792|0x0000000746000000, 0x0000000746000000, 0x0000000746400000|  0%| F|  |TAMS 0x0000000746000000, 0x0000000746000000| Untracked 
| 793|0x0000000746400000, 0x0000000746400000, 0x0000000746800000|  0%| F|  |TAMS 0x0000000746400000, 0x0000000746400000| Untracked 
| 794|0x0000000746800000, 0x0000000746800000, 0x0000000746c00000|  0%| F|  |TAMS 0x0000000746800000, 0x0000000746800000| Untracked 
| 795|0x0000000746c00000, 0x0000000746c00000, 0x0000000747000000|  0%| F|  |TAMS 0x0000000746c00000, 0x0000000746c00000| Untracked 
| 796|0x0000000747000000, 0x0000000747000000, 0x0000000747400000|  0%| F|  |TAMS 0x0000000747000000, 0x0000000747000000| Untracked 
| 797|0x0000000747400000, 0x0000000747400000, 0x0000000747800000|  0%| F|  |TAMS 0x0000000747400000, 0x0000000747400000| Untracked 
| 798|0x0000000747800000, 0x0000000747960b20, 0x0000000747c00000| 34%| S|CS|TAMS 0x0000000747800000, 0x0000000747800000| Complete 
| 799|0x0000000747c00000, 0x0000000748000000, 0x0000000748000000|100%| S|CS|TAMS 0x0000000747c00000, 0x0000000747c00000| Complete 
| 800|0x0000000748000000, 0x0000000748400000, 0x0000000748400000|100%| S|CS|TAMS 0x0000000748000000, 0x0000000748000000| Complete 
| 801|0x0000000748400000, 0x0000000748800000, 0x0000000748800000|100%| S|CS|TAMS 0x0000000748400000, 0x0000000748400000| Complete 
| 802|0x0000000748800000, 0x0000000748c00000, 0x0000000748c00000|100%| S|CS|TAMS 0x0000000748800000, 0x0000000748800000| Complete 
| 803|0x0000000748c00000, 0x0000000749000000, 0x0000000749000000|100%| S|CS|TAMS 0x0000000748c00000, 0x0000000748c00000| Complete 
| 804|0x0000000749000000, 0x0000000749400000, 0x0000000749400000|100%| S|CS|TAMS 0x0000000749000000, 0x0000000749000000| Complete 
| 805|0x0000000749400000, 0x0000000749400000, 0x0000000749800000|  0%| F|  |TAMS 0x0000000749400000, 0x0000000749400000| Untracked 
| 806|0x0000000749800000, 0x0000000749800000, 0x0000000749c00000|  0%| F|  |TAMS 0x0000000749800000, 0x0000000749800000| Untracked 
| 807|0x0000000749c00000, 0x0000000749c00000, 0x000000074a000000|  0%| F|  |TAMS 0x0000000749c00000, 0x0000000749c00000| Untracked 
| 808|0x000000074a000000, 0x000000074a000000, 0x000000074a400000|  0%| F|  |TAMS 0x000000074a000000, 0x000000074a000000| Untracked 
| 809|0x000000074a400000, 0x000000074a400000, 0x000000074a800000|  0%| F|  |TAMS 0x000000074a400000, 0x000000074a400000| Untracked 
| 810|0x000000074a800000, 0x000000074a800000, 0x000000074ac00000|  0%| F|  |TAMS 0x000000074a800000, 0x000000074a800000| Untracked 
| 811|0x000000074ac00000, 0x000000074ac00000, 0x000000074b000000|  0%| F|  |TAMS 0x000000074ac00000, 0x000000074ac00000| Untracked 
| 812|0x000000074b000000, 0x000000074b000000, 0x000000074b400000|  0%| F|  |TAMS 0x000000074b000000, 0x000000074b000000| Untracked 
| 813|0x000000074b400000, 0x000000074b800000, 0x000000074b800000|100%| S|CS|TAMS 0x000000074b400000, 0x000000074b400000| Complete 
| 814|0x000000074b800000, 0x000000074bc00000, 0x000000074bc00000|100%| S|CS|TAMS 0x000000074b800000, 0x000000074b800000| Complete 
| 815|0x000000074bc00000, 0x000000074bc00000, 0x000000074c000000|  0%| F|  |TAMS 0x000000074bc00000, 0x000000074bc00000| Untracked 
| 816|0x000000074c000000, 0x000000074c000000, 0x000000074c400000|  0%| F|  |TAMS 0x000000074c000000, 0x000000074c000000| Untracked 
| 817|0x000000074c400000, 0x000000074c800000, 0x000000074c800000|100%| S|CS|TAMS 0x000000074c400000, 0x000000074c400000| Complete 
| 818|0x000000074c800000, 0x000000074cc00000, 0x000000074cc00000|100%| S|CS|TAMS 0x000000074c800000, 0x000000074c800000| Complete 
| 819|0x000000074cc00000, 0x000000074d000000, 0x000000074d000000|100%| S|CS|TAMS 0x000000074cc00000, 0x000000074cc00000| Complete 
| 820|0x000000074d000000, 0x000000074d400000, 0x000000074d400000|100%| S|CS|TAMS 0x000000074d000000, 0x000000074d000000| Complete 
| 821|0x000000074d400000, 0x000000074d800000, 0x000000074d800000|100%| S|CS|TAMS 0x000000074d400000, 0x000000074d400000| Complete 
| 822|0x000000074d800000, 0x000000074dc00000, 0x000000074dc00000|100%| S|CS|TAMS 0x000000074d800000, 0x000000074d800000| Complete 
| 823|0x000000074dc00000, 0x000000074e000000, 0x000000074e000000|100%| S|CS|TAMS 0x000000074dc00000, 0x000000074dc00000| Complete 
| 824|0x000000074e000000, 0x000000074e400000, 0x000000074e400000|100%| S|CS|TAMS 0x000000074e000000, 0x000000074e000000| Complete 
| 825|0x000000074e400000, 0x000000074e400000, 0x000000074e800000|  0%| F|  |TAMS 0x000000074e400000, 0x000000074e400000| Untracked 
| 826|0x000000074e800000, 0x000000074e800000, 0x000000074ec00000|  0%| F|  |TAMS 0x000000074e800000, 0x000000074e800000| Untracked 
| 827|0x000000074ec00000, 0x000000074ec00000, 0x000000074f000000|  0%| F|  |TAMS 0x000000074ec00000, 0x000000074ec00000| Untracked 
| 828|0x000000074f000000, 0x000000074f000000, 0x000000074f400000|  0%| F|  |TAMS 0x000000074f000000, 0x000000074f000000| Untracked 
| 829|0x000000074f400000, 0x000000074f400000, 0x000000074f800000|  0%| F|  |TAMS 0x000000074f400000, 0x000000074f400000| Untracked 
| 830|0x000000074f800000, 0x000000074f800000, 0x000000074fc00000|  0%| F|  |TAMS 0x000000074f800000, 0x000000074f800000| Untracked 
| 831|0x000000074fc00000, 0x000000074fc00000, 0x0000000750000000|  0%| F|  |TAMS 0x000000074fc00000, 0x000000074fc00000| Untracked 
| 832|0x0000000750000000, 0x0000000750000000, 0x0000000750400000|  0%| F|  |TAMS 0x0000000750000000, 0x0000000750000000| Untracked 
| 833|0x0000000750400000, 0x0000000750400000, 0x0000000750800000|  0%| F|  |TAMS 0x0000000750400000, 0x0000000750400000| Untracked 
| 834|0x0000000750800000, 0x0000000750800000, 0x0000000750c00000|  0%| F|  |TAMS 0x0000000750800000, 0x0000000750800000| Untracked 
| 835|0x0000000750c00000, 0x0000000750c00000, 0x0000000751000000|  0%| F|  |TAMS 0x0000000750c00000, 0x0000000750c00000| Untracked 
| 836|0x0000000751000000, 0x0000000751000000, 0x0000000751400000|  0%| F|  |TAMS 0x0000000751000000, 0x0000000751000000| Untracked 
| 837|0x0000000751400000, 0x0000000751400000, 0x0000000751800000|  0%| F|  |TAMS 0x0000000751400000, 0x0000000751400000| Untracked 
| 838|0x0000000751800000, 0x0000000751c00000, 0x0000000751c00000|100%| E|  |TAMS 0x0000000751800000, 0x0000000751800000| Complete 
| 839|0x0000000751c00000, 0x0000000752000000, 0x0000000752000000|100%| E|CS|TAMS 0x0000000751c00000, 0x0000000751c00000| Complete 
| 840|0x0000000752000000, 0x0000000752400000, 0x0000000752400000|100%| E|CS|TAMS 0x0000000752000000, 0x0000000752000000| Complete 
| 841|0x0000000752400000, 0x0000000752800000, 0x0000000752800000|100%| E|CS|TAMS 0x0000000752400000, 0x0000000752400000| Complete 
| 842|0x0000000752800000, 0x0000000752c00000, 0x0000000752c00000|100%| E|CS|TAMS 0x0000000752800000, 0x0000000752800000| Complete 
| 843|0x0000000752c00000, 0x0000000753000000, 0x0000000753000000|100%| E|CS|TAMS 0x0000000752c00000, 0x0000000752c00000| Complete 
| 844|0x0000000753000000, 0x0000000753400000, 0x0000000753400000|100%| E|CS|TAMS 0x0000000753000000, 0x0000000753000000| Complete 
| 845|0x0000000753400000, 0x0000000753800000, 0x0000000753800000|100%| E|CS|TAMS 0x0000000753400000, 0x0000000753400000| Complete 
| 846|0x0000000753800000, 0x0000000753c00000, 0x0000000753c00000|100%| E|CS|TAMS 0x0000000753800000, 0x0000000753800000| Complete 
| 847|0x0000000753c00000, 0x0000000754000000, 0x0000000754000000|100%| E|CS|TAMS 0x0000000753c00000, 0x0000000753c00000| Complete 
| 848|0x0000000754000000, 0x0000000754400000, 0x0000000754400000|100%| E|CS|TAMS 0x0000000754000000, 0x0000000754000000| Complete 
| 849|0x0000000754400000, 0x0000000754800000, 0x0000000754800000|100%| E|CS|TAMS 0x0000000754400000, 0x0000000754400000| Complete 
| 850|0x0000000754800000, 0x0000000754c00000, 0x0000000754c00000|100%| E|CS|TAMS 0x0000000754800000, 0x0000000754800000| Complete 
| 851|0x0000000754c00000, 0x0000000755000000, 0x0000000755000000|100%| E|CS|TAMS 0x0000000754c00000, 0x0000000754c00000| Complete 
| 852|0x0000000755000000, 0x0000000755400000, 0x0000000755400000|100%| E|CS|TAMS 0x0000000755000000, 0x0000000755000000| Complete 
| 853|0x0000000755400000, 0x0000000755800000, 0x0000000755800000|100%| E|CS|TAMS 0x0000000755400000, 0x0000000755400000| Complete 
| 854|0x0000000755800000, 0x0000000755c00000, 0x0000000755c00000|100%| E|CS|TAMS 0x0000000755800000, 0x0000000755800000| Complete 
| 855|0x0000000755c00000, 0x0000000756000000, 0x0000000756000000|100%| E|CS|TAMS 0x0000000755c00000, 0x0000000755c00000| Complete 
| 856|0x0000000756000000, 0x0000000756400000, 0x0000000756400000|100%| E|CS|TAMS 0x0000000756000000, 0x0000000756000000| Complete 
| 857|0x0000000756400000, 0x0000000756800000, 0x0000000756800000|100%| E|CS|TAMS 0x0000000756400000, 0x0000000756400000| Complete 
| 858|0x0000000756800000, 0x0000000756c00000, 0x0000000756c00000|100%| E|CS|TAMS 0x0000000756800000, 0x0000000756800000| Complete 
| 859|0x0000000756c00000, 0x0000000757000000, 0x0000000757000000|100%| E|CS|TAMS 0x0000000756c00000, 0x0000000756c00000| Complete 
| 860|0x0000000757000000, 0x0000000757400000, 0x0000000757400000|100%| E|CS|TAMS 0x0000000757000000, 0x0000000757000000| Complete 
| 861|0x0000000757400000, 0x0000000757800000, 0x0000000757800000|100%| E|CS|TAMS 0x0000000757400000, 0x0000000757400000| Complete 
| 862|0x0000000757800000, 0x0000000757c00000, 0x0000000757c00000|100%| E|CS|TAMS 0x0000000757800000, 0x0000000757800000| Complete 
| 863|0x0000000757c00000, 0x0000000758000000, 0x0000000758000000|100%| E|CS|TAMS 0x0000000757c00000, 0x0000000757c00000| Complete 
| 864|0x0000000758000000, 0x0000000758400000, 0x0000000758400000|100%| E|CS|TAMS 0x0000000758000000, 0x0000000758000000| Complete 
| 865|0x0000000758400000, 0x0000000758800000, 0x0000000758800000|100%| E|CS|TAMS 0x0000000758400000, 0x0000000758400000| Complete 
| 866|0x0000000758800000, 0x0000000758c00000, 0x0000000758c00000|100%| E|CS|TAMS 0x0000000758800000, 0x0000000758800000| Complete 
| 867|0x0000000758c00000, 0x0000000759000000, 0x0000000759000000|100%| E|CS|TAMS 0x0000000758c00000, 0x0000000758c00000| Complete 
| 868|0x0000000759000000, 0x0000000759400000, 0x0000000759400000|100%| E|CS|TAMS 0x0000000759000000, 0x0000000759000000| Complete 
| 869|0x0000000759400000, 0x0000000759800000, 0x0000000759800000|100%| E|CS|TAMS 0x0000000759400000, 0x0000000759400000| Complete 
| 870|0x0000000759800000, 0x0000000759c00000, 0x0000000759c00000|100%| E|CS|TAMS 0x0000000759800000, 0x0000000759800000| Complete 
| 871|0x0000000759c00000, 0x000000075a000000, 0x000000075a000000|100%| E|CS|TAMS 0x0000000759c00000, 0x0000000759c00000| Complete 
| 872|0x000000075a000000, 0x000000075a400000, 0x000000075a400000|100%| E|CS|TAMS 0x000000075a000000, 0x000000075a000000| Complete 
| 873|0x000000075a400000, 0x000000075a800000, 0x000000075a800000|100%| E|CS|TAMS 0x000000075a400000, 0x000000075a400000| Complete 
| 874|0x000000075a800000, 0x000000075ac00000, 0x000000075ac00000|100%| E|CS|TAMS 0x000000075a800000, 0x000000075a800000| Complete 
| 875|0x000000075ac00000, 0x000000075b000000, 0x000000075b000000|100%| E|CS|TAMS 0x000000075ac00000, 0x000000075ac00000| Complete 
| 876|0x000000075b000000, 0x000000075b400000, 0x000000075b400000|100%| E|CS|TAMS 0x000000075b000000, 0x000000075b000000| Complete 
| 877|0x000000075b400000, 0x000000075b800000, 0x000000075b800000|100%| E|CS|TAMS 0x000000075b400000, 0x000000075b400000| Complete 
| 878|0x000000075b800000, 0x000000075bc00000, 0x000000075bc00000|100%| E|CS|TAMS 0x000000075b800000, 0x000000075b800000| Complete 
| 879|0x000000075bc00000, 0x000000075c000000, 0x000000075c000000|100%| E|CS|TAMS 0x000000075bc00000, 0x000000075bc00000| Complete 
| 880|0x000000075c000000, 0x000000075c400000, 0x000000075c400000|100%| E|CS|TAMS 0x000000075c000000, 0x000000075c000000| Complete 
| 881|0x000000075c400000, 0x000000075c800000, 0x000000075c800000|100%| E|CS|TAMS 0x000000075c400000, 0x000000075c400000| Complete 
| 882|0x000000075c800000, 0x000000075cc00000, 0x000000075cc00000|100%| E|CS|TAMS 0x000000075c800000, 0x000000075c800000| Complete 
| 883|0x000000075cc00000, 0x000000075d000000, 0x000000075d000000|100%| E|CS|TAMS 0x000000075cc00000, 0x000000075cc00000| Complete 
| 884|0x000000075d000000, 0x000000075d400000, 0x000000075d400000|100%| E|CS|TAMS 0x000000075d000000, 0x000000075d000000| Complete 
| 885|0x000000075d400000, 0x000000075d800000, 0x000000075d800000|100%| E|CS|TAMS 0x000000075d400000, 0x000000075d400000| Complete 
| 886|0x000000075d800000, 0x000000075dc00000, 0x000000075dc00000|100%| E|CS|TAMS 0x000000075d800000, 0x000000075d800000| Complete 
| 887|0x000000075dc00000, 0x000000075e000000, 0x000000075e000000|100%| E|CS|TAMS 0x000000075dc00000, 0x000000075dc00000| Complete 
| 888|0x000000075e000000, 0x000000075e400000, 0x000000075e400000|100%| E|CS|TAMS 0x000000075e000000, 0x000000075e000000| Complete 
| 889|0x000000075e400000, 0x000000075e800000, 0x000000075e800000|100%| E|CS|TAMS 0x000000075e400000, 0x000000075e400000| Complete 
| 890|0x000000075e800000, 0x000000075ec00000, 0x000000075ec00000|100%| E|CS|TAMS 0x000000075e800000, 0x000000075e800000| Complete 
| 891|0x000000075ec00000, 0x000000075f000000, 0x000000075f000000|100%| E|CS|TAMS 0x000000075ec00000, 0x000000075ec00000| Complete 
| 892|0x000000075f000000, 0x000000075f400000, 0x000000075f400000|100%| E|CS|TAMS 0x000000075f000000, 0x000000075f000000| Complete 
| 893|0x000000075f400000, 0x000000075f800000, 0x000000075f800000|100%| E|CS|TAMS 0x000000075f400000, 0x000000075f400000| Complete 
| 894|0x000000075f800000, 0x000000075fc00000, 0x000000075fc00000|100%| E|CS|TAMS 0x000000075f800000, 0x000000075f800000| Complete 
| 895|0x000000075fc00000, 0x0000000760000000, 0x0000000760000000|100%| E|CS|TAMS 0x000000075fc00000, 0x000000075fc00000| Complete 
| 896|0x0000000760000000, 0x0000000760400000, 0x0000000760400000|100%| E|CS|TAMS 0x0000000760000000, 0x0000000760000000| Complete 
| 897|0x0000000760400000, 0x0000000760800000, 0x0000000760800000|100%| E|CS|TAMS 0x0000000760400000, 0x0000000760400000| Complete 
| 898|0x0000000760800000, 0x0000000760c00000, 0x0000000760c00000|100%| E|CS|TAMS 0x0000000760800000, 0x0000000760800000| Complete 
| 899|0x0000000760c00000, 0x0000000761000000, 0x0000000761000000|100%| E|CS|TAMS 0x0000000760c00000, 0x0000000760c00000| Complete 
| 900|0x0000000761000000, 0x0000000761400000, 0x0000000761400000|100%| E|CS|TAMS 0x0000000761000000, 0x0000000761000000| Complete 
| 901|0x0000000761400000, 0x0000000761800000, 0x0000000761800000|100%| E|CS|TAMS 0x0000000761400000, 0x0000000761400000| Complete 
| 902|0x0000000761800000, 0x0000000761c00000, 0x0000000761c00000|100%| E|CS|TAMS 0x0000000761800000, 0x0000000761800000| Complete 
| 903|0x0000000761c00000, 0x0000000762000000, 0x0000000762000000|100%| E|CS|TAMS 0x0000000761c00000, 0x0000000761c00000| Complete 
| 904|0x0000000762000000, 0x0000000762400000, 0x0000000762400000|100%| E|CS|TAMS 0x0000000762000000, 0x0000000762000000| Complete 
| 905|0x0000000762400000, 0x0000000762800000, 0x0000000762800000|100%| E|CS|TAMS 0x0000000762400000, 0x0000000762400000| Complete 
| 906|0x0000000762800000, 0x0000000762c00000, 0x0000000762c00000|100%| E|CS|TAMS 0x0000000762800000, 0x0000000762800000| Complete 
| 907|0x0000000762c00000, 0x0000000763000000, 0x0000000763000000|100%| E|CS|TAMS 0x0000000762c00000, 0x0000000762c00000| Complete 
| 908|0x0000000763000000, 0x0000000763400000, 0x0000000763400000|100%| E|CS|TAMS 0x0000000763000000, 0x0000000763000000| Complete 
| 909|0x0000000763400000, 0x0000000763800000, 0x0000000763800000|100%| E|CS|TAMS 0x0000000763400000, 0x0000000763400000| Complete 
| 910|0x0000000763800000, 0x0000000763c00000, 0x0000000763c00000|100%| E|CS|TAMS 0x0000000763800000, 0x0000000763800000| Complete 
| 911|0x0000000763c00000, 0x0000000764000000, 0x0000000764000000|100%| E|CS|TAMS 0x0000000763c00000, 0x0000000763c00000| Complete 
| 912|0x0000000764000000, 0x0000000764400000, 0x0000000764400000|100%| E|CS|TAMS 0x0000000764000000, 0x0000000764000000| Complete 
| 913|0x0000000764400000, 0x0000000764800000, 0x0000000764800000|100%| E|CS|TAMS 0x0000000764400000, 0x0000000764400000| Complete 
| 914|0x0000000764800000, 0x0000000764c00000, 0x0000000764c00000|100%| E|CS|TAMS 0x0000000764800000, 0x0000000764800000| Complete 
| 915|0x0000000764c00000, 0x0000000765000000, 0x0000000765000000|100%| E|CS|TAMS 0x0000000764c00000, 0x0000000764c00000| Complete 
| 916|0x0000000765000000, 0x0000000765400000, 0x0000000765400000|100%| E|CS|TAMS 0x0000000765000000, 0x0000000765000000| Complete 
| 917|0x0000000765400000, 0x0000000765800000, 0x0000000765800000|100%| E|CS|TAMS 0x0000000765400000, 0x0000000765400000| Complete 
| 918|0x0000000765800000, 0x0000000765c00000, 0x0000000765c00000|100%| E|CS|TAMS 0x0000000765800000, 0x0000000765800000| Complete 
| 919|0x0000000765c00000, 0x0000000766000000, 0x0000000766000000|100%| E|CS|TAMS 0x0000000765c00000, 0x0000000765c00000| Complete 
| 920|0x0000000766000000, 0x0000000766400000, 0x0000000766400000|100%| E|CS|TAMS 0x0000000766000000, 0x0000000766000000| Complete 
| 921|0x0000000766400000, 0x0000000766800000, 0x0000000766800000|100%| E|CS|TAMS 0x0000000766400000, 0x0000000766400000| Complete 
| 922|0x0000000766800000, 0x0000000766c00000, 0x0000000766c00000|100%| E|CS|TAMS 0x0000000766800000, 0x0000000766800000| Complete 
| 923|0x0000000766c00000, 0x0000000767000000, 0x0000000767000000|100%| E|CS|TAMS 0x0000000766c00000, 0x0000000766c00000| Complete 
| 924|0x0000000767000000, 0x0000000767400000, 0x0000000767400000|100%| E|CS|TAMS 0x0000000767000000, 0x0000000767000000| Complete 
| 925|0x0000000767400000, 0x0000000767800000, 0x0000000767800000|100%| E|CS|TAMS 0x0000000767400000, 0x0000000767400000| Complete 
| 926|0x0000000767800000, 0x0000000767c00000, 0x0000000767c00000|100%| E|CS|TAMS 0x0000000767800000, 0x0000000767800000| Complete 
| 927|0x0000000767c00000, 0x0000000768000000, 0x0000000768000000|100%| E|CS|TAMS 0x0000000767c00000, 0x0000000767c00000| Complete 
| 928|0x0000000768000000, 0x0000000768400000, 0x0000000768400000|100%| E|CS|TAMS 0x0000000768000000, 0x0000000768000000| Complete 
| 929|0x0000000768400000, 0x0000000768800000, 0x0000000768800000|100%| E|CS|TAMS 0x0000000768400000, 0x0000000768400000| Complete 
| 930|0x0000000768800000, 0x0000000768c00000, 0x0000000768c00000|100%| E|CS|TAMS 0x0000000768800000, 0x0000000768800000| Complete 
| 931|0x0000000768c00000, 0x0000000769000000, 0x0000000769000000|100%| E|CS|TAMS 0x0000000768c00000, 0x0000000768c00000| Complete 
| 932|0x0000000769000000, 0x0000000769400000, 0x0000000769400000|100%| E|CS|TAMS 0x0000000769000000, 0x0000000769000000| Complete 
| 933|0x0000000769400000, 0x0000000769800000, 0x0000000769800000|100%| E|CS|TAMS 0x0000000769400000, 0x0000000769400000| Complete 
| 934|0x0000000769800000, 0x0000000769c00000, 0x0000000769c00000|100%| E|CS|TAMS 0x0000000769800000, 0x0000000769800000| Complete 
| 935|0x0000000769c00000, 0x000000076a000000, 0x000000076a000000|100%| E|CS|TAMS 0x0000000769c00000, 0x0000000769c00000| Complete 
| 936|0x000000076a000000, 0x000000076a400000, 0x000000076a400000|100%| E|CS|TAMS 0x000000076a000000, 0x000000076a000000| Complete 
| 937|0x000000076a400000, 0x000000076a800000, 0x000000076a800000|100%| E|CS|TAMS 0x000000076a400000, 0x000000076a400000| Complete 
| 938|0x000000076a800000, 0x000000076ac00000, 0x000000076ac00000|100%| E|CS|TAMS 0x000000076a800000, 0x000000076a800000| Complete 
| 939|0x000000076ac00000, 0x000000076b000000, 0x000000076b000000|100%| E|CS|TAMS 0x000000076ac00000, 0x000000076ac00000| Complete 
| 940|0x000000076b000000, 0x000000076b400000, 0x000000076b400000|100%| E|CS|TAMS 0x000000076b000000, 0x000000076b000000| Complete 
| 941|0x000000076b400000, 0x000000076b800000, 0x000000076b800000|100%| E|CS|TAMS 0x000000076b400000, 0x000000076b400000| Complete 
| 942|0x000000076b800000, 0x000000076bc00000, 0x000000076bc00000|100%| E|CS|TAMS 0x000000076b800000, 0x000000076b800000| Complete 
| 943|0x000000076bc00000, 0x000000076c000000, 0x000000076c000000|100%| E|CS|TAMS 0x000000076bc00000, 0x000000076bc00000| Complete 
| 944|0x000000076c000000, 0x000000076c400000, 0x000000076c400000|100%| E|CS|TAMS 0x000000076c000000, 0x000000076c000000| Complete 
| 945|0x000000076c400000, 0x000000076c800000, 0x000000076c800000|100%| E|CS|TAMS 0x000000076c400000, 0x000000076c400000| Complete 
| 946|0x000000076c800000, 0x000000076cc00000, 0x000000076cc00000|100%| E|CS|TAMS 0x000000076c800000, 0x000000076c800000| Complete 
| 947|0x000000076cc00000, 0x000000076d000000, 0x000000076d000000|100%| E|CS|TAMS 0x000000076cc00000, 0x000000076cc00000| Complete 
| 948|0x000000076d000000, 0x000000076d400000, 0x000000076d400000|100%| E|CS|TAMS 0x000000076d000000, 0x000000076d000000| Complete 
| 949|0x000000076d400000, 0x000000076d800000, 0x000000076d800000|100%| E|CS|TAMS 0x000000076d400000, 0x000000076d400000| Complete 
| 950|0x000000076d800000, 0x000000076dc00000, 0x000000076dc00000|100%| E|CS|TAMS 0x000000076d800000, 0x000000076d800000| Complete 
| 951|0x000000076dc00000, 0x000000076e000000, 0x000000076e000000|100%| E|CS|TAMS 0x000000076dc00000, 0x000000076dc00000| Complete 
| 952|0x000000076e000000, 0x000000076e400000, 0x000000076e400000|100%| E|CS|TAMS 0x000000076e000000, 0x000000076e000000| Complete 
| 953|0x000000076e400000, 0x000000076e800000, 0x000000076e800000|100%| E|CS|TAMS 0x000000076e400000, 0x000000076e400000| Complete 
| 954|0x000000076e800000, 0x000000076ec00000, 0x000000076ec00000|100%| E|CS|TAMS 0x000000076e800000, 0x000000076e800000| Complete 
| 955|0x000000076ec00000, 0x000000076f000000, 0x000000076f000000|100%| E|CS|TAMS 0x000000076ec00000, 0x000000076ec00000| Complete 
|1533|0x00000007ff400000, 0x00000007ff800000, 0x00000007ff800000|100%| O|  |TAMS 0x00000007ff800000, 0x00000007ff400000| Updating 
|1534|0x00000007ff800000, 0x00000007ffc00000, 0x00000007ffc00000|100%| E|CS|TAMS 0x00000007ff800000, 0x00000007ff800000| Complete 
|1535|0x00000007ffc00000, 0x0000000800000000, 0x0000000800000000|100%| E|CS|TAMS 0x00000007ffc00000, 0x00000007ffc00000| Complete 

Card table byte_map: [0x0000020bfb6b0000,0x0000020bfc2b0000] _byte_map_base: 0x0000020bf82b0000

Marking Bits (Prev, Next): (CMBitMap*) 0x0000020be18ce870, (CMBitMap*) 0x0000020be18ce830
 Prev Bits: [0x0000020b86000000, 0x0000020b8c000000)
 Next Bits: [0x0000020b80000000, 0x0000020b86000000)

Polling page: 0x0000020be1980000

Metaspace:

Usage:
  Non-class:    211.97 MB used.
      Class:     29.59 MB used.
       Both:    241.56 MB used.

Virtual space:
  Non-class space:      256.00 MB reserved,     212.88 MB ( 83%) committed,  4 nodes.
      Class space:      416.00 MB reserved,      30.44 MB (  7%) committed,  1 nodes.
             Both:      672.00 MB reserved,     243.31 MB ( 36%) committed. 

Chunk freelists:
   Non-Class:  10.89 MB
       Class:  1.58 MB
        Both:  12.47 MB

MaxMetaspaceSize: 512.00 MB
CompressedClassSpaceSize: 416.00 MB
Initial GC threshold: 512.00 MB
Current GC threshold: 512.00 MB
CDS: on
MetaspaceReclaimPolicy: balanced
 - commit_granule_bytes: 65536.
 - commit_granule_words: 8192.
 - virtual_space_node_default_size: 8388608.
 - enlarge_chunks_in_place: 1.
 - new_chunks_are_fully_committed: 0.
 - uncommit_free_chunks: 1.
 - use_allocation_guard: 0.
 - handle_deallocations: 1.


Internal statistics:

num_allocs_failed_limit: 0.
num_arena_births: 2908.
num_arena_deaths: 14.
num_vsnodes_births: 5.
num_vsnodes_deaths: 0.
num_space_committed: 3887.
num_space_uncommitted: 0.
num_chunks_returned_to_freelist: 19.
num_chunks_taken_from_freelist: 13177.
num_chunk_merges: 3.
num_chunk_splits: 9252.
num_chunks_enlarged: 6580.
num_inconsistent_stats: 0.

CodeHeap 'non-profiled nmethods': size=120000Kb used=64043Kb max_used=64043Kb free=55956Kb
 bounds [0x0000020bf3030000, 0x0000020bf6ec0000, 0x0000020bfa560000]
CodeHeap 'profiled nmethods': size=120000Kb used=95748Kb max_used=96219Kb free=24251Kb
 bounds [0x0000020beb560000, 0x0000020bf13a0000, 0x0000020bf2a90000]
CodeHeap 'non-nmethods': size=5760Kb used=2641Kb max_used=2735Kb free=3118Kb
 bounds [0x0000020bf2a90000, 0x0000020bf2d50000, 0x0000020bf3030000]
 total_blobs=47552 nmethods=46352 adapters=1106
 compilation: enabled
              stopped_count=0, restarted_count=0
 full_count=0

Compilation events (20 events):
Event: 415.038 Thread 0x0000020bff701600 nmethod 68057 0x0000020bf6eb4d90 code [0x0000020bf6eb4f00, 0x0000020bf6eb4f78]
Event: 415.038 Thread 0x0000020bff703fd0 68058       3       com.android.tools.r8.internal.ck::a (37 bytes)
Event: 415.038 Thread 0x0000020bff701600 68059       4       com.android.tools.r8.internal.m::a (29 bytes)
Event: 415.040 Thread 0x0000020bff703fd0 nmethod 68058 0x0000020bf0eebe90 code [0x0000020bf0eec0e0, 0x0000020bf0eec998]
Event: 415.193 Thread 0x0000020bff701600 nmethod 68059 0x0000020bf6eb5090 code [0x0000020bf6eb5220, 0x0000020bf6eb5338]
Event: 415.210 Thread 0x0000020bff701600 68060       4       com.android.tools.r8.internal.zI::a (46 bytes)
Event: 415.329 Thread 0x0000020bff701600 nmethod 68060 0x0000020bf6eb5510 code [0x0000020bf6eb56e0, 0x0000020bf6eb61b8]
Event: 415.329 Thread 0x0000020bff701600 68061 %     4       com.android.tools.r8.internal.Js::toString @ 25 (76 bytes)
Event: 415.361 Thread 0x0000020bff701600 nmethod 68061% 0x0000020bf6eb6a10 code [0x0000020bf6eb6c00, 0x0000020bf6eb7ae8]
Event: 415.361 Thread 0x0000020bff701600 68064       4       java.util.ArrayDeque::forEach (93 bytes)
Event: 415.363 Thread 0x0000020bff701600 nmethod 68064 0x0000020bf6eb8290 code [0x0000020bf6eb8440, 0x0000020bf6eb86f8]
Event: 415.363 Thread 0x0000020bff701600 68062       4       com.android.tools.r8.graph.H2::a (6 bytes)
Event: 415.375 Thread 0x0000020bff701600 nmethod 68062 0x0000020bf6eb8a10 code [0x0000020bf6eb8bc0, 0x0000020bf6eb8db8]
Event: 415.375 Thread 0x0000020bff701600 68063       4       com.android.tools.r8.utils.structural.i$$Lambda$4016/0x0000020b8ee57748::a (5 bytes)
Event: 415.375 Thread 0x0000020bff701600 nmethod 68063 0x0000020bf6eb9110 code [0x0000020bf6eb9280, 0x0000020bf6eb92f8]
Event: 419.653 Thread 0x0000020bff701600 68065       4       java.io.ObjectOutputStream$BlockDataOutputStream::writeBlockHeader (70 bytes)
Event: 419.676 Thread 0x0000020bff701600 nmethod 68065 0x0000020bf6eb9410 code [0x0000020bf6eb95e0, 0x0000020bf6eba5d8]
Event: 419.982 Thread 0x0000020bff701600 68066       4       com.android.tools.r8.internal.Hg0::d (18 bytes)
Event: 419.984 Thread 0x0000020bff701600 nmethod 68066 0x0000020bf6ebab90 code [0x0000020bf6ebad20, 0x0000020bf6ebae98]
Event: 420.248 Thread 0x0000020bff701600 68067   !   4       java.security.Provider$Service::newInstance (354 bytes)

GC Heap History (20 events):
Event: 379.868 GC heap before
{Heap before GC invocations=116 (full 0):
 garbage-first heap   total 3928064K, used 3404101K [0x0000000680000000, 0x0000000800000000)
  region size 4096K, 160 young (655360K), 21 survivors (86016K)
 Metaspace       used 247241K, committed 249088K, reserved 688128K
  class space    used 30291K, committed 31168K, reserved 425984K
}
Event: 379.927 GC heap after
{Heap after GC invocations=117 (full 0):
 garbage-first heap   total 3928064K, used 2846973K [0x0000000680000000, 0x0000000800000000)
  region size 4096K, 4 young (16384K), 4 survivors (16384K)
 Metaspace       used 247241K, committed 249088K, reserved 688128K
  class space    used 30291K, committed 31168K, reserved 425984K
}
Event: 383.373 GC heap before
{Heap before GC invocations=117 (full 0):
 garbage-first heap   total 3928064K, used 3428605K [0x0000000680000000, 0x0000000800000000)
  region size 4096K, 145 young (593920K), 4 survivors (16384K)
 Metaspace       used 247265K, committed 249088K, reserved 688128K
  class space    used 30293K, committed 31168K, reserved 425984K
}
Event: 383.408 GC heap after
{Heap after GC invocations=118 (full 0):
 garbage-first heap   total 3928064K, used 2892561K [0x0000000680000000, 0x0000000800000000)
  region size 4096K, 14 young (57344K), 14 survivors (57344K)
 Metaspace       used 247265K, committed 249088K, reserved 688128K
  class space    used 30293K, committed 31168K, reserved 425984K
}
Event: 384.760 GC heap before
{Heap before GC invocations=118 (full 0):
 garbage-first heap   total 3928064K, used 3420945K [0x0000000680000000, 0x0000000800000000)
  region size 4096K, 143 young (585728K), 14 survivors (57344K)
 Metaspace       used 247278K, committed 249088K, reserved 688128K
  class space    used 30295K, committed 31168K, reserved 425984K
}
Event: 384.804 GC heap after
{Heap after GC invocations=119 (full 0):
 garbage-first heap   total 3928064K, used 2918794K [0x0000000680000000, 0x0000000800000000)
  region size 4096K, 7 young (28672K), 7 survivors (28672K)
 Metaspace       used 247278K, committed 249088K, reserved 688128K
  class space    used 30295K, committed 31168K, reserved 425984K
}
Event: 388.571 GC heap before
{Heap before GC invocations=119 (full 0):
 garbage-first heap   total 3928064K, used 3479946K [0x0000000680000000, 0x0000000800000000)
  region size 4096K, 143 young (585728K), 7 survivors (28672K)
 Metaspace       used 247319K, committed 249152K, reserved 688128K
  class space    used 30297K, committed 31168K, reserved 425984K
}
Event: 388.618 GC heap after
{Heap after GC invocations=120 (full 0):
 garbage-first heap   total 3928064K, used 2963236K [0x0000000680000000, 0x0000000800000000)
  region size 4096K, 17 young (69632K), 17 survivors (69632K)
 Metaspace       used 247319K, committed 249152K, reserved 688128K
  class space    used 30297K, committed 31168K, reserved 425984K
}
Event: 391.403 GC heap before
{Heap before GC invocations=120 (full 0):
 garbage-first heap   total 3928064K, used 3483428K [0x0000000680000000, 0x0000000800000000)
  region size 4096K, 143 young (585728K), 17 survivors (69632K)
 Metaspace       used 247335K, committed 249152K, reserved 688128K
  class space    used 30297K, committed 31168K, reserved 425984K
}
Event: 391.462 GC heap after
{Heap after GC invocations=121 (full 0):
 garbage-first heap   total 3928064K, used 2993039K [0x0000000680000000, 0x0000000800000000)
  region size 4096K, 7 young (28672K), 7 survivors (28672K)
 Metaspace       used 247335K, committed 249152K, reserved 688128K
  class space    used 30297K, committed 31168K, reserved 425984K
}
Event: 394.352 GC heap before
{Heap before GC invocations=121 (full 0):
 garbage-first heap   total 3928064K, used 3558287K [0x0000000680000000, 0x0000000800000000)
  region size 4096K, 143 young (585728K), 7 survivors (28672K)
 Metaspace       used 247341K, committed 249152K, reserved 688128K
  class space    used 30297K, committed 31168K, reserved 425984K
}
Event: 394.381 GC heap after
{Heap after GC invocations=122 (full 0):
 garbage-first heap   total 3928064K, used 3016748K [0x0000000680000000, 0x0000000800000000)
  region size 4096K, 11 young (45056K), 11 survivors (45056K)
 Metaspace       used 247341K, committed 249152K, reserved 688128K
  class space    used 30297K, committed 31168K, reserved 425984K
}
Event: 399.788 GC heap before
{Heap before GC invocations=122 (full 0):
 garbage-first heap   total 3928064K, used 3565612K [0x0000000680000000, 0x0000000800000000)
  region size 4096K, 143 young (585728K), 11 survivors (45056K)
 Metaspace       used 247350K, committed 249152K, reserved 688128K
  class space    used 30297K, committed 31168K, reserved 425984K
}
Event: 399.837 GC heap after
{Heap after GC invocations=123 (full 0):
 garbage-first heap   total 3928064K, used 3059712K [0x0000000680000000, 0x0000000800000000)
  region size 4096K, 18 young (73728K), 18 survivors (73728K)
 Metaspace       used 247350K, committed 249152K, reserved 688128K
  class space    used 30297K, committed 31168K, reserved 425984K
}
Event: 401.751 GC heap before
{Heap before GC invocations=123 (full 0):
 garbage-first heap   total 3928064K, used 3571712K [0x0000000680000000, 0x0000000800000000)
  region size 4096K, 143 young (585728K), 18 survivors (73728K)
 Metaspace       used 247351K, committed 249152K, reserved 688128K
  class space    used 30297K, committed 31168K, reserved 425984K
}
Event: 401.833 GC heap after
{Heap after GC invocations=124 (full 0):
 garbage-first heap   total 3928064K, used 3095258K [0x0000000680000000, 0x0000000800000000)
  region size 4096K, 9 young (36864K), 9 survivors (36864K)
 Metaspace       used 247351K, committed 249152K, reserved 688128K
  class space    used 30297K, committed 31168K, reserved 425984K
}
Event: 404.364 GC heap before
{Heap before GC invocations=124 (full 0):
 garbage-first heap   total 3928064K, used 3644122K [0x0000000680000000, 0x0000000800000000)
  region size 4096K, 143 young (585728K), 9 survivors (36864K)
 Metaspace       used 247362K, committed 249152K, reserved 688128K
  class space    used 30299K, committed 31168K, reserved 425984K
}
Event: 404.426 GC heap after
{Heap after GC invocations=125 (full 0):
 garbage-first heap   total 3928064K, used 3096040K [0x0000000680000000, 0x0000000800000000)
  region size 4096K, 10 young (40960K), 10 survivors (40960K)
 Metaspace       used 247362K, committed 249152K, reserved 688128K
  class space    used 30299K, committed 31168K, reserved 425984K
}
Event: 413.302 GC heap before
{Heap before GC invocations=125 (full 0):
 garbage-first heap   total 3928064K, used 3653096K [0x0000000680000000, 0x0000000800000000)
  region size 4096K, 143 young (585728K), 10 survivors (40960K)
 Metaspace       used 247362K, committed 249152K, reserved 688128K
  class space    used 30299K, committed 31168K, reserved 425984K
}
Event: 413.390 GC heap after
{Heap after GC invocations=126 (full 0):
 garbage-first heap   total 3928064K, used 3137628K [0x0000000680000000, 0x0000000800000000)
  region size 4096K, 17 young (69632K), 17 survivors (69632K)
 Metaspace       used 247362K, committed 249152K, reserved 688128K
  class space    used 30299K, committed 31168K, reserved 425984K
}

Dll operation events (15 events):
Event: 0.021 Loaded shared library C:\Users\ivanp\AppData\Local\Programs\Eclipse Adoptium\jdk-17.0.19.10-hotspot\bin\java.dll
Event: 0.043 Loaded shared library C:\Users\ivanp\AppData\Local\Programs\Eclipse Adoptium\jdk-17.0.19.10-hotspot\bin\jsvml.dll
Event: 0.138 Loaded shared library C:\Users\ivanp\AppData\Local\Programs\Eclipse Adoptium\jdk-17.0.19.10-hotspot\bin\zip.dll
Event: 0.144 Loaded shared library C:\Users\ivanp\AppData\Local\Programs\Eclipse Adoptium\jdk-17.0.19.10-hotspot\bin\instrument.dll
Event: 0.149 Loaded shared library C:\Users\ivanp\AppData\Local\Programs\Eclipse Adoptium\jdk-17.0.19.10-hotspot\bin\net.dll
Event: 0.155 Loaded shared library C:\Users\ivanp\AppData\Local\Programs\Eclipse Adoptium\jdk-17.0.19.10-hotspot\bin\nio.dll
Event: 0.165 Loaded shared library C:\Users\ivanp\AppData\Local\Programs\Eclipse Adoptium\jdk-17.0.19.10-hotspot\bin\zip.dll
Event: 0.631 Loaded shared library C:\Users\ivanp\AppData\Local\Programs\Eclipse Adoptium\jdk-17.0.19.10-hotspot\bin\jimage.dll
Event: 0.732 Loaded shared library C:\Users\ivanp\AppData\Local\Programs\Eclipse Adoptium\jdk-17.0.19.10-hotspot\bin\verify.dll
Event: 0.998 Loaded shared library C:\Users\ivanp\.gradle\native\c067742578af261105cb4f569cf0c3c89f3d7b1fecec35dd04571415982c5e48\windows-amd64\native-platform.dll
Event: 1.012 Loaded shared library C:\Users\ivanp\.gradle\native\38dada09dfb8b06ba9b0570ebf7e218e3eb74d4ef43ca46872605cf95ebc2f47\windows-amd64\native-platform-file-events.dll
Event: 3.144 Loaded shared library C:\Users\ivanp\AppData\Local\Programs\Eclipse Adoptium\jdk-17.0.19.10-hotspot\bin\management.dll
Event: 3.149 Loaded shared library C:\Users\ivanp\AppData\Local\Programs\Eclipse Adoptium\jdk-17.0.19.10-hotspot\bin\management_ext.dll
Event: 3.575 Loaded shared library C:\Users\ivanp\AppData\Local\Programs\Eclipse Adoptium\jdk-17.0.19.10-hotspot\bin\extnet.dll
Event: 4.330 Loaded shared library C:\Users\ivanp\AppData\Local\Programs\Eclipse Adoptium\jdk-17.0.19.10-hotspot\bin\sunmscapi.dll

Deoptimization events (20 events):
Event: 402.843 Thread 0x0000020bb1fd9920 Uncommon trap: trap_request=0xffffffc6 fr.pc=0x0000020bf6c00314 relative=0x0000000000001034
Event: 402.843 Thread 0x0000020bb1fd9920 Uncommon trap: reason=bimorphic_or_optimized_type_check action=maybe_recompile pc=0x0000020bf6c00314 method=com.android.tools.r8.graph.o3.a(Lcom/android/tools/r8/graph/C0;Lcom/android/tools/r8/graph/C0;Lcom/android/tools/r8/graph/l1;Ljava/util/Set;)Lcom/a
Event: 402.843 Thread 0x0000020bb1fd9920 DEOPT PACKING pc=0x0000020bf6c00314 sp=0x00000013938fdc30
Event: 402.843 Thread 0x0000020bb1fd9920 DEOPT UNPACKING pc=0x0000020bf2ae69a3 sp=0x00000013938fdbd0 mode 2
Event: 402.844 Thread 0x0000020bb1fd9920 Uncommon trap: trap_request=0xffffffc6 fr.pc=0x0000020bf56345e8 relative=0x0000000000000488
Event: 402.844 Thread 0x0000020bb1fd9920 Uncommon trap: reason=bimorphic_or_optimized_type_check action=maybe_recompile pc=0x0000020bf56345e8 method=com.android.tools.r8.graph.o3.a(Lcom/android/tools/r8/graph/C0;Lcom/android/tools/r8/graph/C0;Lcom/android/tools/r8/graph/l1;Ljava/util/Set;)Lcom/a
Event: 402.844 Thread 0x0000020bb1fd9920 DEOPT PACKING pc=0x0000020bf56345e8 sp=0x00000013938fdb70
Event: 402.844 Thread 0x0000020bb1fd9920 DEOPT UNPACKING pc=0x0000020bf2ae69a3 sp=0x00000013938fdb58 mode 2
Event: 411.874 Thread 0x0000020bb1fd9920 Uncommon trap: trap_request=0xffffff45 fr.pc=0x0000020bf5f8b038 relative=0x0000000000000278
Event: 411.874 Thread 0x0000020bb1fd9920 Uncommon trap: reason=unstable_if action=reinterpret pc=0x0000020bf5f8b038 method=com.android.tools.r8.graph.T4.b(Lcom/android/tools/r8/graph/V4;Lcom/android/tools/r8/graph/D2;Lcom/android/tools/r8/graph/G2;Lcom/android/tools/r8/graph/C0;)V @ 5 c2
Event: 411.874 Thread 0x0000020bb1fd9920 DEOPT PACKING pc=0x0000020bf5f8b038 sp=0x00000013938fd750
Event: 411.874 Thread 0x0000020bb1fd9920 DEOPT UNPACKING pc=0x0000020bf2ae69a3 sp=0x00000013938fd690 mode 2
Event: 412.582 Thread 0x0000020bb1fd9920 Uncommon trap: trap_request=0xffffff45 fr.pc=0x0000020bf3878e2c relative=0x000000000000018c
Event: 412.583 Thread 0x0000020bb1fd9920 Uncommon trap: reason=unstable_if action=reinterpret pc=0x0000020bf3878e2c method=com.android.tools.r8.graph.T4.b(Lcom/android/tools/r8/graph/V4;Lcom/android/tools/r8/graph/D2;Lcom/android/tools/r8/graph/G2;Lcom/android/tools/r8/graph/C0;)V @ 5 c2
Event: 412.583 Thread 0x0000020bb1fd9920 DEOPT PACKING pc=0x0000020bf3878e2c sp=0x00000013938fd6f0
Event: 412.583 Thread 0x0000020bb1fd9920 DEOPT UNPACKING pc=0x0000020bf2ae69a3 sp=0x00000013938fd6a8 mode 2
Event: 415.034 Thread 0x0000020bb9f2cda0 Uncommon trap: trap_request=0xffffff45 fr.pc=0x0000020bf5d5400c relative=0x000000000000098c
Event: 415.034 Thread 0x0000020bb9f2cda0 Uncommon trap: reason=unstable_if action=reinterpret pc=0x0000020bf5d5400c method=com.android.tools.r8.utils.structural.c.a(Ljava/util/Iterator;Ljava/util/Iterator;Lcom/android/tools/r8/utils/structural/v;)I @ 5 c2
Event: 415.034 Thread 0x0000020bb9f2cda0 DEOPT PACKING pc=0x0000020bf5d5400c sp=0x0000001393efecb0
Event: 415.035 Thread 0x0000020bb9f2cda0 DEOPT UNPACKING pc=0x0000020bf2ae69a3 sp=0x0000001393efebe8 mode 2

Classes loaded (20 events):
Event: 290.548 Loading class java/util/concurrent/Executors$PrivilegedThreadFactory$1
Event: 290.548 Loading class java/util/concurrent/Executors$PrivilegedThreadFactory$1 done
Event: 290.552 Loading class java/util/concurrent/Executors$PrivilegedThreadFactory$1$1
Event: 290.553 Loading class java/util/concurrent/Executors$PrivilegedThreadFactory$1$1 done
Event: 290.571 Loading class sun/management/NotificationEmitterSupport$ListenerInfo
Event: 290.571 Loading class sun/management/NotificationEmitterSupport$ListenerInfo done
Event: 297.919 Loading class java/util/zip/ZipOutputStream
Event: 297.920 Loading class java/util/zip/ZipOutputStream done
Event: 297.980 Loading class java/nio/file/FileTreeIterator
Event: 297.980 Loading class java/nio/file/FileTreeIterator done
Event: 305.205 Loading class java/util/IdentityHashMap$EntrySet
Event: 305.208 Loading class java/util/IdentityHashMap$EntrySet done
Event: 305.368 Loading class java/util/concurrent/ForkJoinTask$AdaptedCallable
Event: 305.371 Loading class java/util/concurrent/ForkJoinTask$AdaptedCallable done
Event: 305.376 Loading class java/util/concurrent/ForkJoinPool$DefaultForkJoinWorkerThreadFactory$1
Event: 305.377 Loading class java/util/concurrent/ForkJoinPool$DefaultForkJoinWorkerThreadFactory$1 done
Event: 305.422 Loading class java/lang/reflect/GenericSignatureFormatError
Event: 305.423 Loading class java/lang/reflect/GenericSignatureFormatError done
Event: 328.505 Loading class java/util/IdentityHashMap$ValueIterator
Event: 328.505 Loading class java/util/IdentityHashMap$ValueIterator done

Classes unloaded (7 events):
Event: 420.319 Thread 0x0000020bff6dad20 Unloading class 0x0000020b8ee61c00 'java/lang/invoke/LambdaForm$MH+0x0000020b8ee61c00'
Event: 420.320 Thread 0x0000020bff6dad20 Unloading class 0x0000020b8ee60c00 'java/lang/invoke/LambdaForm$DMH+0x0000020b8ee60c00'
Event: 420.320 Thread 0x0000020bff6dad20 Unloading class 0x0000020b8ee60400 'java/lang/invoke/LambdaForm$DMH+0x0000020b8ee60400'
Event: 420.320 Thread 0x0000020bff6dad20 Unloading class 0x0000020b8ecd5400 'java/lang/invoke/LambdaForm$DMH+0x0000020b8ecd5400'
Event: 420.320 Thread 0x0000020bff6dad20 Unloading class 0x0000020b8ecd5000 'java/lang/invoke/LambdaForm$DMH+0x0000020b8ecd5000'
Event: 420.320 Thread 0x0000020bff6dad20 Unloading class 0x0000020b8ecd4800 'java/lang/invoke/LambdaForm$DMH+0x0000020b8ecd4800'
Event: 420.320 Thread 0x0000020bff6dad20 Unloading class 0x0000020b8ecd4400 'java/lang/invoke/LambdaForm$DMH+0x0000020b8ecd4400'

Classes redefined (0 events):
No events

Internal exceptions (20 events):
Event: 335.494 Thread 0x0000020bb1fd9920 Implicit null exception at 0x0000020bf695535c to 0x0000020bf6956d78
Event: 335.978 Thread 0x0000020bb1fd9920 Implicit null exception at 0x0000020bf5d52f68 to 0x0000020bf5d54fe8
Event: 337.306 Thread 0x0000020bb1fd9920 Implicit null exception at 0x0000020bf552c728 to 0x0000020bf552d530
Event: 337.650 Thread 0x0000020bb1fd9920 Exception <a 'java/lang/NoSuchMethodError'{0x000000075f5507f8}: 'java.lang.Object java.lang.invoke.DirectMethodHandle$Holder.invokeSpecial(java.lang.Object, java.lang.Object, java.lang.Object, java.lang.Object, java.lang.Object, java.lang.Object, java.lang.Object, java.lang.Object, java.lang.Object, java.lang.Object, java.lang.Object, java.lang.Object, java.lang.Object)'> (0x000000075f5507f8) 
thrown [s\src\hotspot\share\interpreter\linkResolver.cpp, line 759]
Event: 363.674 Thread 0x0000020bb1fd9920 Implicit null exception at 0x0000020bf6a998ec to 0x0000020bf6a9dc94
Event: 371.917 Thread 0x0000020bb1fd9920 Exception <a 'java/lang/IncompatibleClassChangeError'{0x000000074fe8fd00}: Found class java.lang.Object, but interface was expected> (0x000000074fe8fd00) 
thrown [s\src\hotspot\share\interpreter\linkResolver.cpp, line 826]
Event: 371.975 Thread 0x0000020bb1fd9920 Exception <a 'java/lang/NoSuchMethodError'{0x000000074fe97950}: 'void java.lang.invoke.DirectMethodHandle$Holder.invokeInterface(java.lang.Object, java.lang.Object, java.lang.Object, int)'> (0x000000074fe97950) 
thrown [s\src\hotspot\share\interpreter\linkResolver.cpp, line 759]
Event: 372.350 Thread 0x0000020baf81c420 Exception <a 'java/lang/IncompatibleClassChangeError'{0x000000074f069d38}: Found class java.lang.Object, but interface was expected> (0x000000074f069d38) 
thrown [s\src\hotspot\share\interpreter\linkResolver.cpp, line 826]
Event: 372.350 Thread 0x0000020bb9638740 Exception <a 'java/lang/IncompatibleClassChangeError'{0x000000074f219690}: Found class java.lang.Object, but interface was expected> (0x000000074f219690) 
thrown [s\src\hotspot\share\interpreter\linkResolver.cpp, line 826]
Event: 372.409 Thread 0x0000020baf81c420 Exception <a 'java/lang/NoSuchMethodError'{0x000000074f0df4e0}: 'void java.lang.invoke.DirectMethodHandle$Holder.invokeSpecialIFC(java.lang.Object, java.lang.Object, java.lang.Object, java.lang.Object)'> (0x000000074f0df4e0) 
thrown [s\src\hotspot\share\interpreter\linkResolver.cpp, line 759]
Event: 372.409 Thread 0x0000020bb9638740 Exception <a 'java/lang/NoSuchMethodError'{0x000000074f2e7ab0}: 'void java.lang.invoke.DirectMethodHandle$Holder.invokeSpecialIFC(java.lang.Object, java.lang.Object, java.lang.Object, java.lang.Object)'> (0x000000074f2e7ab0) 
thrown [s\src\hotspot\share\interpreter\linkResolver.cpp, line 759]
Event: 372.414 Thread 0x0000020bb9638740 Exception <a 'java/lang/NoSuchMethodError'{0x000000074f2f1710}: 'java.lang.Object java.lang.invoke.DirectMethodHandle$Holder.invokeStatic(java.lang.Object, int, java.lang.Object, java.lang.Object, java.lang.Object, java.lang.Object)'> (0x000000074f2f1710) 
thrown [s\src\hotspot\share\interpreter\linkResolver.cpp, line 759]
Event: 372.415 Thread 0x0000020bb9f2cda0 Exception <a 'java/lang/NoSuchMethodError'{0x000000074f4872e8}: 'java.lang.Object java.lang.invoke.DirectMethodHandle$Holder.invokeStatic(java.lang.Object, int, java.lang.Object, java.lang.Object, java.lang.Object, java.lang.Object)'> (0x000000074f4872e8) 
thrown [s\src\hotspot\share\interpreter\linkResolver.cpp, line 759]
Event: 372.417 Thread 0x0000020bb9638740 Exception <a 'java/lang/NoSuchMethodError'{0x000000074f2fa870}: 'java.lang.Object java.lang.invoke.DirectMethodHandle$Holder.newInvokeSpecial(java.lang.Object, int, java.lang.Object, java.lang.Object, java.lang.Object)'> (0x000000074f2fa870) 
thrown [s\src\hotspot\share\interpreter\linkResolver.cpp, line 759]
Event: 372.420 Thread 0x0000020bb9638740 Exception <a 'java/lang/NoSuchMethodError'{0x000000074f2fe7d8}: 'java.lang.Object java.lang.invoke.DirectMethodHandle$Holder.invokeSpecial(java.lang.Object, java.lang.Object, int, java.lang.Object, java.lang.Object, java.lang.Object)'> (0x000000074f2fe7d8) 
thrown [s\src\hotspot\share\interpreter\linkResolver.cpp, line 759]
Event: 372.422 Thread 0x0000020bb9f2cda0 Exception <a 'java/lang/NoSuchMethodError'{0x000000074f48f3a0}: 'java.lang.Object java.lang.invoke.Invokers$Holder.linkToTargetMethod(int, java.lang.Object, java.lang.Object, java.lang.Object, java.lang.Object)'> (0x000000074f48f3a0) 
thrown [s\src\hotspot\share\interpreter\linkResolver.cpp, line 759]
Event: 372.445 Thread 0x0000020bb9638740 Exception <a 'java/lang/IncompatibleClassChangeError'{0x000000074f3cc230}: Found class java.lang.Object, but interface was expected> (0x000000074f3cc230) 
thrown [s\src\hotspot\share\interpreter\linkResolver.cpp, line 826]
Event: 375.221 Thread 0x0000020bb1fd9920 Implicit null exception at 0x0000020bf686dab9 to 0x0000020bf686e574
Event: 382.658 Thread 0x0000020bb1fd9920 Implicit null exception at 0x0000020bf5c63cba to 0x0000020bf5c63d00
Event: 384.440 Thread 0x0000020baf81c420 Implicit null exception at 0x0000020bf6878355 to 0x0000020bf687a678

VM Operations (20 events):
Event: 400.838 Executing VM operation: Cleanup done
Event: 401.751 Executing VM operation: G1CollectForAllocation
Event: 401.833 Executing VM operation: G1CollectForAllocation done
Event: 402.846 Executing VM operation: Cleanup
Event: 402.847 Executing VM operation: Cleanup done
Event: 403.860 Executing VM operation: Cleanup
Event: 403.861 Executing VM operation: Cleanup done
Event: 404.364 Executing VM operation: G1CollectForAllocation
Event: 404.426 Executing VM operation: G1CollectForAllocation done
Event: 406.439 Executing VM operation: Cleanup
Event: 406.440 Executing VM operation: Cleanup done
Event: 412.485 Executing VM operation: Cleanup
Event: 412.487 Executing VM operation: Cleanup done
Event: 413.298 Executing VM operation: G1CollectForAllocation
Event: 413.390 Executing VM operation: G1CollectForAllocation done
Event: 414.404 Executing VM operation: Cleanup
Event: 414.652 Executing VM operation: Cleanup done
Event: 415.657 Executing VM operation: Cleanup
Event: 415.832 Executing VM operation: Cleanup done
Event: 420.314 Executing VM operation: G1PauseRemark

Memory protections (0 events):
No events

Nmethod flushes (20 events):
Event: 380.448 Thread 0x0000020bab010060 flushing  nmethod 0x0000020bf131a290
Event: 380.448 Thread 0x0000020bab010060 flushing  nmethod 0x0000020bf131af90
Event: 380.448 Thread 0x0000020bab010060 flushing  nmethod 0x0000020bf1330c10
Event: 394.555 Thread 0x0000020bab010060 flushing  nmethod 0x0000020bf684b390
Event: 394.556 Thread 0x0000020bab010060 flushing  nmethod 0x0000020bf6ac7510
Event: 394.568 Thread 0x0000020bab010060 flushing  nmethod 0x0000020bebda7490
Event: 394.584 Thread 0x0000020bab010060 flushing  nmethod 0x0000020bed186290
Event: 394.634 Thread 0x0000020bab010060 flushing  nmethod 0x0000020bf0d53110
Event: 394.635 Thread 0x0000020bab010060 flushing  nmethod 0x0000020bf0db8610
Event: 394.636 Thread 0x0000020bab010060 flushing  nmethod 0x0000020bf0f4d290
Event: 394.636 Thread 0x0000020bab010060 flushing  nmethod 0x0000020bf0fe5690
Event: 394.636 Thread 0x0000020bab010060 flushing  nmethod 0x0000020bf0ffdb90
Event: 394.637 Thread 0x0000020bab010060 flushing  nmethod 0x0000020bf10acb90
Event: 394.637 Thread 0x0000020bab010060 flushing  nmethod 0x0000020bf10b9190
Event: 394.637 Thread 0x0000020bab010060 flushing  nmethod 0x0000020bf10e1290
Event: 394.637 Thread 0x0000020bab010060 flushing  nmethod 0x0000020bf10e1610
Event: 394.637 Thread 0x0000020bab010060 flushing  nmethod 0x0000020bf122e710
Event: 394.638 Thread 0x0000020bab010060 flushing  nmethod 0x0000020bf1284f10
Event: 394.638 Thread 0x0000020bab010060 flushing  nmethod 0x0000020bf1322910
Event: 394.638 Thread 0x0000020bab010060 flushing  nmethod 0x0000020bf1336490

Events (20 events):
Event: 371.583 Thread 0x0000020bff703fd0 Thread added: 0x0000020bb3437dd0
Event: 371.768 Thread 0x0000020bff703fd0 Thread added: 0x0000020bb3437330
Event: 374.103 Thread 0x0000020bb3437330 Thread exited: 0x0000020bb3437330
Event: 374.103 Thread 0x0000020bb3437dd0 Thread exited: 0x0000020bb3437dd0
Event: 375.957 Thread 0x0000020bff703fd0 Thread added: 0x0000020bb0bfe100
Event: 376.118 Thread 0x0000020bff703fd0 Thread added: 0x0000020bb0bffb90
Event: 377.028 Thread 0x0000020bb0bffb90 Thread exited: 0x0000020bb0bffb90
Event: 377.403 Thread 0x0000020bb0bfe100 Thread exited: 0x0000020bb0bfe100
Event: 380.117 Thread 0x0000020bff703fd0 Thread added: 0x0000020bb3437dd0
Event: 380.117 Thread 0x0000020bff703fd0 Thread added: 0x0000020bb3436340
Event: 381.220 Thread 0x0000020bb3436340 Thread exited: 0x0000020bb3436340
Event: 382.538 Thread 0x0000020bb3437dd0 Thread exited: 0x0000020bb3437dd0
Event: 384.424 Thread 0x0000020bff703fd0 Thread added: 0x0000020bb34407f0
Event: 384.449 Thread 0x0000020bff703fd0 Thread added: 0x0000020bb3445250
Event: 385.935 Thread 0x0000020bb3445250 Thread exited: 0x0000020bb3445250
Event: 386.190 Thread 0x0000020bb34407f0 Thread exited: 0x0000020bb34407f0
Event: 389.101 Thread 0x0000020bff703fd0 Thread added: 0x0000020bb3439860
Event: 392.668 Thread 0x0000020bb3439860 Thread exited: 0x0000020bb3439860
Event: 399.514 Thread 0x0000020bff703fd0 Thread added: 0x0000020bb343ada0
Event: 400.979 Thread 0x0000020bb343ada0 Thread exited: 0x0000020bb343ada0


Dynamic libraries:
0x00007ff72d0b0000 - 0x00007ff72d0be000 	C:\Users\ivanp\AppData\Local\Programs\Eclipse Adoptium\jdk-17.0.19.10-hotspot\bin\java.exe
0x00007ffb90000000 - 0x00007ffb90266000 	C:\WINDOWS\SYSTEM32\ntdll.dll
0x00007ffb8f640000 - 0x00007ffb8f709000 	C:\WINDOWS\System32\KERNEL32.DLL
0x00007ffb8d400000 - 0x00007ffb8d7fa000 	C:\WINDOWS\System32\KERNELBASE.dll
0x00007ffb8dac0000 - 0x00007ffb8dc0c000 	C:\WINDOWS\System32\ucrtbase.dll
0x00007ffb82810000 - 0x00007ffb82828000 	C:\Users\ivanp\AppData\Local\Programs\Eclipse Adoptium\jdk-17.0.19.10-hotspot\bin\jli.dll
0x00007ffb7d810000 - 0x00007ffb7d82e000 	C:\Users\ivanp\AppData\Local\Programs\Eclipse Adoptium\jdk-17.0.19.10-hotspot\bin\VCRUNTIME140.dll
0x00007ffb8e2b0000 - 0x00007ffb8e477000 	C:\WINDOWS\System32\USER32.dll
0x00007ffb8dd40000 - 0x00007ffb8dd67000 	C:\WINDOWS\System32\win32u.dll
0x00007ffb8f920000 - 0x00007ffb8f94b000 	C:\WINDOWS\System32\GDI32.dll
0x00007ffb8dc10000 - 0x00007ffb8dd3b000 	C:\WINDOWS\System32\gdi32full.dll
0x00007ffb8d800000 - 0x00007ffb8d8a3000 	C:\WINDOWS\System32\msvcp_win.dll
0x00007ffb709c0000 - 0x00007ffb70c52000 	C:\WINDOWS\WinSxS\amd64_microsoft.windows.common-controls_6595b64144ccf1df_6.0.26100.8521_none_3e08b75ce33403b3\COMCTL32.dll
0x00007ffb8fb30000 - 0x00007ffb8fbd9000 	C:\WINDOWS\System32\msvcrt.dll
0x00007ffb8fbe0000 - 0x00007ffb8fc12000 	C:\WINDOWS\System32\IMM32.DLL
0x00007ffb800b0000 - 0x00007ffb800bc000 	C:\Users\ivanp\AppData\Local\Programs\Eclipse Adoptium\jdk-17.0.19.10-hotspot\bin\vcruntime140_1.dll
0x00007ffb7b3f0000 - 0x00007ffb7b47d000 	C:\Users\ivanp\AppData\Local\Programs\Eclipse Adoptium\jdk-17.0.19.10-hotspot\bin\msvcp140.dll
0x00007ffabdad0000 - 0x00007ffabe73c000 	C:\Users\ivanp\AppData\Local\Programs\Eclipse Adoptium\jdk-17.0.19.10-hotspot\bin\server\jvm.dll
0x00007ffb8f580000 - 0x00007ffb8f636000 	C:\WINDOWS\System32\ADVAPI32.dll
0x00007ffb8f870000 - 0x00007ffb8f91a000 	C:\WINDOWS\System32\sechost.dll
0x00007ffb8fd00000 - 0x00007ffb8fe18000 	C:\WINDOWS\System32\RPCRT4.dll
0x00007ffb8fa20000 - 0x00007ffb8faa0000 	C:\WINDOWS\System32\WS2_32.dll
0x00007ffb8caf0000 - 0x00007ffb8cb4e000 	C:\WINDOWS\SYSTEM32\POWRPROF.dll
0x00007ffb7c890000 - 0x00007ffb7c8c6000 	C:\WINDOWS\SYSTEM32\WINMM.dll
0x00007ffb80a40000 - 0x00007ffb80a4b000 	C:\WINDOWS\SYSTEM32\VERSION.dll
0x00007ffb8cad0000 - 0x00007ffb8cae4000 	C:\WINDOWS\SYSTEM32\UMPDC.dll
0x00007ffb8bfe0000 - 0x00007ffb8bffb000 	C:\WINDOWS\SYSTEM32\kernel.appcore.dll
0x00007ffb80090000 - 0x00007ffb8009a000 	C:\Users\ivanp\AppData\Local\Programs\Eclipse Adoptium\jdk-17.0.19.10-hotspot\bin\jimage.dll
0x00007ffb8a900000 - 0x00007ffb8ab42000 	C:\WINDOWS\SYSTEM32\DBGHELP.DLL
0x00007ffb8e4d0000 - 0x00007ffb8e853000 	C:\WINDOWS\System32\combase.dll
0x00007ffb8f790000 - 0x00007ffb8f869000 	C:\WINDOWS\System32\OLEAUT32.dll
0x00007ffb6cc40000 - 0x00007ffb6cc7b000 	C:\WINDOWS\SYSTEM32\dbgcore.DLL
0x00007ffb8d350000 - 0x00007ffb8d3f8000 	C:\WINDOWS\System32\bcryptPrimitives.dll
0x00007ffb7b690000 - 0x00007ffb7b69e000 	C:\Users\ivanp\AppData\Local\Programs\Eclipse Adoptium\jdk-17.0.19.10-hotspot\bin\instrument.dll
0x00007ffb7d7e0000 - 0x00007ffb7d805000 	C:\Users\ivanp\AppData\Local\Programs\Eclipse Adoptium\jdk-17.0.19.10-hotspot\bin\java.dll
0x00007ffad9590000 - 0x00007ffad9667000 	C:\Users\ivanp\AppData\Local\Programs\Eclipse Adoptium\jdk-17.0.19.10-hotspot\bin\jsvml.dll
0x00007ffb8e860000 - 0x00007ffb8efe4000 	C:\WINDOWS\System32\SHELL32.dll
0x00007ffb8ae10000 - 0x00007ffb8b690000 	C:\WINDOWS\SYSTEM32\windows.storage.dll
0x00007ffb8e1b0000 - 0x00007ffb8e2a6000 	C:\WINDOWS\System32\SHCORE.dll
0x00007ffb8fc30000 - 0x00007ffb8fc97000 	C:\WINDOWS\System32\shlwapi.dll
0x00007ffb8d1b0000 - 0x00007ffb8d1d9000 	C:\WINDOWS\SYSTEM32\profapi.dll
0x00007ffb7a5e0000 - 0x00007ffb7a5f8000 	C:\Users\ivanp\AppData\Local\Programs\Eclipse Adoptium\jdk-17.0.19.10-hotspot\bin\zip.dll
0x00007ffb7b340000 - 0x00007ffb7b35a000 	C:\Users\ivanp\AppData\Local\Programs\Eclipse Adoptium\jdk-17.0.19.10-hotspot\bin\net.dll
0x00007ffb83e50000 - 0x00007ffb83f79000 	C:\WINDOWS\SYSTEM32\WINHTTP.dll
0x00007ffb8c530000 - 0x00007ffb8c59c000 	C:\WINDOWS\system32\mswsock.dll
0x00007ffb7b320000 - 0x00007ffb7b336000 	C:\Users\ivanp\AppData\Local\Programs\Eclipse Adoptium\jdk-17.0.19.10-hotspot\bin\nio.dll
0x00007ffb80060000 - 0x00007ffb80070000 	C:\Users\ivanp\AppData\Local\Programs\Eclipse Adoptium\jdk-17.0.19.10-hotspot\bin\verify.dll
0x00007ffb5e8d0000 - 0x00007ffb5e8f7000 	C:\Users\ivanp\.gradle\native\c067742578af261105cb4f569cf0c3c89f3d7b1fecec35dd04571415982c5e48\windows-amd64\native-platform.dll
0x00007ffacd920000 - 0x00007ffacda64000 	C:\Users\ivanp\.gradle\native\38dada09dfb8b06ba9b0570ebf7e218e3eb74d4ef43ca46872605cf95ebc2f47\windows-amd64\native-platform-file-events.dll
0x00007ffb7bcb0000 - 0x00007ffb7bcba000 	C:\Users\ivanp\AppData\Local\Programs\Eclipse Adoptium\jdk-17.0.19.10-hotspot\bin\management.dll
0x00007ffb7b7d0000 - 0x00007ffb7b7dc000 	C:\Users\ivanp\AppData\Local\Programs\Eclipse Adoptium\jdk-17.0.19.10-hotspot\bin\management_ext.dll
0x00007ffb8f950000 - 0x00007ffb8f958000 	C:\WINDOWS\System32\PSAPI.DLL
0x00007ffb8c930000 - 0x00007ffb8c94b000 	C:\WINDOWS\SYSTEM32\CRYPTSP.dll
0x00007ffb8bf40000 - 0x00007ffb8bf79000 	C:\WINDOWS\system32\rsaenh.dll
0x00007ffb8c5e0000 - 0x00007ffb8c613000 	C:\WINDOWS\SYSTEM32\USERENV.dll
0x00007ffb8d180000 - 0x00007ffb8d1aa000 	C:\WINDOWS\SYSTEM32\bcrypt.dll
0x00007ffb8c790000 - 0x00007ffb8c79c000 	C:\WINDOWS\SYSTEM32\CRYPTBASE.dll
0x00007ffb8ba70000 - 0x00007ffb8baa3000 	C:\WINDOWS\SYSTEM32\IPHLPAPI.DLL
0x00007ffb8e480000 - 0x00007ffb8e48a000 	C:\WINDOWS\System32\NSI.dll
0x00007ffb865f0000 - 0x00007ffb8660d000 	C:\WINDOWS\SYSTEM32\dhcpcsvc6.DLL
0x00007ffb84000000 - 0x00007ffb84025000 	C:\WINDOWS\SYSTEM32\dhcpcsvc.DLL
0x00007ffb8bb40000 - 0x00007ffb8bc8a000 	C:\WINDOWS\SYSTEM32\DNSAPI.dll
0x00007ffb8c300000 - 0x00007ffb8c30d000 	C:\WINDOWS\SYSTEM32\DSPARSE.dll
0x00007ffb7b750000 - 0x00007ffb7b759000 	C:\Users\ivanp\AppData\Local\Programs\Eclipse Adoptium\jdk-17.0.19.10-hotspot\bin\extnet.dll
0x00007ffb7b680000 - 0x00007ffb7b68e000 	C:\Users\ivanp\AppData\Local\Programs\Eclipse Adoptium\jdk-17.0.19.10-hotspot\bin\sunmscapi.dll
0x00007ffb8d8b0000 - 0x00007ffb8da28000 	C:\WINDOWS\System32\CRYPT32.dll
0x00007ffb8cbb0000 - 0x00007ffb8cbe0000 	C:\WINDOWS\SYSTEM32\ncrypt.dll
0x00007ffb8cb60000 - 0x00007ffb8cb9f000 	C:\WINDOWS\SYSTEM32\NTASN1.dll
0x00007ffb80cc0000 - 0x00007ffb80cc8000 	C:\WINDOWS\system32\wshunix.dll
0x00007ffb62cd0000 - 0x00007ffb62ce8000 	C:\WINDOWS\system32\napinsp.dll
0x00007ffb62cb0000 - 0x00007ffb62cc3000 	C:\WINDOWS\System32\winrnr.dll
0x00007ffb62c80000 - 0x00007ffb62ca2000 	C:\WINDOWS\system32\nlansp_c.dll
0x00007ffb820a0000 - 0x00007ffb820b6000 	C:\WINDOWS\system32\wshbth.dll
0x00007ffb82320000 - 0x00007ffb8232b000 	C:\Windows\System32\rasadhlp.dll
0x00007ffb86930000 - 0x00007ffb869b6000 	C:\WINDOWS\System32\fwpuclnt.dll
0x00007ffb8c100000 - 0x00007ffb8c136000 	C:\WINDOWS\SYSTEM32\ntmarta.dll

dbghelp: loaded successfully - version: 4.0.5 - missing functions: none
symbol engine: initialized successfully - sym options: 0x614 - pdb path: .;C:\Users\ivanp\AppData\Local\Programs\Eclipse Adoptium\jdk-17.0.19.10-hotspot\bin;C:\WINDOWS\SYSTEM32;C:\WINDOWS\WinSxS\amd64_microsoft.windows.common-controls_6595b64144ccf1df_6.0.26100.8521_none_3e08b75ce33403b3;C:\Users\ivanp\AppData\Local\Programs\Eclipse Adoptium\jdk-17.0.19.10-hotspot\bin\server;C:\Users\ivanp\.gradle\native\c067742578af261105cb4f569cf0c3c89f3d7b1fecec35dd04571415982c5e48\windows-amd64;C:\Users\ivanp\.gradle\native\38dada09dfb8b06ba9b0570ebf7e218e3eb74d4ef43ca46872605cf95ebc2f47\windows-amd64

VM Arguments:
jvm_args: -XX:+UseG1GC -XX:+UnlockExperimentalVMOptions -XX:G1NewSizePercent=15 -XX:G1ReservePercent=10 -XX:MaxGCPauseMillis=100 -XX:MetaspaceSize=512m -XX:MaxMetaspaceSize=512m --add-opens=java.base/java.util=ALL-UNNAMED --add-opens=java.base/java.lang=ALL-UNNAMED --add-opens=java.base/java.lang.invoke=ALL-UNNAMED --add-opens=java.prefs/java.util.prefs=ALL-UNNAMED --add-opens=java.base/java.nio.charset=ALL-UNNAMED --add-opens=java.base/java.net=ALL-UNNAMED --add-opens=java.base/java.util.concurrent.atomic=ALL-UNNAMED -Xmx6g -Dfile.encoding=windows-1251 -Duser.country=RU -Duser.language=ru -Duser.variant -javaagent:C:\Users\ivanp\.gradle\wrapper\dists\gradle-8.7-bin\bhs2wmbdwecv87pi65oeuq5iu\gradle-8.7\lib\agents\gradle-instrumentation-agent-8.7.jar 
java_command: org.gradle.launcher.daemon.bootstrap.GradleDaemon 8.7
java_class_path (initial): C:\Users\ivanp\.gradle\wrapper\dists\gradle-8.7-bin\bhs2wmbdwecv87pi65oeuq5iu\gradle-8.7\lib\gradle-launcher-8.7.jar
Launcher Type: SUN_STANDARD

[Global flags]
     intx CICompilerCount                          = 4                                         {product} {ergonomic}
   size_t CompressedClassSpaceSize                 = 436207616                                 {product} {ergonomic}
     uint ConcGCThreads                            = 3                                         {product} {ergonomic}
     uint G1ConcRefinementThreads                  = 10                                        {product} {ergonomic}
     uint G1EagerReclaimRemSetThreshold            = 32                                   {experimental} {ergonomic}
   size_t G1HeapRegionSize                         = 4194304                                   {product} {ergonomic}
    uintx G1NewSizePercent                         = 15                                   {experimental} {command line}
    uintx G1ReservePercent                         = 10                                        {product} {command line}
    uintx GCDrainStackTargetSize                   = 64                                        {product} {ergonomic}
   size_t InitialHeapSize                          = 264241152                                 {product} {ergonomic}
   size_t MarkStackSize                            = 4194304                                   {product} {ergonomic}
    uintx MaxGCPauseMillis                         = 100                                       {product} {command line}
   size_t MaxHeapSize                              = 6442450944                                {product} {command line}
   size_t MaxMetaspaceSize                         = 536870912                                 {product} {command line}
   size_t MaxNewSize                               = 3862953984                                {product} {ergonomic}
   size_t MetaspaceSize                            = 536870912                                 {product} {command line}
   size_t MinHeapDeltaBytes                        = 4194304                                   {product} {ergonomic}
   size_t MinHeapSize                              = 8388608                                   {product} {ergonomic}
    uintx NonNMethodCodeHeapSize                   = 5839372                                {pd product} {ergonomic}
    uintx NonProfiledCodeHeapSize                  = 122909434                              {pd product} {ergonomic}
    uintx ProfiledCodeHeapSize                     = 122909434                              {pd product} {ergonomic}
    uintx ReservedCodeCacheSize                    = 251658240                              {pd product} {ergonomic}
     bool SegmentedCodeCache                       = true                                      {product} {ergonomic}
   size_t SoftMaxHeapSize                          = 6442450944                             {manageable} {ergonomic}
     bool UnlockExperimentalVMOptions              = true                                 {experimental} {command line}
     bool UseCompressedClassPointers               = true                           {product lp64_product} {ergonomic}
     bool UseCompressedOops                        = true                           {product lp64_product} {ergonomic}
     bool UseG1GC                                  = true                                      {product} {command line}
     bool UseLargePagesIndividualAllocation        = false                                  {pd product} {ergonomic}

Logging:
Log output configuration:
 #0: stdout all=warning uptime,level,tags
 #1: stderr all=off uptime,level,tags

Environment Variables:
JAVA_HOME=C:\Users\ivanp\AppData\Local\Programs\Eclipse Adoptium\jdk-17.0.19.10-hotspot
CLASSPATH=C:\Users\ivanp\NewCatroid\\gradle\wrapper\gradle-wrapper.jar
PATH=C:\WINDOWS\system32;C:\WINDOWS;C:\WINDOWS\System32\Wbem;C:\WINDOWS\System32\WindowsPowerShell\v1.0\;C:\WINDOWS\System32\OpenSSH\;C:\Program Files\dotnet\;C:\Program Files\NVIDIA Corporation\NVIDIA App\NvDLISR;C:\Program Files (x86)\NVIDIA Corporation\PhysX\Common;C:\Users\ivanp\AppData\Local\Muse Hub\lib;C:\Program Files\Git\cmd;C:\Program Files\nodejs\;C:\Program Files\Cloudflare\Cloudflare WARP\;C:\Users\ivanp\AppData\Local\Programs\Eclipse Adoptium\jdk-17.0.19.10-hotspot\bin;C:\WINDOWS\system32;C:\WINDOWS;C:\WINDOWS\System32\Wbem;C:\WINDOWS\System32\WindowsPowerShell\v1.0\;C:\WINDOWS\System32\OpenSSH\;C:\Program Files\dotnet\;C:\Program Files\NVIDIA Corporation\NVIDIA App\NvDLISR;C:\Program Files (x86)\NVIDIA Corporation\PhysX\Common;C:\Users\ivanp\AppData\Local\Muse Hub\lib;C:\Program Files\Git\cmd;C:\Program Files\nodejs\;C:\Program Files\Cloudflare\Cloudflare WARP\;C:\Users\ivanp\AppData\Local\Programs\Eclipse Adoptium\jdk-21.0.11.10-hotspot\bin;C:\Users\ivanp\AppData\Local\Programs\Python\Python310\Scripts\;C:\Users\ivanp\AppData\Local\Programs\Python\Python310\;C:\Users\ivanp\AppData\Local\Programs\Eclipse Adoptium\jdk-25.0.3.9-hotspot\bin;C:\Users\ivanp\AppData\Local\Programs\Python\Python313\Scripts\;C:\Users\ivanp\AppDa;C:\Users\ivanp\AppData\Local\Programs\Microsoft VS Code\bin
USERNAME=ivanp
OS=Windows_NT
PROCESSOR_IDENTIFIER=Intel64 Family 6 Model 154 Stepping 3, GenuineIntel
TMP=C:\Users\ivanp\AppData\Local\Temp
TEMP=C:\Users\ivanp\AppData\Local\Temp



Periodic native trim disabled


---------------  S Y S T E M  ---------------

OS:
 Windows 11 , 64 bit Build 26100 (10.0.26100.8521)
OS uptime: 1 days 4:22 hours
Hyper-V role detected

CPU: total 12 (initial active 12) (6 cores per cpu, 2 threads per core) family 6 model 154 stepping 3 microcode 0x424, cx8, cmov, fxsr, ht, mmx, 3dnowpref, sse, sse2, sse3, ssse3, sse4.1, sse4.2, popcnt, lzcnt, tsc, tscinvbit, avx, avx2, aes, erms, clmul, bmi1, bmi2, adx, sha, fma, vzeroupper, clflush, clflushopt, clwb, hv
Processor Information for all 12 processors :
  Max Mhz: 2000, Current Mhz: 2000, Mhz Limit: 2000

Memory: 4k page, system-wide physical 16087M (291M free)
TotalPageFile size 36567M (AvailPageFile size 1762M)
current process WorkingSet (physical memory assigned to process): 1041M, peak: 2737M
current process commit charge ("private bytes"): 4683M, peak: 6643M

vm_info: OpenJDK 64-Bit Server VM (17.0.19+10) for windows-amd64 JRE (17.0.19+10), built on Apr 25 2026 08:04:44 by "admin" with MS VC++ 17.12 (VS2022)

END.
