#
# There is insufficient memory for the Java Runtime Environment to continue.
# Native memory allocation (mmap) failed to map 1056964608 bytes. Error detail: G1 virtual space
# Possible reasons:
#   The system is out of physical RAM or swap space
#   This process is running with CompressedOops enabled, and the Java Heap may be blocking the growth of the native heap
# Possible solutions:
#   Reduce memory load on the system
#   Increase physical memory or swap space
#   Check if swap backing store is full
#   Decrease Java heap size (-Xmx/-Xms)
#   Decrease number of Java threads
#   Decrease Java thread stack sizes (-Xss)
#   Set larger code cache with -XX:ReservedCodeCacheSize=
#   JVM is running with Zero Based Compressed Oops mode in which the Java heap is
#     placed in the first 32GB address space. The Java Heap base address is the
#     maximum limit for the native heap growth. Please use -XX:HeapBaseMinAddress
#     to set the Java Heap base and to place the Java Heap above 32GB virtual address.
# This output file may be truncated or incomplete.
#
#  Out of Memory Error (os_windows.cpp:3618), pid=22480, tid=27564
#
# JRE version: OpenJDK Runtime Environment Temurin-17.0.19+10 (17.0.19+10) (build 17.0.19+10)
# Java VM: OpenJDK 64-Bit Server VM Temurin-17.0.19+10 (17.0.19+10, mixed mode, sharing, tiered, compressed oops, compressed class ptrs, g1 gc, windows-amd64)
# No core dump will be written. Minidumps are not enabled by default on client versions of Windows
#

---------------  S U M M A R Y ------------

Command Line: -XX:+UseG1GC -XX:+UnlockExperimentalVMOptions -XX:G1NewSizePercent=20 -XX:G1ReservePercent=15 -XX:MaxGCPauseMillis=100 --add-opens=java.base/java.util=ALL-UNNAMED --add-opens=java.base/java.lang=ALL-UNNAMED --add-opens=java.base/java.lang.invoke=ALL-UNNAMED --add-opens=java.prefs/java.util.prefs=ALL-UNNAMED --add-opens=java.base/java.nio.charset=ALL-UNNAMED --add-opens=java.base/java.net=ALL-UNNAMED --add-opens=java.base/java.util.concurrent.atomic=ALL-UNNAMED -Xmx6g -Dfile.encoding=windows-1251 -Duser.country=RU -Duser.language=ru -Duser.variant -javaagent:C:\Users\ivanp\.gradle\wrapper\dists\gradle-8.7-bin\bhs2wmbdwecv87pi65oeuq5iu\gradle-8.7\lib\agents\gradle-instrumentation-agent-8.7.jar org.gradle.launcher.daemon.bootstrap.GradleDaemon 8.7

Host: 12th Gen Intel(R) Core(TM) i5-12450H, 12 cores, 15G,  Windows 11 , 64 bit Build 26100 (10.0.26100.8521)
Time: Sat Jul  4 19:36:25 2026  Windows 11 , 64 bit Build 26100 (10.0.26100.8521) elapsed time: 308.138837 seconds (0d 0h 5m 8s)

---------------  T H R E A D  ---------------

Current thread (0x0000022255075fd0):  VMThread "VM Thread" [stack: 0x000000968ba00000,0x000000968bb00000] [id=27564]

Stack: [0x000000968ba00000,0x000000968bb00000]
Native frames: (J=compiled Java code, j=interpreted, Vv=VM code, C=native code)
V  [jvm.dll+0x684b29]
V  [jvm.dll+0x83a2d5]
V  [jvm.dll+0x83bd4e]
V  [jvm.dll+0x83c3d3]
V  [jvm.dll+0x24905f]
V  [jvm.dll+0x6818e9]
V  [jvm.dll+0x6766ea]
V  [jvm.dll+0x3093b7]
V  [jvm.dll+0x3109a6]
V  [jvm.dll+0x360f1e]
V  [jvm.dll+0x36115d]
V  [jvm.dll+0x2e043c]
V  [jvm.dll+0x2de812]
V  [jvm.dll+0x2ddfac]
V  [jvm.dll+0x320c6b]
V  [jvm.dll+0x840bed]
V  [jvm.dll+0x841923]
V  [jvm.dll+0x841e4f]
V  [jvm.dll+0x842235]
V  [jvm.dll+0x8422fe]
V  [jvm.dll+0x7eaf1c]
V  [jvm.dll+0x6839f7]
C  [ucrtbase.dll+0x2cd30]
C  [KERNEL32.DLL+0x2e957]
C  [ntdll.dll+0x87c1c]

VM_Operation (0x00000096979fdb80): G1CollectForAllocation, mode: safepoint, requested by thread 0x00000222a9e17060


---------------  P R O C E S S  ---------------

Threads class SMR info:
_java_thread_list=0x00000222a3f00a50, length=174, elements={
0x000002222b4bd200, 0x000002225507a6c0, 0x000002225507bc00, 0x000002225509b3d0,
0x000002225509dcb0, 0x00000222550a1100, 0x00000222550a4d20, 0x00000222550a2540,
0x00000222550a3b90, 0x000002225576a290, 0x0000022255836840, 0x0000022255932a70,
0x000002229beb6030, 0x00000222559c4920, 0x000002229cd04ff0, 0x000002229cbc4a70,
0x000002229b3a1720, 0x000002229c6c7ec0, 0x000002229c6c83d0, 0x000002229c6c6060,
0x000002229c6c8df0, 0x000002229c6c6f90, 0x000002229c6c74a0, 0x000002229c6c88e0,
0x000002229c6c9810, 0x000002229e28ab50, 0x000002229e288cf0, 0x000002229e289200,
0x000002229e2882d0, 0x000002229e289710, 0x000002229e2887e0, 0x000002229e28c9b0,
0x000002229e28cec0, 0x000002229e28ba80, 0x000002229e28bf90, 0x000002229e28ddf0,
0x000002229e28a640, 0x000002229e28e300, 0x000002229e28e810, 0x000002229e28ed20,
0x000002229e28f230, 0x000002229e28f740, 0x000002229e28c4a0, 0x000002229b1297b0,
0x000002229b12bb20, 0x000002229b12b610, 0x000002229b12ca50, 0x000002229b12c030,
0x000002229b12c540, 0x000002229b129cc0, 0x000002229b12d980, 0x000002229b12a1d0,
0x000002229b12b100, 0x000002229b12de90, 0x000002229b12a6e0, 0x000002229b12e8b0,
0x000002229b130c20, 0x000002229b131130, 0x000002229b12edc0, 0x000002229b12e3a0,
0x000002229b12fcf0, 0x000002229b12f2d0, 0x000002229b12f7e0, 0x000002229b130200,
0x000002229b130710, 0x000002229f5d1df0, 0x000002229f5d2300, 0x000002229f5cff90,
0x000002229f5d3230, 0x000002229f5d3c50, 0x000002229f5d2810, 0x000002229f5d3740,
0x000002229f5d04a0, 0x000002229f5d4160, 0x000002229c9101f0, 0x000002229c911120,
0x000002229c911630, 0x000002229c913eb0, 0x000002229c910700, 0x000002229c9143c0,
0x000002229c910c10, 0x000002229c9152f0, 0x000002229c917b70, 0x000002229c917660,
0x000002229c9148d0, 0x000002229c914de0, 0x000002229c916220, 0x000002229c915800,
0x000002229c916730, 0x000002229c916c40, 0x000002229c915d10, 0x000002229c917150,
0x000002229dcc3ea0, 0x000002229dcc57f0, 0x000002229dcc43b0, 0x000002229e28b060,
0x000002229c6c6570, 0x000002229b4b94b0, 0x000002229b4b8580, 0x000002229b4bae00,
0x000002229b4ba3e0, 0x000002229b4ba8f0, 0x000002229b4b99c0, 0x000002229b4b8a90,
0x000002229b4b9ed0, 0x000002229b4bb310, 0x000002229b4bbd30, 0x000002229b4bb820,
0x000002229b4b8fa0, 0x000002229c912560, 0x00000222a1bfb570, 0x00000222a1bfbf90,
0x00000222a1bfb060, 0x00000222a1bfba80, 0x00000222a1bfe300, 0x00000222a1bffc50,
0x00000222a1bff230, 0x00000222a1bfed20, 0x00000222a1bfe810, 0x00000222a1bff740,
0x00000222a1bfddf0, 0x00000222a1bfc4a0, 0x00000222a1bfcec0, 0x00000222a1c00160,
0x00000222a1bfc9b0, 0x00000222a1bfd3d0, 0x00000222a1c024d0, 0x00000222a1c00670,
0x00000222a1c00b80, 0x00000222a1c029e0, 0x00000222a1c01fc0, 0x00000222a1c01090,
0x00000222a1c015a0, 0x00000222a1c01ab0, 0x00000222a08b56e0, 0x00000222a08b51d0,
0x00000222a08b2e60, 0x00000222a08b47b0, 0x00000222a08b93a0, 0x00000222a08b8470,
0x00000222a08b8980, 0x00000222a08b8e90, 0x000002229f5d5ab0, 0x000002229b12cf60,
0x00000222a2f0bc30, 0x00000222a2f0d070, 0x00000222a2f0e4b0, 0x00000222a2f0eed0,
0x00000222a2f0fe00, 0x00000222a2f0cb60, 0x00000222a2f0f8f0, 0x00000222a2f0da90,
0x00000222a2f0c650, 0x00000222a2f135b0, 0x00000222a08b2440, 0x000002225579e900,
0x000002225579d4c0, 0x000002225579d9d0, 0x000002225579dee0, 0x000002225579e3f0,
0x000002225579cfb0, 0x00000222a9e1a300, 0x00000222a3482830, 0x00000222a2333720,
0x00000222a1e5abb0, 0x00000222a1e5a190, 0x000002229d4678f0, 0x00000222a3483760,
0x00000222a3482320, 0x00000222a9e1d720, 0x00000222a3482d40, 0x000002229b274710,
0x00000222a9e17060, 0x00000222a3770c10
}

Java Threads: ( => current thread )
  0x000002222b4bd200 JavaThread "main" [_thread_blocked, id=24456, stack(0x000000968b400000,0x000000968b500000)]
  0x000002225507a6c0 JavaThread "Reference Handler" daemon [_thread_blocked, id=26028, stack(0x000000968bb00000,0x000000968bc00000)]
  0x000002225507bc00 JavaThread "Finalizer" daemon [_thread_blocked, id=23076, stack(0x000000968bc00000,0x000000968bd00000)]
  0x000002225509b3d0 JavaThread "Signal Dispatcher" daemon [_thread_blocked, id=6600, stack(0x000000968bd00000,0x000000968be00000)]
  0x000002225509dcb0 JavaThread "Attach Listener" daemon [_thread_blocked, id=6332, stack(0x000000968be00000,0x000000968bf00000)]
  0x00000222550a1100 JavaThread "Service Thread" daemon [_thread_blocked, id=17184, stack(0x000000968bf00000,0x000000968c000000)]
  0x00000222550a4d20 JavaThread "Monitor Deflation Thread" daemon [_thread_blocked, id=4528, stack(0x000000968c000000,0x000000968c100000)]
  0x00000222550a2540 JavaThread "C2 CompilerThread0" daemon [_thread_blocked, id=7968, stack(0x000000968c100000,0x000000968c200000)]
  0x00000222550a3b90 JavaThread "C1 CompilerThread0" daemon [_thread_blocked, id=14896, stack(0x000000968c200000,0x000000968c300000)]
  0x000002225576a290 JavaThread "Sweeper thread" daemon [_thread_blocked, id=28764, stack(0x000000968c300000,0x000000968c400000)]
  0x0000022255836840 JavaThread "Common-Cleaner" daemon [_thread_blocked, id=6268, stack(0x000000968c400000,0x000000968c500000)]
  0x0000022255932a70 JavaThread "Notification Thread" daemon [_thread_blocked, id=15144, stack(0x000000968c500000,0x000000968c600000)]
  0x000002229beb6030 JavaThread "Daemon health stats" [_thread_blocked, id=25160, stack(0x000000968cd00000,0x000000968ce00000)]
  0x00000222559c4920 JavaThread "Incoming local TCP Connector on port 58261" [_thread_in_native, id=6164, stack(0x000000968c700000,0x000000968c800000)]
  0x000002229cd04ff0 JavaThread "Daemon periodic checks" [_thread_blocked, id=26368, stack(0x000000968ce00000,0x000000968cf00000)]
  0x000002229cbc4a70 JavaThread "Daemon" [_thread_blocked, id=7164, stack(0x000000968d300000,0x000000968d400000)]
  0x000002229b3a1720 JavaThread "Handler for socket connection from /127.0.0.1:58261 to /127.0.0.1:58262" [_thread_in_native, id=24212, stack(0x000000968d400000,0x000000968d500000)]
  0x000002229c6c7ec0 JavaThread "Cancel handler" [_thread_blocked, id=24816, stack(0x000000968d500000,0x000000968d600000)]
  0x000002229c6c83d0 JavaThread "Daemon worker" [_thread_blocked, id=19172, stack(0x000000968d600000,0x000000968d700000)]
  0x000002229c6c6060 JavaThread "Asynchronous log dispatcher for DefaultDaemonConnection: socket connection from /127.0.0.1:58261 to /127.0.0.1:58262" [_thread_blocked, id=13116, stack(0x000000968d700000,0x000000968d800000)]
  0x000002229c6c8df0 JavaThread "Daemon client event forwarder" [_thread_blocked, id=17024, stack(0x000000968d900000,0x000000968da00000)]
  0x000002229c6c6f90 JavaThread "Cache worker for journal cache (C:\Users\ivanp\.gradle\caches\journal-1)" [_thread_blocked, id=29652, stack(0x000000968da00000,0x000000968db00000)]
  0x000002229c6c74a0 JavaThread "File lock request listener" [_thread_in_native, id=22924, stack(0x000000968db00000,0x000000968dc00000)]
  0x000002229c6c88e0 JavaThread "Cache worker for file hash cache (C:\Users\ivanp\.gradle\caches\8.7\fileHashes)" [_thread_blocked, id=24728, stack(0x000000968dc00000,0x000000968dd00000)]
  0x000002229c6c9810 JavaThread "Cache worker for file hash cache (C:\Users\ivanp\NewCatroid\.gradle\8.7\fileHashes)" [_thread_blocked, id=28084, stack(0x000000968df00000,0x000000968e000000)]
  0x000002229e28ab50 JavaThread "File watcher server" daemon [_thread_blocked, id=26916, stack(0x000000968de00000,0x000000968df00000)]
  0x000002229e288cf0 JavaThread "File watcher consumer" daemon [_thread_blocked, id=17712, stack(0x000000968e100000,0x000000968e200000)]
  0x000002229e289200 JavaThread "Cache worker for checksums cache (C:\Users\ivanp\NewCatroid\.gradle\8.7\checksums)" [_thread_blocked, id=4360, stack(0x000000968e400000,0x000000968e500000)]
  0x000002229e2882d0 JavaThread "Cache worker for cache directory md-supplier (C:\Users\ivanp\.gradle\caches\8.7\md-supplier)" [_thread_blocked, id=21480, stack(0x000000968e500000,0x000000968e600000)]
  0x000002229e289710 JavaThread "Cache worker for cache directory md-rule (C:\Users\ivanp\.gradle\caches\8.7\md-rule)" [_thread_blocked, id=9380, stack(0x000000968e600000,0x000000968e700000)]
  0x000002229e2887e0 JavaThread "Cache worker for file content cache (C:\Users\ivanp\.gradle\caches\8.7\fileContent)" [_thread_blocked, id=16000, stack(0x000000968dd00000,0x000000968de00000)]
  0x000002229e28c9b0 JavaThread "jar transforms" [_thread_blocked, id=19284, stack(0x000000968e900000,0x000000968ea00000)]
  0x000002229e28cec0 JavaThread "jar transforms Thread 2" [_thread_blocked, id=4588, stack(0x000000968ea00000,0x000000968eb00000)]
  0x000002229e28ba80 JavaThread "Cache worker for Build Output Cleanup Cache (C:\Users\ivanp\NewCatroid\.gradle\buildOutputCleanup)" [_thread_blocked, id=19296, stack(0x000000968e800000,0x000000968e900000)]
  0x000002229e28bf90 JavaThread "jar transforms Thread 3" [_thread_blocked, id=9484, stack(0x000000968eb00000,0x000000968ec00000)]
  0x000002229e28ddf0 JavaThread "Unconstrained build operations" [_thread_blocked, id=16160, stack(0x000000968ec00000,0x000000968ed00000)]
  0x000002229e28a640 JavaThread "Unconstrained build operations Thread 2" [_thread_blocked, id=26076, stack(0x000000968ed00000,0x000000968ee00000)]
  0x000002229e28e300 JavaThread "Unconstrained build operations Thread 3" [_thread_blocked, id=29348, stack(0x000000968ee00000,0x000000968ef00000)]
  0x000002229e28e810 JavaThread "Unconstrained build operations Thread 4" [_thread_blocked, id=17924, stack(0x000000968ef00000,0x000000968f000000)]
  0x000002229e28ed20 JavaThread "Unconstrained build operations Thread 5" [_thread_blocked, id=27944, stack(0x000000968f000000,0x000000968f100000)]
  0x000002229e28f230 JavaThread "Unconstrained build operations Thread 6" [_thread_blocked, id=29436, stack(0x000000968f100000,0x000000968f200000)]
  0x000002229e28f740 JavaThread "Unconstrained build operations Thread 7" [_thread_blocked, id=29324, stack(0x000000968f200000,0x000000968f300000)]
  0x000002229e28c4a0 JavaThread "Unconstrained build operations Thread 8" [_thread_blocked, id=24580, stack(0x000000968f400000,0x000000968f500000)]
  0x000002229b1297b0 JavaThread "Unconstrained build operations Thread 9" [_thread_blocked, id=25352, stack(0x000000968f500000,0x000000968f600000)]
  0x000002229b12bb20 JavaThread "Unconstrained build operations Thread 10" [_thread_blocked, id=27880, stack(0x000000968f600000,0x000000968f700000)]
  0x000002229b12b610 JavaThread "Unconstrained build operations Thread 11" [_thread_blocked, id=27060, stack(0x000000968f700000,0x000000968f800000)]
  0x000002229b12ca50 JavaThread "Unconstrained build operations Thread 12" [_thread_blocked, id=22144, stack(0x000000968f800000,0x000000968f900000)]
  0x000002229b12c030 JavaThread "Unconstrained build operations Thread 13" [_thread_blocked, id=27940, stack(0x000000968f900000,0x000000968fa00000)]
  0x000002229b12c540 JavaThread "Unconstrained build operations Thread 14" [_thread_blocked, id=16132, stack(0x000000968fa00000,0x000000968fb00000)]
  0x000002229b129cc0 JavaThread "jar transforms Thread 4" [_thread_blocked, id=9016, stack(0x000000968fb00000,0x000000968fc00000)]
  0x000002229b12d980 JavaThread "jar transforms Thread 5" [_thread_blocked, id=2432, stack(0x000000968fc00000,0x000000968fd00000)]
  0x000002229b12a1d0 JavaThread "Unconstrained build operations Thread 15" [_thread_blocked, id=4552, stack(0x000000968fd00000,0x000000968fe00000)]
  0x000002229b12b100 JavaThread "Unconstrained build operations Thread 16" [_thread_blocked, id=3704, stack(0x000000968fe00000,0x000000968ff00000)]
  0x000002229b12de90 JavaThread "Unconstrained build operations Thread 17" [_thread_blocked, id=20976, stack(0x000000968ff00000,0x0000009690000000)]
  0x000002229b12a6e0 JavaThread "Unconstrained build operations Thread 18" [_thread_blocked, id=28400, stack(0x0000009690000000,0x0000009690100000)]
  0x000002229b12e8b0 JavaThread "Unconstrained build operations Thread 19" [_thread_blocked, id=26192, stack(0x0000009690100000,0x0000009690200000)]
  0x000002229b130c20 JavaThread "Unconstrained build operations Thread 20" [_thread_blocked, id=13552, stack(0x0000009690200000,0x0000009690300000)]
  0x000002229b131130 JavaThread "Unconstrained build operations Thread 21" [_thread_blocked, id=26176, stack(0x0000009690300000,0x0000009690400000)]
  0x000002229b12edc0 JavaThread "Unconstrained build operations Thread 22" [_thread_blocked, id=21664, stack(0x0000009690400000,0x0000009690500000)]
  0x000002229b12e3a0 JavaThread "Unconstrained build operations Thread 23" [_thread_blocked, id=23760, stack(0x0000009690500000,0x0000009690600000)]
  0x000002229b12fcf0 JavaThread "Unconstrained build operations Thread 24" [_thread_blocked, id=15816, stack(0x0000009690600000,0x0000009690700000)]
  0x000002229b12f2d0 JavaThread "Unconstrained build operations Thread 25" [_thread_blocked, id=15992, stack(0x0000009690700000,0x0000009690800000)]
  0x000002229b12f7e0 JavaThread "Unconstrained build operations Thread 26" [_thread_blocked, id=5312, stack(0x0000009690800000,0x0000009690900000)]
  0x000002229b130200 JavaThread "Unconstrained build operations Thread 27" [_thread_blocked, id=28548, stack(0x0000009690900000,0x0000009690a00000)]
  0x000002229b130710 JavaThread "Unconstrained build operations Thread 28" [_thread_blocked, id=8796, stack(0x0000009690a00000,0x0000009690b00000)]
  0x000002229f5d1df0 JavaThread "build event listener" [_thread_blocked, id=6296, stack(0x000000968e700000,0x000000968e800000)]
  0x000002229f5d2300 JavaThread "jar transforms Thread 6" [_thread_blocked, id=22176, stack(0x000000968f300000,0x000000968f400000)]
  0x000002229f5cff90 JavaThread "Memory manager" [_thread_blocked, id=10608, stack(0x0000009690c00000,0x0000009690d00000)]
  0x000002229f5d3230 JavaThread "jar transforms Thread 7" [_thread_blocked, id=16852, stack(0x0000009690b00000,0x0000009690c00000)]
  0x000002229f5d3c50 JavaThread "jar transforms Thread 8" [_thread_blocked, id=16992, stack(0x0000009690d00000,0x0000009690e00000)]
  0x000002229f5d2810 JavaThread "jar transforms Thread 9" [_thread_blocked, id=29060, stack(0x0000009690f00000,0x0000009691000000)]
  0x000002229f5d3740 JavaThread "jar transforms Thread 10" [_thread_blocked, id=8308, stack(0x0000009691000000,0x0000009691100000)]
  0x000002229f5d04a0 JavaThread "jar transforms Thread 11" [_thread_blocked, id=3612, stack(0x0000009691200000,0x0000009691300000)]
  0x000002229f5d4160 JavaThread "jar transforms Thread 12" [_thread_blocked, id=26004, stack(0x0000009691300000,0x0000009691400000)]
  0x000002229c9101f0 JavaThread "pool-3-thread-1" [_thread_blocked, id=3920, stack(0x000000968b300000,0x000000968b400000)]
  0x000002229c911120 JavaThread "build event listener" [_thread_blocked, id=6536, stack(0x000000968d800000,0x000000968d900000)]
  0x000002229c911630 JavaThread "included builds" [_thread_blocked, id=27260, stack(0x0000009690e00000,0x0000009690f00000)]
  0x000002229c913eb0 JavaThread "Execution worker" [_thread_blocked, id=26828, stack(0x0000009691500000,0x0000009691600000)]
  0x000002229c910700 JavaThread "Execution worker Thread 2" [_thread_blocked, id=9472, stack(0x0000009691600000,0x0000009691700000)]
  0x000002229c9143c0 JavaThread "Execution worker Thread 3" [_thread_blocked, id=26384, stack(0x0000009691700000,0x0000009691800000)]
  0x000002229c910c10 JavaThread "Execution worker Thread 4" [_thread_blocked, id=15376, stack(0x0000009691800000,0x0000009691900000)]
  0x000002229c9152f0 JavaThread "Execution worker Thread 5" [_thread_blocked, id=17540, stack(0x0000009691900000,0x0000009691a00000)]
  0x000002229c917b70 JavaThread "Execution worker Thread 6" [_thread_blocked, id=21964, stack(0x0000009691a00000,0x0000009691b00000)]
  0x000002229c917660 JavaThread "Execution worker Thread 7" [_thread_blocked, id=25080, stack(0x0000009691b00000,0x0000009691c00000)]
  0x000002229c9148d0 JavaThread "Cache worker for execution history cache (C:\Users\ivanp\NewCatroid\.gradle\8.7\executionHistory)" [_thread_blocked, id=21324, stack(0x0000009691c00000,0x0000009691d00000)]
  0x000002229c914de0 JavaThread "Unconstrained build operations Thread 29" [_thread_blocked, id=10256, stack(0x0000009691d00000,0x0000009691e00000)]
  0x000002229c916220 JavaThread "Unconstrained build operations Thread 30" [_thread_blocked, id=19328, stack(0x0000009691e00000,0x0000009691f00000)]
  0x000002229c915800 JavaThread "Unconstrained build operations Thread 31" [_thread_blocked, id=27360, stack(0x0000009691f00000,0x0000009692000000)]
  0x000002229c916730 JavaThread "Unconstrained build operations Thread 32" [_thread_blocked, id=5452, stack(0x0000009692000000,0x0000009692100000)]
  0x000002229c916c40 JavaThread "Unconstrained build operations Thread 33" [_thread_blocked, id=28916, stack(0x0000009692100000,0x0000009692200000)]
  0x000002229c915d10 JavaThread "Unconstrained build operations Thread 34" [_thread_blocked, id=24668, stack(0x0000009692200000,0x0000009692300000)]
  0x000002229c917150 JavaThread "Unconstrained build operations Thread 35" [_thread_blocked, id=24860, stack(0x0000009692300000,0x0000009692400000)]
  0x000002229dcc3ea0 JavaThread "Unconstrained build operations Thread 36" [_thread_blocked, id=13052, stack(0x0000009692400000,0x0000009692500000)]
  0x000002229dcc57f0 JavaThread "Unconstrained build operations Thread 37" [_thread_blocked, id=28608, stack(0x0000009692500000,0x0000009692600000)]
  0x000002229dcc43b0 JavaThread "Unconstrained build operations Thread 38" [_thread_blocked, id=9360, stack(0x0000009692600000,0x0000009692700000)]
  0x000002229e28b060 JavaThread "Unconstrained build operations Thread 39" [_thread_blocked, id=7612, stack(0x0000009692700000,0x0000009692800000)]
  0x000002229c6c6570 JavaThread "Unconstrained build operations Thread 40" [_thread_blocked, id=9184, stack(0x0000009692800000,0x0000009692900000)]
  0x000002229b4b94b0 JavaThread "Unconstrained build operations Thread 41" [_thread_blocked, id=25100, stack(0x0000009692900000,0x0000009692a00000)]
  0x000002229b4b8580 JavaThread "Unconstrained build operations Thread 42" [_thread_blocked, id=4272, stack(0x0000009692a00000,0x0000009692b00000)]
  0x000002229b4bae00 JavaThread "Unconstrained build operations Thread 43" [_thread_blocked, id=26164, stack(0x0000009692b00000,0x0000009692c00000)]
  0x000002229b4ba3e0 JavaThread "Unconstrained build operations Thread 44" [_thread_blocked, id=25948, stack(0x0000009692c00000,0x0000009692d00000)]
  0x000002229b4ba8f0 JavaThread "Unconstrained build operations Thread 45" [_thread_blocked, id=27256, stack(0x0000009692d00000,0x0000009692e00000)]
  0x000002229b4b99c0 JavaThread "Unconstrained build operations Thread 46" [_thread_blocked, id=24200, stack(0x0000009692e00000,0x0000009692f00000)]
  0x000002229b4b8a90 JavaThread "Unconstrained build operations Thread 47" [_thread_blocked, id=25860, stack(0x0000009692f00000,0x0000009693000000)]
  0x000002229b4b9ed0 JavaThread "Unconstrained build operations Thread 48" [_thread_blocked, id=13488, stack(0x0000009693000000,0x0000009693100000)]
  0x000002229b4bb310 JavaThread "Unconstrained build operations Thread 49" [_thread_blocked, id=24636, stack(0x0000009693100000,0x0000009693200000)]
  0x000002229b4bbd30 JavaThread "Unconstrained build operations Thread 50" [_thread_blocked, id=2808, stack(0x0000009693200000,0x0000009693300000)]
  0x000002229b4bb820 JavaThread "Unconstrained build operations Thread 51" [_thread_blocked, id=26348, stack(0x0000009693300000,0x0000009693400000)]
  0x000002229b4b8fa0 JavaThread "Unconstrained build operations Thread 52" [_thread_blocked, id=12724, stack(0x0000009693400000,0x0000009693500000)]
  0x000002229c912560 JavaThread "Unconstrained build operations Thread 53" [_thread_blocked, id=17912, stack(0x0000009693500000,0x0000009693600000)]
  0x00000222a1bfb570 JavaThread "Unconstrained build operations Thread 54" [_thread_blocked, id=26892, stack(0x0000009693600000,0x0000009693700000)]
  0x00000222a1bfbf90 JavaThread "Unconstrained build operations Thread 55" [_thread_blocked, id=22388, stack(0x0000009693700000,0x0000009693800000)]
  0x00000222a1bfb060 JavaThread "Unconstrained build operations Thread 56" [_thread_blocked, id=23956, stack(0x0000009693800000,0x0000009693900000)]
  0x00000222a1bfba80 JavaThread "Unconstrained build operations Thread 57" [_thread_blocked, id=25808, stack(0x0000009693900000,0x0000009693a00000)]
  0x00000222a1bfe300 JavaThread "Unconstrained build operations Thread 58" [_thread_blocked, id=27840, stack(0x0000009693a00000,0x0000009693b00000)]
  0x00000222a1bffc50 JavaThread "Unconstrained build operations Thread 59" [_thread_blocked, id=29028, stack(0x0000009693b00000,0x0000009693c00000)]
  0x00000222a1bff230 JavaThread "Unconstrained build operations Thread 60" [_thread_blocked, id=1576, stack(0x0000009693c00000,0x0000009693d00000)]
  0x00000222a1bfed20 JavaThread "Unconstrained build operations Thread 61" [_thread_blocked, id=14924, stack(0x0000009693d00000,0x0000009693e00000)]
  0x00000222a1bfe810 JavaThread "Unconstrained build operations Thread 62" [_thread_blocked, id=4644, stack(0x0000009693e00000,0x0000009693f00000)]
  0x00000222a1bff740 JavaThread "Unconstrained build operations Thread 63" [_thread_blocked, id=6884, stack(0x0000009693f00000,0x0000009694000000)]
  0x00000222a1bfddf0 JavaThread "Unconstrained build operations Thread 64" [_thread_blocked, id=8940, stack(0x0000009694000000,0x0000009694100000)]
  0x00000222a1bfc4a0 JavaThread "Unconstrained build operations Thread 65" [_thread_blocked, id=17608, stack(0x0000009694100000,0x0000009694200000)]
  0x00000222a1bfcec0 JavaThread "Unconstrained build operations Thread 66" [_thread_blocked, id=28076, stack(0x0000009694200000,0x0000009694300000)]
  0x00000222a1c00160 JavaThread "Unconstrained build operations Thread 67" [_thread_blocked, id=25912, stack(0x0000009694300000,0x0000009694400000)]
  0x00000222a1bfc9b0 JavaThread "Unconstrained build operations Thread 68" [_thread_blocked, id=28232, stack(0x0000009694400000,0x0000009694500000)]
  0x00000222a1bfd3d0 JavaThread "Unconstrained build operations Thread 69" [_thread_blocked, id=23676, stack(0x0000009694500000,0x0000009694600000)]
  0x00000222a1c024d0 JavaThread "Unconstrained build operations Thread 70" [_thread_blocked, id=22652, stack(0x0000009694600000,0x0000009694700000)]
  0x00000222a1c00670 JavaThread "Unconstrained build operations Thread 71" [_thread_blocked, id=25132, stack(0x0000009694700000,0x0000009694800000)]
  0x00000222a1c00b80 JavaThread "Unconstrained build operations Thread 72" [_thread_blocked, id=21724, stack(0x0000009694800000,0x0000009694900000)]
  0x00000222a1c029e0 JavaThread "Unconstrained build operations Thread 73" [_thread_blocked, id=26676, stack(0x0000009694900000,0x0000009694a00000)]
  0x00000222a1c01fc0 JavaThread "Unconstrained build operations Thread 74" [_thread_blocked, id=6232, stack(0x0000009694a00000,0x0000009694b00000)]
  0x00000222a1c01090 JavaThread "Unconstrained build operations Thread 75" [_thread_blocked, id=13868, stack(0x0000009694b00000,0x0000009694c00000)]
  0x00000222a1c015a0 JavaThread "Unconstrained build operations Thread 76" [_thread_blocked, id=24608, stack(0x0000009694c00000,0x0000009694d00000)]
  0x00000222a1c01ab0 JavaThread "Unconstrained build operations Thread 77" [_thread_blocked, id=4284, stack(0x0000009694d00000,0x0000009694e00000)]
  0x00000222a08b56e0 JavaThread "Unconstrained build operations Thread 78" [_thread_blocked, id=13000, stack(0x0000009694e00000,0x0000009694f00000)]
  0x00000222a08b51d0 JavaThread "Unconstrained build operations Thread 79" [_thread_blocked, id=22872, stack(0x0000009694f00000,0x0000009695000000)]
  0x00000222a08b2e60 JavaThread "Unconstrained build operations Thread 80" [_thread_blocked, id=10880, stack(0x0000009695000000,0x0000009695100000)]
  0x00000222a08b47b0 JavaThread "WorkerExecutor Queue" [_thread_blocked, id=24072, stack(0x0000009695d00000,0x0000009695e00000)]
  0x00000222a08b93a0 JavaThread "WorkerExecutor Queue Thread 2" [_thread_blocked, id=26564, stack(0x0000009695e00000,0x0000009695f00000)]
  0x00000222a08b8470 JavaThread "WorkerExecutor Queue Thread 3" [_thread_blocked, id=4524, stack(0x0000009695f00000,0x0000009696000000)]
  0x00000222a08b8980 JavaThread "WorkerExecutor Queue Thread 4" [_thread_blocked, id=28144, stack(0x0000009696000000,0x0000009696100000)]
  0x00000222a08b8e90 JavaThread "WorkerExecutor Queue Thread 5" [_thread_blocked, id=24528, stack(0x0000009696100000,0x0000009696200000)]
  0x000002229f5d5ab0 JavaThread "WorkerExecutor Queue Thread 6" [_thread_blocked, id=25540, stack(0x0000009696200000,0x0000009696300000)]
  0x000002229b12cf60 JavaThread "WorkerExecutor Queue Thread 7" [_thread_blocked, id=28920, stack(0x0000009696300000,0x0000009696400000)]
  0x00000222a2f0bc30 JavaThread "WorkerExecutor Queue Thread 8" [_thread_blocked, id=20876, stack(0x0000009696400000,0x0000009696500000)]
  0x00000222a2f0d070 JavaThread "pool-4-thread-1" [_thread_blocked, id=14312, stack(0x0000009696500000,0x0000009696600000)]
  0x00000222a2f0e4b0 JavaThread "stderr" [_thread_in_native, id=192, stack(0x0000009696600000,0x0000009696700000)]
  0x00000222a2f0eed0 JavaThread "stdout" [_thread_in_native, id=17612, stack(0x0000009696700000,0x0000009696800000)]
  0x00000222a2f0fe00 JavaThread "stderr" [_thread_in_native, id=25220, stack(0x0000009696800000,0x0000009696900000)]
  0x00000222a2f0cb60 JavaThread "stdout" [_thread_in_native, id=26540, stack(0x0000009696900000,0x0000009696a00000)]
  0x00000222a2f0f8f0 JavaThread "stderr" [_thread_in_native, id=24588, stack(0x0000009696a00000,0x0000009696b00000)]
  0x00000222a2f0da90 JavaThread "stdout" [_thread_in_native, id=26412, stack(0x0000009696b00000,0x0000009696c00000)]
  0x00000222a2f0c650 JavaThread "stderr" [_thread_in_native, id=16768, stack(0x0000009696c00000,0x0000009696d00000)]
  0x00000222a2f135b0 JavaThread "stdout" [_thread_in_native, id=12788, stack(0x0000009696d00000,0x0000009696e00000)]
  0x00000222a08b2440 JavaThread "Cache worker for Java compile cache (C:\Users\ivanp\.gradle\caches\8.7\javaCompile)" [_thread_blocked, id=27884, stack(0x0000009695200000,0x0000009695300000)]
  0x000002225579e900 JavaThread "Build operations" [_thread_blocked, id=7972, stack(0x0000009691100000,0x0000009691200000)]
  0x000002225579d4c0 JavaThread "Build operations Thread 2" [_thread_blocked, id=25676, stack(0x0000009695100000,0x0000009695200000)]
  0x000002225579d9d0 JavaThread "Build operations Thread 3" [_thread_blocked, id=24160, stack(0x0000009695300000,0x0000009695400000)]
  0x000002225579dee0 JavaThread "Build operations Thread 4" [_thread_blocked, id=8256, stack(0x0000009695b00000,0x0000009695c00000)]
  0x000002225579e3f0 JavaThread "Build operations Thread 5" [_thread_blocked, id=2620, stack(0x0000009695c00000,0x0000009695d00000)]
  0x000002225579cfb0 JavaThread "Build operations Thread 6" [_thread_blocked, id=26520, stack(0x0000009696e00000,0x0000009696f00000)]
  0x00000222a9e1a300 JavaThread "Build operations Thread 7" [_thread_blocked, id=16948, stack(0x0000009696f00000,0x0000009697000000)]
  0x00000222a3482830 JavaThread "Build operations Thread 8" [_thread_blocked, id=10324, stack(0x000000968e000000,0x000000968e100000)]
  0x00000222a2333720 JavaThread "Exec process Thread 4" [_thread_blocked, id=21972, stack(0x0000009691400000,0x0000009691500000)]
  0x00000222a1e5abb0 JavaThread "Exec process Thread 5" [_thread_blocked, id=2520, stack(0x0000009697000000,0x0000009697100000)]
  0x00000222a1e5a190 JavaThread "Exec process Thread 6" [_thread_blocked, id=27264, stack(0x0000009697100000,0x0000009697200000)]
  0x000002229d4678f0 JavaThread "C2 CompilerThread1" daemon [_thread_blocked, id=17752, stack(0x0000009697300000,0x0000009697400000)]
  0x00000222a3483760 JavaThread "ForkJoinPool-1-worker-1" daemon [_thread_blocked, id=23904, stack(0x0000009697400000,0x0000009697500000)]
  0x00000222a3482320 JavaThread "ForkJoinPool-1-worker-2" daemon [_thread_blocked, id=29236, stack(0x0000009697500000,0x0000009697600000)]
  0x00000222a9e1d720 JavaThread "ForkJoinPool-1-worker-3" daemon [_thread_blocked, id=6928, stack(0x0000009697600000,0x0000009697700000)]
  0x00000222a3482d40 JavaThread "ForkJoinPool-1-worker-4" daemon [_thread_blocked, id=20516, stack(0x0000009697700000,0x0000009697800000)]
  0x000002229b274710 JavaThread "ForkJoinPool-1-worker-5" daemon [_thread_blocked, id=18764, stack(0x0000009697800000,0x0000009697900000)]
  0x00000222a9e17060 JavaThread "ForkJoinPool-1-worker-6" daemon [_thread_blocked, id=16112, stack(0x0000009697900000,0x0000009697a00000)]
  0x00000222a3770c10 JavaThread "C2 CompilerThread2" daemon [_thread_blocked, id=24224, stack(0x0000009697a00000,0x0000009697b00000)]

Other Threads:
=>0x0000022255075fd0 VMThread "VM Thread" [stack: 0x000000968ba00000,0x000000968bb00000] [id=27564]
  0x00000222558f2f40 WatcherThread [stack: 0x000000968c600000,0x000000968c700000] [id=26552]
  0x000002222b54bc10 GCTaskThread "GC Thread#0" [stack: 0x000000968b500000,0x000000968b600000] [id=6160]
  0x0000022255ae4dc0 GCTaskThread "GC Thread#1" [stack: 0x000000968c800000,0x000000968c900000] [id=29328]
  0x000002229b118900 GCTaskThread "GC Thread#2" [stack: 0x000000968c900000,0x000000968ca00000] [id=27740]
  0x000002229b118bc0 GCTaskThread "GC Thread#3" [stack: 0x000000968ca00000,0x000000968cb00000] [id=6128]
  0x000002229b494520 GCTaskThread "GC Thread#4" [stack: 0x000000968cb00000,0x000000968cc00000] [id=29484]
  0x000002229b736a10 GCTaskThread "GC Thread#5" [stack: 0x000000968cc00000,0x000000968cd00000] [id=27320]
  0x000002229be3e7b0 GCTaskThread "GC Thread#6" [stack: 0x000000968cf00000,0x000000968d000000] [id=25404]
  0x000002229c562470 GCTaskThread "GC Thread#7" [stack: 0x000000968d000000,0x000000968d100000] [id=13088]
  0x000002229bfccbc0 GCTaskThread "GC Thread#8" [stack: 0x000000968d100000,0x000000968d200000] [id=21060]
  0x000002229c65d830 GCTaskThread "GC Thread#9" [stack: 0x000000968d200000,0x000000968d300000] [id=3960]
  0x000002222b558a70 ConcurrentGCThread "G1 Main Marker" [stack: 0x000000968b600000,0x000000968b700000] [id=13900]
  0x000002222b5593a0 ConcurrentGCThread "G1 Conc#0" [stack: 0x000000968b700000,0x000000968b800000] [id=14012]
  0x000002229dcb2230 ConcurrentGCThread "G1 Conc#1" [stack: 0x000000968e200000,0x000000968e300000] [id=3204]
  0x000002229e344c90 ConcurrentGCThread "G1 Conc#2" [stack: 0x000000968e300000,0x000000968e400000] [id=14304]
  0x000002222b56eac0 ConcurrentGCThread "G1 Refine#0" [stack: 0x000000968b800000,0x000000968b900000] [id=7184]
  0x00000222a39cf460 ConcurrentGCThread "G1 Refine#1" [stack: 0x000000968b200000,0x000000968b300000] [id=28016]
  0x00000222a39cbc90 ConcurrentGCThread "G1 Refine#2" [stack: 0x0000009695400000,0x0000009695500000] [id=29052]
  0x00000222a39cdfd0 ConcurrentGCThread "G1 Refine#3" [stack: 0x0000009695500000,0x0000009695600000] [id=26628]
  0x00000222a39cc850 ConcurrentGCThread "G1 Refine#4" [stack: 0x0000009695600000,0x0000009695700000] [id=2316]
  0x00000222a39ccb40 ConcurrentGCThread "G1 Refine#5" [stack: 0x0000009695700000,0x0000009695800000] [id=18068]
  0x00000222a39cc270 ConcurrentGCThread "G1 Refine#6" [stack: 0x0000009695800000,0x0000009695900000] [id=27372]
  0x00000222a39cd120 ConcurrentGCThread "G1 Refine#7" [stack: 0x000000968b100000,0x000000968b200000] [id=7060]
  0x00000222a39ceb90 ConcurrentGCThread "G1 Refine#8" [stack: 0x0000009695900000,0x0000009695a00000] [id=4480]
  0x00000222a39cd700 ConcurrentGCThread "G1 Refine#9" [stack: 0x0000009695a00000,0x0000009695b00000] [id=18752]
  0x0000022254f320c0 ConcurrentGCThread "G1 Service" [stack: 0x000000968b900000,0x000000968ba00000] [id=28588]

Threads with active compile tasks:
C2 CompilerThread1  308173 43202   !   4       com.android.tools.r8.graph.d4::a (1073 bytes)

VM state: at safepoint (normal execution)

VM Mutex/Monitor currently owned by a thread:  ([mutex/lock_event])
[0x000002222b4b9cb0] Threads_lock - owner thread: 0x0000022255075fd0
[0x000002222b4b8c60] Heap_lock - owner thread: 0x00000222a9e17060

Heap address: 0x0000000680000000, size: 6144 MB, Compressed Oops mode: Zero based, Oop shift amount: 3

CDS archive(s) mapped at: [0x0000022256000000-0x0000022256bb0000-0x0000022256bb0000), size 12255232, SharedBaseAddress: 0x0000022256000000, ArchiveRelocationMode: 1.
Compressed class space mapped at: 0x0000022257000000-0x0000022297000000, reserved size: 1073741824
Narrow klass base: 0x0000022256000000, Narrow klass shift: 0, Narrow klass range: 0x100000000

GC Precious Log:
 CPUs: 12 total, 12 available
 Memory: 16087M
 Large Page Support: Disabled
 NUMA Support: Disabled
 Compressed Oops: Enabled (Zero based)
 Heap Region Size: 4M
 Heap Min Capacity: 8M
 Heap Initial Capacity: 252M
 Heap Max Capacity: 6G
 Pre-touch: Disabled
 Parallel Workers: 10
 Concurrent Workers: 3
 Concurrent Refinement Workers: 10
 Periodic GC: Disabled

Heap:
 garbage-first heap   total 2273280K, used 1611010K [0x0000000680000000, 0x0000000800000000)
  region size 4096K, 14 young (57344K), 14 survivors (57344K)
 Metaspace       used 151593K, committed 153152K, reserved 1245184K
  class space    used 19356K, committed 20096K, reserved 1048576K

Heap Regions: E=young(eden), S=young(survivor), O=old, HS=humongous(starts), HC=humongous(continues), CS=collection set, F=free, OA=open archive, CA=closed archive, TAMS=top-at-mark-start (previous, next)
|   0|0x0000000680000000, 0x0000000680400000, 0x0000000680400000|100%|HS|  |TAMS 0x0000000680400000, 0x0000000680400000| Complete 
|   1|0x0000000680400000, 0x0000000680800000, 0x0000000680800000|100%| O|  |TAMS 0x0000000680800000, 0x0000000680800000| Untracked 
|   2|0x0000000680800000, 0x0000000680c00000, 0x0000000680c00000|100%| O|  |TAMS 0x0000000680c00000, 0x0000000680c00000| Untracked 
|   3|0x0000000680c00000, 0x0000000681000000, 0x0000000681000000|100%| O|  |TAMS 0x0000000681000000, 0x0000000681000000| Untracked 
|   4|0x0000000681000000, 0x0000000681400000, 0x0000000681400000|100%| O|  |TAMS 0x0000000681400000, 0x0000000681400000| Untracked 
|   5|0x0000000681400000, 0x0000000681800000, 0x0000000681800000|100%| O|  |TAMS 0x0000000681800000, 0x0000000681800000| Untracked 
|   6|0x0000000681800000, 0x0000000681c00000, 0x0000000681c00000|100%| O|  |TAMS 0x0000000681c00000, 0x0000000681c00000| Untracked 
|   7|0x0000000681c00000, 0x0000000682000000, 0x0000000682000000|100%| O|  |TAMS 0x0000000682000000, 0x0000000682000000| Untracked 
|   8|0x0000000682000000, 0x0000000682400000, 0x0000000682400000|100%| O|  |TAMS 0x0000000682400000, 0x0000000682400000| Untracked 
|   9|0x0000000682400000, 0x0000000682800000, 0x0000000682800000|100%|HS|  |TAMS 0x0000000682800000, 0x0000000682800000| Complete 
|  10|0x0000000682800000, 0x0000000682c00000, 0x0000000682c00000|100%| O|  |TAMS 0x0000000682c00000, 0x0000000682c00000| Untracked 
|  11|0x0000000682c00000, 0x0000000683000000, 0x0000000683000000|100%| O|  |TAMS 0x0000000683000000, 0x0000000683000000| Untracked 
|  12|0x0000000683000000, 0x0000000683400000, 0x0000000683400000|100%| O|  |TAMS 0x0000000683400000, 0x0000000683400000| Untracked 
|  13|0x0000000683400000, 0x0000000683800000, 0x0000000683800000|100%| O|  |TAMS 0x0000000683800000, 0x0000000683800000| Untracked 
|  14|0x0000000683800000, 0x0000000683c00000, 0x0000000683c00000|100%|HS|  |TAMS 0x0000000683c00000, 0x0000000683c00000| Complete 
|  15|0x0000000683c00000, 0x0000000684000000, 0x0000000684000000|100%| O|  |TAMS 0x0000000684000000, 0x0000000684000000| Untracked 
|  16|0x0000000684000000, 0x0000000684400000, 0x0000000684400000|100%| O|  |TAMS 0x0000000684400000, 0x0000000684400000| Untracked 
|  17|0x0000000684400000, 0x0000000684800000, 0x0000000684800000|100%| O|  |TAMS 0x0000000684800000, 0x0000000684800000| Untracked 
|  18|0x0000000684800000, 0x0000000684c00000, 0x0000000684c00000|100%| O|  |TAMS 0x0000000684c00000, 0x0000000684c00000| Untracked 
|  19|0x0000000684c00000, 0x0000000685000000, 0x0000000685000000|100%| O|  |TAMS 0x0000000685000000, 0x0000000685000000| Untracked 
|  20|0x0000000685000000, 0x0000000685400000, 0x0000000685400000|100%| O|  |TAMS 0x0000000685400000, 0x0000000685400000| Untracked 
|  21|0x0000000685400000, 0x0000000685800000, 0x0000000685800000|100%| O|  |TAMS 0x0000000685800000, 0x0000000685800000| Untracked 
|  22|0x0000000685800000, 0x0000000685c00000, 0x0000000685c00000|100%| O|  |TAMS 0x0000000685c00000, 0x0000000685c00000| Untracked 
|  23|0x0000000685c00000, 0x0000000686000000, 0x0000000686000000|100%| O|  |TAMS 0x0000000686000000, 0x0000000686000000| Untracked 
|  24|0x0000000686000000, 0x0000000686400000, 0x0000000686400000|100%| O|  |TAMS 0x0000000686400000, 0x0000000686400000| Untracked 
|  25|0x0000000686400000, 0x0000000686800000, 0x0000000686800000|100%| O|  |TAMS 0x0000000686800000, 0x0000000686800000| Untracked 
|  26|0x0000000686800000, 0x0000000686c00000, 0x0000000686c00000|100%| O|  |TAMS 0x0000000686c00000, 0x0000000686c00000| Untracked 
|  27|0x0000000686c00000, 0x0000000687000000, 0x0000000687000000|100%| O|  |TAMS 0x0000000687000000, 0x0000000687000000| Untracked 
|  28|0x0000000687000000, 0x0000000687400000, 0x0000000687400000|100%| O|  |TAMS 0x0000000687400000, 0x0000000687400000| Untracked 
|  29|0x0000000687400000, 0x0000000687800000, 0x0000000687800000|100%| O|  |TAMS 0x0000000687800000, 0x0000000687800000| Untracked 
|  30|0x0000000687800000, 0x0000000687c00000, 0x0000000687c00000|100%| O|  |TAMS 0x0000000687c00000, 0x0000000687c00000| Untracked 
|  31|0x0000000687c00000, 0x0000000688000000, 0x0000000688000000|100%| O|  |TAMS 0x0000000688000000, 0x0000000688000000| Untracked 
|  32|0x0000000688000000, 0x0000000688400000, 0x0000000688400000|100%| O|  |TAMS 0x0000000688400000, 0x0000000688400000| Untracked 
|  33|0x0000000688400000, 0x0000000688800000, 0x0000000688800000|100%| O|  |TAMS 0x0000000688800000, 0x0000000688800000| Untracked 
|  34|0x0000000688800000, 0x0000000688c00000, 0x0000000688c00000|100%| O|  |TAMS 0x0000000688c00000, 0x0000000688c00000| Untracked 
|  35|0x0000000688c00000, 0x0000000689000000, 0x0000000689000000|100%| O|  |TAMS 0x0000000689000000, 0x0000000689000000| Untracked 
|  36|0x0000000689000000, 0x0000000689400000, 0x0000000689400000|100%| O|  |TAMS 0x0000000689400000, 0x0000000689400000| Untracked 
|  37|0x0000000689400000, 0x0000000689800000, 0x0000000689800000|100%| O|  |TAMS 0x0000000689800000, 0x0000000689800000| Untracked 
|  38|0x0000000689800000, 0x0000000689c00000, 0x0000000689c00000|100%| O|  |TAMS 0x0000000689c00000, 0x0000000689c00000| Untracked 
|  39|0x0000000689c00000, 0x000000068a000000, 0x000000068a000000|100%| O|  |TAMS 0x000000068a000000, 0x000000068a000000| Untracked 
|  40|0x000000068a000000, 0x000000068a400000, 0x000000068a400000|100%| O|  |TAMS 0x000000068a400000, 0x000000068a400000| Untracked 
|  41|0x000000068a400000, 0x000000068a800000, 0x000000068a800000|100%| O|  |TAMS 0x000000068a800000, 0x000000068a800000| Untracked 
|  42|0x000000068a800000, 0x000000068ac00000, 0x000000068ac00000|100%| O|  |TAMS 0x000000068ac00000, 0x000000068ac00000| Untracked 
|  43|0x000000068ac00000, 0x000000068b000000, 0x000000068b000000|100%| O|  |TAMS 0x000000068b000000, 0x000000068b000000| Untracked 
|  44|0x000000068b000000, 0x000000068b400000, 0x000000068b400000|100%| O|  |TAMS 0x000000068b400000, 0x000000068b400000| Untracked 
|  45|0x000000068b400000, 0x000000068b800000, 0x000000068b800000|100%| O|  |TAMS 0x000000068b800000, 0x000000068b800000| Untracked 
|  46|0x000000068b800000, 0x000000068bc00000, 0x000000068bc00000|100%| O|  |TAMS 0x000000068bc00000, 0x000000068bc00000| Untracked 
|  47|0x000000068bc00000, 0x000000068c000000, 0x000000068c000000|100%| O|  |TAMS 0x000000068c000000, 0x000000068c000000| Untracked 
|  48|0x000000068c000000, 0x000000068c400000, 0x000000068c400000|100%| O|  |TAMS 0x000000068c400000, 0x000000068c400000| Untracked 
|  49|0x000000068c400000, 0x000000068c800000, 0x000000068c800000|100%| O|  |TAMS 0x000000068c800000, 0x000000068c800000| Untracked 
|  50|0x000000068c800000, 0x000000068cc00000, 0x000000068cc00000|100%| O|  |TAMS 0x000000068cc00000, 0x000000068cc00000| Untracked 
|  51|0x000000068cc00000, 0x000000068d000000, 0x000000068d000000|100%| O|  |TAMS 0x000000068d000000, 0x000000068d000000| Untracked 
|  52|0x000000068d000000, 0x000000068d400000, 0x000000068d400000|100%| O|  |TAMS 0x000000068d400000, 0x000000068d400000| Untracked 
|  53|0x000000068d400000, 0x000000068d800000, 0x000000068d800000|100%| O|  |TAMS 0x000000068d800000, 0x000000068d800000| Untracked 
|  54|0x000000068d800000, 0x000000068dc00000, 0x000000068dc00000|100%| O|  |TAMS 0x000000068dc00000, 0x000000068dc00000| Untracked 
|  55|0x000000068dc00000, 0x000000068e000000, 0x000000068e000000|100%| O|  |TAMS 0x000000068e000000, 0x000000068e000000| Untracked 
|  56|0x000000068e000000, 0x000000068e400000, 0x000000068e400000|100%| O|  |TAMS 0x000000068e400000, 0x000000068e400000| Untracked 
|  57|0x000000068e400000, 0x000000068e800000, 0x000000068e800000|100%| O|  |TAMS 0x000000068e800000, 0x000000068e800000| Untracked 
|  58|0x000000068e800000, 0x000000068ec00000, 0x000000068ec00000|100%| O|  |TAMS 0x000000068ec00000, 0x000000068ec00000| Untracked 
|  59|0x000000068ec00000, 0x000000068f000000, 0x000000068f000000|100%| O|  |TAMS 0x000000068f000000, 0x000000068f000000| Untracked 
|  60|0x000000068f000000, 0x000000068f400000, 0x000000068f400000|100%| O|  |TAMS 0x000000068f400000, 0x000000068f400000| Untracked 
|  61|0x000000068f400000, 0x000000068f800000, 0x000000068f800000|100%| O|  |TAMS 0x000000068f800000, 0x000000068f800000| Untracked 
|  62|0x000000068f800000, 0x000000068fc00000, 0x000000068fc00000|100%| O|  |TAMS 0x000000068fc00000, 0x000000068fc00000| Untracked 
|  63|0x000000068fc00000, 0x0000000690000000, 0x0000000690000000|100%| O|  |TAMS 0x0000000690000000, 0x0000000690000000| Untracked 
|  64|0x0000000690000000, 0x0000000690400000, 0x0000000690400000|100%| O|  |TAMS 0x0000000690400000, 0x0000000690400000| Untracked 
|  65|0x0000000690400000, 0x0000000690800000, 0x0000000690800000|100%| O|  |TAMS 0x0000000690400000, 0x0000000690800000| Untracked 
|  66|0x0000000690800000, 0x0000000690c00000, 0x0000000690c00000|100%| O|  |TAMS 0x0000000690c00000, 0x0000000690c00000| Untracked 
|  67|0x0000000690c00000, 0x0000000691000000, 0x0000000691000000|100%| O|  |TAMS 0x0000000691000000, 0x0000000691000000| Untracked 
|  68|0x0000000691000000, 0x0000000691400000, 0x0000000691400000|100%| O|  |TAMS 0x0000000691400000, 0x0000000691400000| Untracked 
|  69|0x0000000691400000, 0x0000000691800000, 0x0000000691800000|100%| O|  |TAMS 0x0000000691800000, 0x0000000691800000| Untracked 
|  70|0x0000000691800000, 0x0000000691c00000, 0x0000000691c00000|100%| O|  |TAMS 0x0000000691c00000, 0x0000000691c00000| Untracked 
|  71|0x0000000691c00000, 0x0000000692000000, 0x0000000692000000|100%| O|  |TAMS 0x0000000692000000, 0x0000000692000000| Untracked 
|  72|0x0000000692000000, 0x0000000692400000, 0x0000000692400000|100%| O|  |TAMS 0x0000000692000000, 0x0000000692400000| Untracked 
|  73|0x0000000692400000, 0x0000000692800000, 0x0000000692800000|100%| O|  |TAMS 0x0000000692800000, 0x0000000692800000| Untracked 
|  74|0x0000000692800000, 0x0000000692c00000, 0x0000000692c00000|100%| O|  |TAMS 0x0000000692c00000, 0x0000000692c00000| Untracked 
|  75|0x0000000692c00000, 0x0000000693000000, 0x0000000693000000|100%| O|  |TAMS 0x0000000692c00000, 0x0000000693000000| Untracked 
|  76|0x0000000693000000, 0x0000000693400000, 0x0000000693400000|100%| O|  |TAMS 0x0000000693000000, 0x0000000693400000| Untracked 
|  77|0x0000000693400000, 0x0000000693800000, 0x0000000693800000|100%| O|  |TAMS 0x0000000693400000, 0x0000000693800000| Untracked 
|  78|0x0000000693800000, 0x0000000693c00000, 0x0000000693c00000|100%| O|  |TAMS 0x0000000693800000, 0x0000000693c00000| Untracked 
|  79|0x0000000693c00000, 0x0000000694000000, 0x0000000694000000|100%| O|  |TAMS 0x0000000693c00000, 0x0000000694000000| Untracked 
|  80|0x0000000694000000, 0x0000000694400000, 0x0000000694400000|100%| O|  |TAMS 0x0000000694000000, 0x0000000694400000| Untracked 
|  81|0x0000000694400000, 0x0000000694800000, 0x0000000694800000|100%| O|  |TAMS 0x0000000694400000, 0x0000000694800000| Untracked 
|  82|0x0000000694800000, 0x0000000694c00000, 0x0000000694c00000|100%| O|  |TAMS 0x0000000694800000, 0x0000000694c00000| Untracked 
|  83|0x0000000694c00000, 0x0000000695000000, 0x0000000695000000|100%| O|  |TAMS 0x0000000694c00000, 0x0000000695000000| Untracked 
|  84|0x0000000695000000, 0x0000000695400000, 0x0000000695400000|100%| O|  |TAMS 0x0000000695000000, 0x0000000695400000| Untracked 
|  85|0x0000000695400000, 0x0000000695800000, 0x0000000695800000|100%| O|  |TAMS 0x0000000695400000, 0x0000000695800000| Untracked 
|  86|0x0000000695800000, 0x0000000695c00000, 0x0000000695c00000|100%| O|  |TAMS 0x0000000695800000, 0x0000000695c00000| Untracked 
|  87|0x0000000695c00000, 0x0000000696000000, 0x0000000696000000|100%| O|  |TAMS 0x0000000695c00000, 0x0000000696000000| Untracked 
|  88|0x0000000696000000, 0x0000000696400000, 0x0000000696400000|100%| O|  |TAMS 0x0000000696400000, 0x0000000696400000| Untracked 
|  89|0x0000000696400000, 0x0000000696800000, 0x0000000696800000|100%| O|  |TAMS 0x0000000696400000, 0x0000000696800000| Untracked 
|  90|0x0000000696800000, 0x0000000696c00000, 0x0000000696c00000|100%| O|  |TAMS 0x0000000696800000, 0x0000000696c00000| Untracked 
|  91|0x0000000696c00000, 0x0000000697000000, 0x0000000697000000|100%| O|  |TAMS 0x0000000696c00000, 0x0000000697000000| Untracked 
|  92|0x0000000697000000, 0x0000000697400000, 0x0000000697400000|100%| O|  |TAMS 0x0000000697000000, 0x0000000697400000| Untracked 
|  93|0x0000000697400000, 0x0000000697800000, 0x0000000697800000|100%| O|  |TAMS 0x0000000697400000, 0x0000000697800000| Untracked 
|  94|0x0000000697800000, 0x0000000697c00000, 0x0000000697c00000|100%| O|  |TAMS 0x0000000697800000, 0x0000000697c00000| Untracked 
|  95|0x0000000697c00000, 0x0000000698000000, 0x0000000698000000|100%| O|  |TAMS 0x0000000697c00000, 0x0000000698000000| Untracked 
|  96|0x0000000698000000, 0x0000000698400000, 0x0000000698400000|100%| O|  |TAMS 0x0000000698000000, 0x0000000698400000| Untracked 
|  97|0x0000000698400000, 0x0000000698800000, 0x0000000698800000|100%| O|  |TAMS 0x0000000698400000, 0x0000000698800000| Untracked 
|  98|0x0000000698800000, 0x0000000698c00000, 0x0000000698c00000|100%| O|  |TAMS 0x0000000698800000, 0x0000000698c00000| Untracked 
|  99|0x0000000698c00000, 0x0000000699000000, 0x0000000699000000|100%| O|  |TAMS 0x0000000699000000, 0x0000000699000000| Untracked 
| 100|0x0000000699000000, 0x0000000699400000, 0x0000000699400000|100%| O|  |TAMS 0x0000000699400000, 0x0000000699400000| Untracked 
| 101|0x0000000699400000, 0x0000000699800000, 0x0000000699800000|100%| O|  |TAMS 0x0000000699800000, 0x0000000699800000| Untracked 
| 102|0x0000000699800000, 0x0000000699c00000, 0x0000000699c00000|100%| O|  |TAMS 0x0000000699800000, 0x0000000699c00000| Untracked 
| 103|0x0000000699c00000, 0x000000069a000000, 0x000000069a000000|100%| O|  |TAMS 0x0000000699c00000, 0x000000069a000000| Untracked 
| 104|0x000000069a000000, 0x000000069a400000, 0x000000069a400000|100%| O|  |TAMS 0x000000069a000000, 0x000000069a400000| Untracked 
| 105|0x000000069a400000, 0x000000069a800000, 0x000000069a800000|100%| O|  |TAMS 0x000000069a400000, 0x000000069a800000| Untracked 
| 106|0x000000069a800000, 0x000000069ac00000, 0x000000069ac00000|100%| O|  |TAMS 0x000000069a800000, 0x000000069ac00000| Untracked 
| 107|0x000000069ac00000, 0x000000069b000000, 0x000000069b000000|100%| O|  |TAMS 0x000000069ac00000, 0x000000069b000000| Untracked 
| 108|0x000000069b000000, 0x000000069b400000, 0x000000069b400000|100%| O|  |TAMS 0x000000069b400000, 0x000000069b400000| Untracked 
| 109|0x000000069b400000, 0x000000069b800000, 0x000000069b800000|100%| O|  |TAMS 0x000000069b400000, 0x000000069b800000| Untracked 
| 110|0x000000069b800000, 0x000000069bc00000, 0x000000069bc00000|100%| O|  |TAMS 0x000000069b800000, 0x000000069bc00000| Untracked 
| 111|0x000000069bc00000, 0x000000069c000000, 0x000000069c000000|100%| O|  |TAMS 0x000000069bc00000, 0x000000069c000000| Untracked 
| 112|0x000000069c000000, 0x000000069c400000, 0x000000069c400000|100%| O|  |TAMS 0x000000069c000000, 0x000000069c400000| Untracked 
| 113|0x000000069c400000, 0x000000069c800000, 0x000000069c800000|100%| O|  |TAMS 0x000000069c400000, 0x000000069c800000| Untracked 
| 114|0x000000069c800000, 0x000000069cc00000, 0x000000069cc00000|100%| O|  |TAMS 0x000000069c800000, 0x000000069cc00000| Untracked 
| 115|0x000000069cc00000, 0x000000069d000000, 0x000000069d000000|100%| O|  |TAMS 0x000000069cc00000, 0x000000069d000000| Untracked 
| 116|0x000000069d000000, 0x000000069d400000, 0x000000069d400000|100%| O|  |TAMS 0x000000069d400000, 0x000000069d400000| Untracked 
| 117|0x000000069d400000, 0x000000069d800000, 0x000000069d800000|100%| O|  |TAMS 0x000000069d400000, 0x000000069d800000| Untracked 
| 118|0x000000069d800000, 0x000000069dc00000, 0x000000069dc00000|100%| O|  |TAMS 0x000000069d800000, 0x000000069dc00000| Untracked 
| 119|0x000000069dc00000, 0x000000069e000000, 0x000000069e000000|100%| O|  |TAMS 0x000000069dc00000, 0x000000069e000000| Untracked 
| 120|0x000000069e000000, 0x000000069e400000, 0x000000069e400000|100%| O|  |TAMS 0x000000069e000000, 0x000000069e400000| Untracked 
| 121|0x000000069e400000, 0x000000069e800000, 0x000000069e800000|100%| O|  |TAMS 0x000000069e400000, 0x000000069e800000| Untracked 
| 122|0x000000069e800000, 0x000000069ec00000, 0x000000069ec00000|100%| O|  |TAMS 0x000000069e800000, 0x000000069ec00000| Untracked 
| 123|0x000000069ec00000, 0x000000069f000000, 0x000000069f000000|100%| O|  |TAMS 0x000000069ec00000, 0x000000069f000000| Untracked 
| 124|0x000000069f000000, 0x000000069f400000, 0x000000069f400000|100%| O|  |TAMS 0x000000069f000000, 0x000000069f400000| Untracked 
| 125|0x000000069f400000, 0x000000069f800000, 0x000000069f800000|100%| O|  |TAMS 0x000000069f400000, 0x000000069f800000| Untracked 
| 126|0x000000069f800000, 0x000000069fc00000, 0x000000069fc00000|100%| O|  |TAMS 0x000000069f800000, 0x000000069fc00000| Untracked 
| 127|0x000000069fc00000, 0x00000006a0000000, 0x00000006a0000000|100%| O|  |TAMS 0x000000069fc00000, 0x00000006a0000000| Untracked 
| 128|0x00000006a0000000, 0x00000006a0400000, 0x00000006a0400000|100%| O|  |TAMS 0x00000006a0000000, 0x00000006a0400000| Untracked 
| 129|0x00000006a0400000, 0x00000006a0800000, 0x00000006a0800000|100%| O|  |TAMS 0x00000006a0400000, 0x00000006a0800000| Untracked 
| 130|0x00000006a0800000, 0x00000006a0c00000, 0x00000006a0c00000|100%| O|  |TAMS 0x00000006a0800000, 0x00000006a0c00000| Untracked 
| 131|0x00000006a0c00000, 0x00000006a1000000, 0x00000006a1000000|100%| O|  |TAMS 0x00000006a0c00000, 0x00000006a1000000| Untracked 
| 132|0x00000006a1000000, 0x00000006a1400000, 0x00000006a1400000|100%| O|  |TAMS 0x00000006a1000000, 0x00000006a1400000| Untracked 
| 133|0x00000006a1400000, 0x00000006a1800000, 0x00000006a1800000|100%| O|  |TAMS 0x00000006a1400000, 0x00000006a1800000| Untracked 
| 134|0x00000006a1800000, 0x00000006a1c00000, 0x00000006a1c00000|100%| O|  |TAMS 0x00000006a1c00000, 0x00000006a1c00000| Untracked 
| 135|0x00000006a1c00000, 0x00000006a2000000, 0x00000006a2000000|100%| O|  |TAMS 0x00000006a2000000, 0x00000006a2000000| Untracked 
| 136|0x00000006a2000000, 0x00000006a2400000, 0x00000006a2400000|100%| O|  |TAMS 0x00000006a2400000, 0x00000006a2400000| Untracked 
| 137|0x00000006a2400000, 0x00000006a2800000, 0x00000006a2800000|100%| O|  |TAMS 0x00000006a2400000, 0x00000006a2800000| Untracked 
| 138|0x00000006a2800000, 0x00000006a2c00000, 0x00000006a2c00000|100%| O|  |TAMS 0x00000006a2800000, 0x00000006a2c00000| Untracked 
| 139|0x00000006a2c00000, 0x00000006a3000000, 0x00000006a3000000|100%| O|  |TAMS 0x00000006a2c00000, 0x00000006a3000000| Untracked 
| 140|0x00000006a3000000, 0x00000006a3400000, 0x00000006a3400000|100%| O|  |TAMS 0x00000006a3000000, 0x00000006a3400000| Untracked 
| 141|0x00000006a3400000, 0x00000006a3800000, 0x00000006a3800000|100%| O|  |TAMS 0x00000006a3400000, 0x00000006a3800000| Untracked 
| 142|0x00000006a3800000, 0x00000006a3c00000, 0x00000006a3c00000|100%| O|  |TAMS 0x00000006a3800000, 0x00000006a3c00000| Untracked 
| 143|0x00000006a3c00000, 0x00000006a4000000, 0x00000006a4000000|100%| O|  |TAMS 0x00000006a3c00000, 0x00000006a4000000| Untracked 
| 144|0x00000006a4000000, 0x00000006a4400000, 0x00000006a4400000|100%| O|  |TAMS 0x00000006a4000000, 0x00000006a4400000| Untracked 
| 145|0x00000006a4400000, 0x00000006a4800000, 0x00000006a4800000|100%| O|  |TAMS 0x00000006a4400000, 0x00000006a4800000| Untracked 
| 146|0x00000006a4800000, 0x00000006a4c00000, 0x00000006a4c00000|100%| O|  |TAMS 0x00000006a4800000, 0x00000006a4c00000| Untracked 
| 147|0x00000006a4c00000, 0x00000006a5000000, 0x00000006a5000000|100%| O|  |TAMS 0x00000006a5000000, 0x00000006a5000000| Untracked 
| 148|0x00000006a5000000, 0x00000006a5400000, 0x00000006a5400000|100%| O|  |TAMS 0x00000006a5400000, 0x00000006a5400000| Untracked 
| 149|0x00000006a5400000, 0x00000006a5800000, 0x00000006a5800000|100%| O|  |TAMS 0x00000006a5800000, 0x00000006a5800000| Untracked 
| 150|0x00000006a5800000, 0x00000006a5c00000, 0x00000006a5c00000|100%| O|  |TAMS 0x00000006a5c00000, 0x00000006a5c00000| Untracked 
| 151|0x00000006a5c00000, 0x00000006a6000000, 0x00000006a6000000|100%| O|  |TAMS 0x00000006a5c00000, 0x00000006a6000000| Untracked 
| 152|0x00000006a6000000, 0x00000006a6400000, 0x00000006a6400000|100%| O|  |TAMS 0x00000006a6000000, 0x00000006a6400000| Untracked 
| 153|0x00000006a6400000, 0x00000006a6800000, 0x00000006a6800000|100%| O|  |TAMS 0x00000006a6400000, 0x00000006a6800000| Untracked 
| 154|0x00000006a6800000, 0x00000006a6c00000, 0x00000006a6c00000|100%| O|  |TAMS 0x00000006a6c00000, 0x00000006a6c00000| Untracked 
| 155|0x00000006a6c00000, 0x00000006a7000000, 0x00000006a7000000|100%| O|  |TAMS 0x00000006a7000000, 0x00000006a7000000| Untracked 
| 156|0x00000006a7000000, 0x00000006a7400000, 0x00000006a7400000|100%| O|  |TAMS 0x00000006a7400000, 0x00000006a7400000| Untracked 
| 157|0x00000006a7400000, 0x00000006a7800000, 0x00000006a7800000|100%| O|  |TAMS 0x00000006a7800000, 0x00000006a7800000| Untracked 
| 158|0x00000006a7800000, 0x00000006a7c00000, 0x00000006a7c00000|100%| O|  |TAMS 0x00000006a7c00000, 0x00000006a7c00000| Untracked 
| 159|0x00000006a7c00000, 0x00000006a8000000, 0x00000006a8000000|100%| O|  |TAMS 0x00000006a7c00000, 0x00000006a8000000| Untracked 
| 160|0x00000006a8000000, 0x00000006a8400000, 0x00000006a8400000|100%| O|  |TAMS 0x00000006a8400000, 0x00000006a8400000| Untracked 
| 161|0x00000006a8400000, 0x00000006a8800000, 0x00000006a8800000|100%| O|  |TAMS 0x00000006a8800000, 0x00000006a8800000| Untracked 
| 162|0x00000006a8800000, 0x00000006a8c00000, 0x00000006a8c00000|100%| O|  |TAMS 0x00000006a8c00000, 0x00000006a8c00000| Untracked 
| 163|0x00000006a8c00000, 0x00000006a9000000, 0x00000006a9000000|100%| O|  |TAMS 0x00000006a9000000, 0x00000006a9000000| Untracked 
| 164|0x00000006a9000000, 0x00000006a9400000, 0x00000006a9400000|100%| O|  |TAMS 0x00000006a9400000, 0x00000006a9400000| Untracked 
| 165|0x00000006a9400000, 0x00000006a9800000, 0x00000006a9800000|100%| O|  |TAMS 0x00000006a9800000, 0x00000006a9800000| Untracked 
| 166|0x00000006a9800000, 0x00000006a9c00000, 0x00000006a9c00000|100%| O|  |TAMS 0x00000006a9c00000, 0x00000006a9c00000| Untracked 
| 167|0x00000006a9c00000, 0x00000006aa000000, 0x00000006aa000000|100%| O|  |TAMS 0x00000006aa000000, 0x00000006aa000000| Untracked 
| 168|0x00000006aa000000, 0x00000006aa400000, 0x00000006aa400000|100%| O|  |TAMS 0x00000006aa400000, 0x00000006aa400000| Untracked 
| 169|0x00000006aa400000, 0x00000006aa800000, 0x00000006aa800000|100%| O|  |TAMS 0x00000006aa800000, 0x00000006aa800000| Untracked 
| 170|0x00000006aa800000, 0x00000006aac00000, 0x00000006aac00000|100%| O|  |TAMS 0x00000006aac00000, 0x00000006aac00000| Untracked 
| 171|0x00000006aac00000, 0x00000006ab000000, 0x00000006ab000000|100%| O|  |TAMS 0x00000006ab000000, 0x00000006ab000000| Untracked 
| 172|0x00000006ab000000, 0x00000006ab400000, 0x00000006ab400000|100%| O|  |TAMS 0x00000006ab400000, 0x00000006ab400000| Untracked 
| 173|0x00000006ab400000, 0x00000006ab800000, 0x00000006ab800000|100%| O|  |TAMS 0x00000006ab800000, 0x00000006ab800000| Untracked 
| 174|0x00000006ab800000, 0x00000006abc00000, 0x00000006abc00000|100%| O|  |TAMS 0x00000006ab800000, 0x00000006abc00000| Untracked 
| 175|0x00000006abc00000, 0x00000006ac000000, 0x00000006ac000000|100%| O|  |TAMS 0x00000006abc00000, 0x00000006ac000000| Untracked 
| 176|0x00000006ac000000, 0x00000006ac400000, 0x00000006ac400000|100%| O|  |TAMS 0x00000006ac400000, 0x00000006ac400000| Untracked 
| 177|0x00000006ac400000, 0x00000006ac800000, 0x00000006ac800000|100%| O|  |TAMS 0x00000006ac400000, 0x00000006ac800000| Untracked 
| 178|0x00000006ac800000, 0x00000006acc00000, 0x00000006acc00000|100%| O|  |TAMS 0x00000006ac800000, 0x00000006acc00000| Untracked 
| 179|0x00000006acc00000, 0x00000006ad000000, 0x00000006ad000000|100%| O|  |TAMS 0x00000006ad000000, 0x00000006ad000000| Untracked 
| 180|0x00000006ad000000, 0x00000006ad400000, 0x00000006ad400000|100%| O|  |TAMS 0x00000006ad400000, 0x00000006ad400000| Untracked 
| 181|0x00000006ad400000, 0x00000006ad800000, 0x00000006ad800000|100%| O|  |TAMS 0x00000006ad800000, 0x00000006ad800000| Untracked 
| 182|0x00000006ad800000, 0x00000006adc00000, 0x00000006adc00000|100%| O|  |TAMS 0x00000006adc00000, 0x00000006adc00000| Untracked 
| 183|0x00000006adc00000, 0x00000006ae000000, 0x00000006ae000000|100%| O|  |TAMS 0x00000006ae000000, 0x00000006ae000000| Untracked 
| 184|0x00000006ae000000, 0x00000006ae400000, 0x00000006ae400000|100%| O|  |TAMS 0x00000006ae400000, 0x00000006ae400000| Untracked 
| 185|0x00000006ae400000, 0x00000006ae800000, 0x00000006ae800000|100%| O|  |TAMS 0x00000006ae800000, 0x00000006ae800000| Untracked 
| 186|0x00000006ae800000, 0x00000006aec00000, 0x00000006aec00000|100%| O|  |TAMS 0x00000006aec00000, 0x00000006aec00000| Untracked 
| 187|0x00000006aec00000, 0x00000006af000000, 0x00000006af000000|100%| O|  |TAMS 0x00000006af000000, 0x00000006af000000| Untracked 
| 188|0x00000006af000000, 0x00000006af400000, 0x00000006af400000|100%| O|  |TAMS 0x00000006af400000, 0x00000006af400000| Untracked 
| 189|0x00000006af400000, 0x00000006af800000, 0x00000006af800000|100%| O|  |TAMS 0x00000006af800000, 0x00000006af800000| Untracked 
| 190|0x00000006af800000, 0x00000006afc00000, 0x00000006afc00000|100%| O|  |TAMS 0x00000006afc00000, 0x00000006afc00000| Untracked 
| 191|0x00000006afc00000, 0x00000006b0000000, 0x00000006b0000000|100%| O|  |TAMS 0x00000006b0000000, 0x00000006b0000000| Untracked 
| 192|0x00000006b0000000, 0x00000006b0400000, 0x00000006b0400000|100%| O|  |TAMS 0x00000006b0400000, 0x00000006b0400000| Untracked 
| 193|0x00000006b0400000, 0x00000006b0800000, 0x00000006b0800000|100%| O|  |TAMS 0x00000006b0800000, 0x00000006b0800000| Untracked 
| 194|0x00000006b0800000, 0x00000006b0c00000, 0x00000006b0c00000|100%| O|  |TAMS 0x00000006b0c00000, 0x00000006b0c00000| Untracked 
| 195|0x00000006b0c00000, 0x00000006b1000000, 0x00000006b1000000|100%| O|  |TAMS 0x00000006b0c00000, 0x00000006b1000000| Untracked 
| 196|0x00000006b1000000, 0x00000006b1400000, 0x00000006b1400000|100%| O|  |TAMS 0x00000006b1000000, 0x00000006b1400000| Untracked 
| 197|0x00000006b1400000, 0x00000006b1800000, 0x00000006b1800000|100%| O|  |TAMS 0x00000006b1400000, 0x00000006b1800000| Untracked 
| 198|0x00000006b1800000, 0x00000006b1c00000, 0x00000006b1c00000|100%| O|  |TAMS 0x00000006b1800000, 0x00000006b1c00000| Untracked 
| 199|0x00000006b1c00000, 0x00000006b2000000, 0x00000006b2000000|100%| O|  |TAMS 0x00000006b1c00000, 0x00000006b2000000| Untracked 
| 200|0x00000006b2000000, 0x00000006b2400000, 0x00000006b2400000|100%| O|  |TAMS 0x00000006b2400000, 0x00000006b2400000| Untracked 
| 201|0x00000006b2400000, 0x00000006b2800000, 0x00000006b2800000|100%| O|  |TAMS 0x00000006b2800000, 0x00000006b2800000| Untracked 
| 202|0x00000006b2800000, 0x00000006b2c00000, 0x00000006b2c00000|100%| O|  |TAMS 0x00000006b2c00000, 0x00000006b2c00000| Untracked 
| 203|0x00000006b2c00000, 0x00000006b3000000, 0x00000006b3000000|100%| O|  |TAMS 0x00000006b3000000, 0x00000006b3000000| Untracked 
| 204|0x00000006b3000000, 0x00000006b3400000, 0x00000006b3400000|100%| O|  |TAMS 0x00000006b3400000, 0x00000006b3400000| Untracked 
| 205|0x00000006b3400000, 0x00000006b3800000, 0x00000006b3800000|100%| O|  |TAMS 0x00000006b3800000, 0x00000006b3800000| Untracked 
| 206|0x00000006b3800000, 0x00000006b3c00000, 0x00000006b3c00000|100%| O|  |TAMS 0x00000006b3c00000, 0x00000006b3c00000| Untracked 
| 207|0x00000006b3c00000, 0x00000006b4000000, 0x00000006b4000000|100%| O|  |TAMS 0x00000006b4000000, 0x00000006b4000000| Untracked 
| 208|0x00000006b4000000, 0x00000006b4400000, 0x00000006b4400000|100%| O|  |TAMS 0x00000006b4400000, 0x00000006b4400000| Untracked 
| 209|0x00000006b4400000, 0x00000006b4800000, 0x00000006b4800000|100%| O|  |TAMS 0x00000006b4800000, 0x00000006b4800000| Untracked 
| 210|0x00000006b4800000, 0x00000006b4c00000, 0x00000006b4c00000|100%| O|  |TAMS 0x00000006b4c00000, 0x00000006b4c00000| Untracked 
| 211|0x00000006b4c00000, 0x00000006b5000000, 0x00000006b5000000|100%| O|  |TAMS 0x00000006b4c00000, 0x00000006b5000000| Untracked 
| 212|0x00000006b5000000, 0x00000006b5400000, 0x00000006b5400000|100%| O|  |TAMS 0x00000006b5000000, 0x00000006b5400000| Untracked 
| 213|0x00000006b5400000, 0x00000006b5800000, 0x00000006b5800000|100%| O|  |TAMS 0x00000006b5400000, 0x00000006b5800000| Untracked 
| 214|0x00000006b5800000, 0x00000006b5c00000, 0x00000006b5c00000|100%| O|  |TAMS 0x00000006b5800000, 0x00000006b5c00000| Untracked 
| 215|0x00000006b5c00000, 0x00000006b6000000, 0x00000006b6000000|100%| O|  |TAMS 0x00000006b5c00000, 0x00000006b6000000| Untracked 
| 216|0x00000006b6000000, 0x00000006b6400000, 0x00000006b6400000|100%| O|  |TAMS 0x00000006b6000000, 0x00000006b6400000| Untracked 
| 217|0x00000006b6400000, 0x00000006b6800000, 0x00000006b6800000|100%| O|  |TAMS 0x00000006b6400000, 0x00000006b6800000| Untracked 
| 218|0x00000006b6800000, 0x00000006b6c00000, 0x00000006b6c00000|100%| O|  |TAMS 0x00000006b6800000, 0x00000006b6c00000| Untracked 
| 219|0x00000006b6c00000, 0x00000006b7000000, 0x00000006b7000000|100%| O|  |TAMS 0x00000006b6c00000, 0x00000006b7000000| Untracked 
| 220|0x00000006b7000000, 0x00000006b7400000, 0x00000006b7400000|100%| O|  |TAMS 0x00000006b7000000, 0x00000006b7400000| Untracked 
| 221|0x00000006b7400000, 0x00000006b7800000, 0x00000006b7800000|100%| O|  |TAMS 0x00000006b7800000, 0x00000006b7800000| Untracked 
| 222|0x00000006b7800000, 0x00000006b7c00000, 0x00000006b7c00000|100%| O|  |TAMS 0x00000006b7c00000, 0x00000006b7c00000| Untracked 
| 223|0x00000006b7c00000, 0x00000006b8000000, 0x00000006b8000000|100%| O|  |TAMS 0x00000006b8000000, 0x00000006b8000000| Untracked 
| 224|0x00000006b8000000, 0x00000006b8400000, 0x00000006b8400000|100%| O|  |TAMS 0x00000006b8400000, 0x00000006b8400000| Untracked 
| 225|0x00000006b8400000, 0x00000006b8800000, 0x00000006b8800000|100%| O|  |TAMS 0x00000006b86da200, 0x00000006b8800000| Untracked 
| 226|0x00000006b8800000, 0x00000006b8c00000, 0x00000006b8c00000|100%| O|  |TAMS 0x00000006b8800000, 0x00000006b8c00000| Untracked 
| 227|0x00000006b8c00000, 0x00000006b9000000, 0x00000006b9000000|100%| O|  |TAMS 0x00000006b8c00000, 0x00000006b9000000| Untracked 
| 228|0x00000006b9000000, 0x00000006b9400000, 0x00000006b9400000|100%| O|  |TAMS 0x00000006b9000000, 0x00000006b9400000| Untracked 
| 229|0x00000006b9400000, 0x00000006b9800000, 0x00000006b9800000|100%| O|  |TAMS 0x00000006b9400000, 0x00000006b9800000| Untracked 
| 230|0x00000006b9800000, 0x00000006b9c00000, 0x00000006b9c00000|100%| O|  |TAMS 0x00000006b9800000, 0x00000006b9c00000| Untracked 
| 231|0x00000006b9c00000, 0x00000006ba000000, 0x00000006ba000000|100%| O|  |TAMS 0x00000006b9c00000, 0x00000006ba000000| Untracked 
| 232|0x00000006ba000000, 0x00000006ba400000, 0x00000006ba400000|100%| O|  |TAMS 0x00000006ba000000, 0x00000006ba400000| Untracked 
| 233|0x00000006ba400000, 0x00000006ba800000, 0x00000006ba800000|100%| O|  |TAMS 0x00000006ba400000, 0x00000006ba800000| Untracked 
| 234|0x00000006ba800000, 0x00000006bac00000, 0x00000006bac00000|100%| O|  |TAMS 0x00000006ba800000, 0x00000006bac00000| Untracked 
| 235|0x00000006bac00000, 0x00000006bb000000, 0x00000006bb000000|100%| O|  |TAMS 0x00000006bac00000, 0x00000006bb000000| Untracked 
| 236|0x00000006bb000000, 0x00000006bb400000, 0x00000006bb400000|100%| O|  |TAMS 0x00000006bb000000, 0x00000006bb400000| Untracked 
| 237|0x00000006bb400000, 0x00000006bb800000, 0x00000006bb800000|100%| O|  |TAMS 0x00000006bb400000, 0x00000006bb800000| Untracked 
| 238|0x00000006bb800000, 0x00000006bbc00000, 0x00000006bbc00000|100%| O|  |TAMS 0x00000006bb800000, 0x00000006bbc00000| Untracked 
| 239|0x00000006bbc00000, 0x00000006bc000000, 0x00000006bc000000|100%|HS|  |TAMS 0x00000006bbc00000, 0x00000006bc000000| Complete 
| 240|0x00000006bc000000, 0x00000006bc400000, 0x00000006bc400000|100%| O|  |TAMS 0x00000006bc000000, 0x00000006bc400000| Untracked 
| 241|0x00000006bc400000, 0x00000006bc800000, 0x00000006bc800000|100%| O|  |TAMS 0x00000006bc400000, 0x00000006bc800000| Untracked 
| 242|0x00000006bc800000, 0x00000006bcc00000, 0x00000006bcc00000|100%| O|  |TAMS 0x00000006bc800000, 0x00000006bcc00000| Untracked 
| 243|0x00000006bcc00000, 0x00000006bd000000, 0x00000006bd000000|100%| O|  |TAMS 0x00000006bcc00000, 0x00000006bd000000| Untracked 
| 244|0x00000006bd000000, 0x00000006bd400000, 0x00000006bd400000|100%| O|  |TAMS 0x00000006bd000000, 0x00000006bd400000| Untracked 
| 245|0x00000006bd400000, 0x00000006bd800000, 0x00000006bd800000|100%| O|  |TAMS 0x00000006bd400000, 0x00000006bd800000| Untracked 
| 246|0x00000006bd800000, 0x00000006bdc00000, 0x00000006bdc00000|100%| O|  |TAMS 0x00000006bd800000, 0x00000006bdc00000| Untracked 
| 247|0x00000006bdc00000, 0x00000006be000000, 0x00000006be000000|100%| O|  |TAMS 0x00000006bdc00000, 0x00000006be000000| Untracked 
| 248|0x00000006be000000, 0x00000006be400000, 0x00000006be400000|100%| O|  |TAMS 0x00000006be000000, 0x00000006be400000| Untracked 
| 249|0x00000006be400000, 0x00000006be800000, 0x00000006be800000|100%| O|  |TAMS 0x00000006be400000, 0x00000006be800000| Untracked 
| 250|0x00000006be800000, 0x00000006bec00000, 0x00000006bec00000|100%| O|  |TAMS 0x00000006be800000, 0x00000006bec00000| Untracked 
| 251|0x00000006bec00000, 0x00000006bf000000, 0x00000006bf000000|100%| O|  |TAMS 0x00000006bec00000, 0x00000006bf000000| Untracked 
| 252|0x00000006bf000000, 0x00000006bf400000, 0x00000006bf400000|100%| O|  |TAMS 0x00000006bf000000, 0x00000006bf400000| Untracked 
| 253|0x00000006bf400000, 0x00000006bf800000, 0x00000006bf800000|100%| O|  |TAMS 0x00000006bf400000, 0x00000006bf800000| Untracked 
| 254|0x00000006bf800000, 0x00000006bfc00000, 0x00000006bfc00000|100%| O|  |TAMS 0x00000006bf800000, 0x00000006bfc00000| Untracked 
| 255|0x00000006bfc00000, 0x00000006c0000000, 0x00000006c0000000|100%| O|  |TAMS 0x00000006bfc00000, 0x00000006c0000000| Untracked 
| 256|0x00000006c0000000, 0x00000006c0400000, 0x00000006c0400000|100%| O|  |TAMS 0x00000006c0000000, 0x00000006c0400000| Untracked 
| 257|0x00000006c0400000, 0x00000006c0800000, 0x00000006c0800000|100%| O|  |TAMS 0x00000006c0800000, 0x00000006c0800000| Untracked 
| 258|0x00000006c0800000, 0x00000006c0c00000, 0x00000006c0c00000|100%| O|  |TAMS 0x00000006c0c00000, 0x00000006c0c00000| Untracked 
| 259|0x00000006c0c00000, 0x00000006c1000000, 0x00000006c1000000|100%| O|  |TAMS 0x00000006c1000000, 0x00000006c1000000| Untracked 
| 260|0x00000006c1000000, 0x00000006c1400000, 0x00000006c1400000|100%| O|  |TAMS 0x00000006c1400000, 0x00000006c1400000| Untracked 
| 261|0x00000006c1400000, 0x00000006c1800000, 0x00000006c1800000|100%| O|  |TAMS 0x00000006c1800000, 0x00000006c1800000| Untracked 
| 262|0x00000006c1800000, 0x00000006c1c00000, 0x00000006c1c00000|100%| O|  |TAMS 0x00000006c1c00000, 0x00000006c1c00000| Untracked 
| 263|0x00000006c1c00000, 0x00000006c2000000, 0x00000006c2000000|100%| O|  |TAMS 0x00000006c2000000, 0x00000006c2000000| Untracked 
| 264|0x00000006c2000000, 0x00000006c2400000, 0x00000006c2400000|100%| O|  |TAMS 0x00000006c2400000, 0x00000006c2400000| Untracked 
| 265|0x00000006c2400000, 0x00000006c2800000, 0x00000006c2800000|100%| O|  |TAMS 0x00000006c2400000, 0x00000006c2800000| Untracked 
| 266|0x00000006c2800000, 0x00000006c2c00000, 0x00000006c2c00000|100%| O|  |TAMS 0x00000006c2800000, 0x00000006c2c00000| Untracked 
| 267|0x00000006c2c00000, 0x00000006c3000000, 0x00000006c3000000|100%| O|  |TAMS 0x00000006c3000000, 0x00000006c3000000| Untracked 
| 268|0x00000006c3000000, 0x00000006c3400000, 0x00000006c3400000|100%| O|  |TAMS 0x00000006c3400000, 0x00000006c3400000| Untracked 
| 269|0x00000006c3400000, 0x00000006c3800000, 0x00000006c3800000|100%| O|  |TAMS 0x00000006c3800000, 0x00000006c3800000| Untracked 
| 270|0x00000006c3800000, 0x00000006c3c00000, 0x00000006c3c00000|100%| O|  |TAMS 0x00000006c3800000, 0x00000006c3c00000| Untracked 
| 271|0x00000006c3c00000, 0x00000006c4000000, 0x00000006c4000000|100%| O|  |TAMS 0x00000006c3c00000, 0x00000006c4000000| Untracked 
| 272|0x00000006c4000000, 0x00000006c4400000, 0x00000006c4400000|100%| O|  |TAMS 0x00000006c4000000, 0x00000006c4400000| Untracked 
| 273|0x00000006c4400000, 0x00000006c4800000, 0x00000006c4800000|100%| O|  |TAMS 0x00000006c4400000, 0x00000006c4800000| Untracked 
| 274|0x00000006c4800000, 0x00000006c4c00000, 0x00000006c4c00000|100%| O|  |TAMS 0x00000006c4800000, 0x00000006c4c00000| Untracked 
| 275|0x00000006c4c00000, 0x00000006c5000000, 0x00000006c5000000|100%| O|  |TAMS 0x00000006c4c00000, 0x00000006c5000000| Untracked 
| 276|0x00000006c5000000, 0x00000006c5400000, 0x00000006c5400000|100%| O|  |TAMS 0x00000006c5000000, 0x00000006c5400000| Untracked 
| 277|0x00000006c5400000, 0x00000006c5800000, 0x00000006c5800000|100%| O|  |TAMS 0x00000006c5400000, 0x00000006c5800000| Untracked 
| 278|0x00000006c5800000, 0x00000006c5c00000, 0x00000006c5c00000|100%| O|  |TAMS 0x00000006c5800000, 0x00000006c5c00000| Untracked 
| 279|0x00000006c5c00000, 0x00000006c6000000, 0x00000006c6000000|100%| O|  |TAMS 0x00000006c5c00000, 0x00000006c6000000| Untracked 
| 280|0x00000006c6000000, 0x00000006c6400000, 0x00000006c6400000|100%| O|  |TAMS 0x00000006c6000000, 0x00000006c6400000| Untracked 
| 281|0x00000006c6400000, 0x00000006c6800000, 0x00000006c6800000|100%| O|  |TAMS 0x00000006c6400000, 0x00000006c6800000| Untracked 
| 282|0x00000006c6800000, 0x00000006c6c00000, 0x00000006c6c00000|100%| O|  |TAMS 0x00000006c6800000, 0x00000006c6c00000| Untracked 
| 283|0x00000006c6c00000, 0x00000006c7000000, 0x00000006c7000000|100%| O|  |TAMS 0x00000006c6c00000, 0x00000006c7000000| Untracked 
| 284|0x00000006c7000000, 0x00000006c7400000, 0x00000006c7400000|100%| O|  |TAMS 0x00000006c7000000, 0x00000006c7400000| Untracked 
| 285|0x00000006c7400000, 0x00000006c7800000, 0x00000006c7800000|100%| O|  |TAMS 0x00000006c7400000, 0x00000006c7800000| Untracked 
| 286|0x00000006c7800000, 0x00000006c7c00000, 0x00000006c7c00000|100%| O|  |TAMS 0x00000006c7800000, 0x00000006c7c00000| Untracked 
| 287|0x00000006c7c00000, 0x00000006c8000000, 0x00000006c8000000|100%| O|  |TAMS 0x00000006c7c00000, 0x00000006c8000000| Untracked 
| 288|0x00000006c8000000, 0x00000006c8400000, 0x00000006c8400000|100%| O|  |TAMS 0x00000006c8000000, 0x00000006c8400000| Untracked 
| 289|0x00000006c8400000, 0x00000006c8800000, 0x00000006c8800000|100%| O|  |TAMS 0x00000006c8400000, 0x00000006c8800000| Untracked 
| 290|0x00000006c8800000, 0x00000006c8c00000, 0x00000006c8c00000|100%| O|  |TAMS 0x00000006c8800000, 0x00000006c8c00000| Untracked 
| 291|0x00000006c8c00000, 0x00000006c9000000, 0x00000006c9000000|100%| O|  |TAMS 0x00000006c8c00000, 0x00000006c9000000| Untracked 
| 292|0x00000006c9000000, 0x00000006c9400000, 0x00000006c9400000|100%| O|  |TAMS 0x00000006c9000000, 0x00000006c9400000| Untracked 
| 293|0x00000006c9400000, 0x00000006c9800000, 0x00000006c9800000|100%| O|  |TAMS 0x00000006c9400000, 0x00000006c9800000| Untracked 
| 294|0x00000006c9800000, 0x00000006c9c00000, 0x00000006c9c00000|100%| O|  |TAMS 0x00000006c9800000, 0x00000006c9c00000| Untracked 
| 295|0x00000006c9c00000, 0x00000006ca000000, 0x00000006ca000000|100%| O|  |TAMS 0x00000006c9c00000, 0x00000006ca000000| Untracked 
| 296|0x00000006ca000000, 0x00000006ca400000, 0x00000006ca400000|100%|HS|  |TAMS 0x00000006ca000000, 0x00000006ca400000| Complete 
| 297|0x00000006ca400000, 0x00000006ca800000, 0x00000006ca800000|100%|HS|  |TAMS 0x00000006ca400000, 0x00000006ca800000| Complete 
| 298|0x00000006ca800000, 0x00000006cac00000, 0x00000006cac00000|100%| O|  |TAMS 0x00000006ca800000, 0x00000006cac00000| Untracked 
| 299|0x00000006cac00000, 0x00000006cb000000, 0x00000006cb000000|100%| O|  |TAMS 0x00000006cac00000, 0x00000006cb000000| Untracked 
| 300|0x00000006cb000000, 0x00000006cb400000, 0x00000006cb400000|100%| O|  |TAMS 0x00000006cb000000, 0x00000006cb400000| Untracked 
| 301|0x00000006cb400000, 0x00000006cb800000, 0x00000006cb800000|100%| O|  |TAMS 0x00000006cb400000, 0x00000006cb800000| Untracked 
| 302|0x00000006cb800000, 0x00000006cbc00000, 0x00000006cbc00000|100%| O|  |TAMS 0x00000006cb800000, 0x00000006cbc00000| Untracked 
| 303|0x00000006cbc00000, 0x00000006cc000000, 0x00000006cc000000|100%| O|  |TAMS 0x00000006cbc00000, 0x00000006cc000000| Untracked 
| 304|0x00000006cc000000, 0x00000006cc400000, 0x00000006cc400000|100%| O|  |TAMS 0x00000006cc000000, 0x00000006cc400000| Untracked 
| 305|0x00000006cc400000, 0x00000006cc800000, 0x00000006cc800000|100%| O|  |TAMS 0x00000006cc400000, 0x00000006cc800000| Untracked 
| 306|0x00000006cc800000, 0x00000006ccc00000, 0x00000006ccc00000|100%| O|  |TAMS 0x00000006cc800000, 0x00000006ccc00000| Untracked 
| 307|0x00000006ccc00000, 0x00000006cd000000, 0x00000006cd000000|100%| O|  |TAMS 0x00000006ccc00000, 0x00000006cd000000| Untracked 
| 308|0x00000006cd000000, 0x00000006cd400000, 0x00000006cd400000|100%| O|  |TAMS 0x00000006cd000000, 0x00000006cd400000| Untracked 
| 309|0x00000006cd400000, 0x00000006cd800000, 0x00000006cd800000|100%| O|  |TAMS 0x00000006cd400000, 0x00000006cd800000| Untracked 
| 310|0x00000006cd800000, 0x00000006cdc00000, 0x00000006cdc00000|100%| O|  |TAMS 0x00000006cd800000, 0x00000006cdc00000| Untracked 
| 311|0x00000006cdc00000, 0x00000006ce000000, 0x00000006ce000000|100%| O|  |TAMS 0x00000006cdc00000, 0x00000006ce000000| Untracked 
| 312|0x00000006ce000000, 0x00000006ce400000, 0x00000006ce400000|100%| O|  |TAMS 0x00000006ce000000, 0x00000006ce400000| Untracked 
| 313|0x00000006ce400000, 0x00000006ce800000, 0x00000006ce800000|100%| O|  |TAMS 0x00000006ce400000, 0x00000006ce800000| Untracked 
| 314|0x00000006ce800000, 0x00000006cec00000, 0x00000006cec00000|100%| O|  |TAMS 0x00000006ce800000, 0x00000006cec00000| Untracked 
| 315|0x00000006cec00000, 0x00000006cf000000, 0x00000006cf000000|100%| O|  |TAMS 0x00000006cec00000, 0x00000006cf000000| Untracked 
| 316|0x00000006cf000000, 0x00000006cf400000, 0x00000006cf400000|100%| O|  |TAMS 0x00000006cf000000, 0x00000006cf400000| Untracked 
| 317|0x00000006cf400000, 0x00000006cf800000, 0x00000006cf800000|100%| O|  |TAMS 0x00000006cf400000, 0x00000006cf800000| Untracked 
| 318|0x00000006cf800000, 0x00000006cfc00000, 0x00000006cfc00000|100%| O|  |TAMS 0x00000006cf800000, 0x00000006cfc00000| Untracked 
| 319|0x00000006cfc00000, 0x00000006d0000000, 0x00000006d0000000|100%| O|  |TAMS 0x00000006cfc00000, 0x00000006d0000000| Untracked 
| 320|0x00000006d0000000, 0x00000006d0400000, 0x00000006d0400000|100%| O|  |TAMS 0x00000006d0000000, 0x00000006d0400000| Untracked 
| 321|0x00000006d0400000, 0x00000006d0800000, 0x00000006d0800000|100%| O|  |TAMS 0x00000006d0400000, 0x00000006d0800000| Untracked 
| 322|0x00000006d0800000, 0x00000006d0c00000, 0x00000006d0c00000|100%| O|  |TAMS 0x00000006d0800000, 0x00000006d0c00000| Untracked 
| 323|0x00000006d0c00000, 0x00000006d1000000, 0x00000006d1000000|100%| O|  |TAMS 0x00000006d0c00000, 0x00000006d1000000| Untracked 
| 324|0x00000006d1000000, 0x00000006d1400000, 0x00000006d1400000|100%|HS|  |TAMS 0x00000006d1000000, 0x00000006d1400000| Complete 
| 325|0x00000006d1400000, 0x00000006d1800000, 0x00000006d1800000|100%|HC|  |TAMS 0x00000006d1400000, 0x00000006d1800000| Complete 
| 326|0x00000006d1800000, 0x00000006d1c00000, 0x00000006d1c00000|100%| O|  |TAMS 0x00000006d1800000, 0x00000006d1c00000| Untracked 
| 327|0x00000006d1c00000, 0x00000006d2000000, 0x00000006d2000000|100%| O|  |TAMS 0x00000006d1c00000, 0x00000006d2000000| Untracked 
| 328|0x00000006d2000000, 0x00000006d2400000, 0x00000006d2400000|100%| O|  |TAMS 0x00000006d2000000, 0x00000006d2400000| Untracked 
| 329|0x00000006d2400000, 0x00000006d2800000, 0x00000006d2800000|100%| O|  |TAMS 0x00000006d2400000, 0x00000006d2800000| Untracked 
| 330|0x00000006d2800000, 0x00000006d2c00000, 0x00000006d2c00000|100%| O|  |TAMS 0x00000006d2800000, 0x00000006d2c00000| Untracked 
| 331|0x00000006d2c00000, 0x00000006d3000000, 0x00000006d3000000|100%| O|  |TAMS 0x00000006d2c00000, 0x00000006d3000000| Untracked 
| 332|0x00000006d3000000, 0x00000006d3400000, 0x00000006d3400000|100%| O|  |TAMS 0x00000006d3000000, 0x00000006d3400000| Untracked 
| 333|0x00000006d3400000, 0x00000006d3800000, 0x00000006d3800000|100%| O|  |TAMS 0x00000006d3400000, 0x00000006d3800000| Untracked 
| 334|0x00000006d3800000, 0x00000006d3c00000, 0x00000006d3c00000|100%| O|  |TAMS 0x00000006d3800000, 0x00000006d3c00000| Untracked 
| 335|0x00000006d3c00000, 0x00000006d4000000, 0x00000006d4000000|100%| O|  |TAMS 0x00000006d3c00000, 0x00000006d4000000| Untracked 
| 336|0x00000006d4000000, 0x00000006d4400000, 0x00000006d4400000|100%| O|  |TAMS 0x00000006d4000000, 0x00000006d4400000| Untracked 
| 337|0x00000006d4400000, 0x00000006d4800000, 0x00000006d4800000|100%| O|  |TAMS 0x00000006d4400000, 0x00000006d4800000| Untracked 
| 338|0x00000006d4800000, 0x00000006d4c00000, 0x00000006d4c00000|100%| O|  |TAMS 0x00000006d4800000, 0x00000006d4c00000| Untracked 
| 339|0x00000006d4c00000, 0x00000006d5000000, 0x00000006d5000000|100%| O|  |TAMS 0x00000006d4c00000, 0x00000006d5000000| Untracked 
| 340|0x00000006d5000000, 0x00000006d5400000, 0x00000006d5400000|100%| O|  |TAMS 0x00000006d5000000, 0x00000006d5400000| Untracked 
| 341|0x00000006d5400000, 0x00000006d5800000, 0x00000006d5800000|100%| O|  |TAMS 0x00000006d5400000, 0x00000006d5800000| Untracked 
| 342|0x00000006d5800000, 0x00000006d5c00000, 0x00000006d5c00000|100%| O|  |TAMS 0x00000006d5800000, 0x00000006d5c00000| Untracked 
| 343|0x00000006d5c00000, 0x00000006d6000000, 0x00000006d6000000|100%| O|  |TAMS 0x00000006d5c00000, 0x00000006d6000000| Untracked 
| 344|0x00000006d6000000, 0x00000006d6400000, 0x00000006d6400000|100%| O|  |TAMS 0x00000006d6000000, 0x00000006d6400000| Untracked 
| 345|0x00000006d6400000, 0x00000006d6800000, 0x00000006d6800000|100%| O|  |TAMS 0x00000006d6400000, 0x00000006d6800000| Untracked 
| 346|0x00000006d6800000, 0x00000006d6c00000, 0x00000006d6c00000|100%| O|  |TAMS 0x00000006d6800000, 0x00000006d6c00000| Untracked 
| 347|0x00000006d6c00000, 0x00000006d7000000, 0x00000006d7000000|100%| O|  |TAMS 0x00000006d6c00000, 0x00000006d7000000| Untracked 
| 348|0x00000006d7000000, 0x00000006d7400000, 0x00000006d7400000|100%| O|  |TAMS 0x00000006d7000000, 0x00000006d7400000| Untracked 
| 349|0x00000006d7400000, 0x00000006d7800000, 0x00000006d7800000|100%| O|  |TAMS 0x00000006d7400000, 0x00000006d7400000| Untracked 
| 350|0x00000006d7800000, 0x00000006d7c00000, 0x00000006d7c00000|100%| O|  |TAMS 0x00000006d7800000, 0x00000006d7800000| Untracked 
| 351|0x00000006d7c00000, 0x00000006d8000000, 0x00000006d8000000|100%| O|  |TAMS 0x00000006d7c00000, 0x00000006d7c00000| Untracked 
| 352|0x00000006d8000000, 0x00000006d8400000, 0x00000006d8400000|100%| O|  |TAMS 0x00000006d8000000, 0x00000006d8000000| Untracked 
| 353|0x00000006d8400000, 0x00000006d8800000, 0x00000006d8800000|100%| O|  |TAMS 0x00000006d8400000, 0x00000006d8400000| Untracked 
| 354|0x00000006d8800000, 0x00000006d8c00000, 0x00000006d8c00000|100%| O|  |TAMS 0x00000006d8800000, 0x00000006d8800000| Untracked 
| 355|0x00000006d8c00000, 0x00000006d9000000, 0x00000006d9000000|100%| O|  |TAMS 0x00000006d8c00000, 0x00000006d8c00000| Untracked 
| 356|0x00000006d9000000, 0x00000006d9400000, 0x00000006d9400000|100%| O|  |TAMS 0x00000006d9000000, 0x00000006d9000000| Untracked 
| 357|0x00000006d9400000, 0x00000006d9800000, 0x00000006d9800000|100%| O|  |TAMS 0x00000006d9400000, 0x00000006d9400000| Untracked 
| 358|0x00000006d9800000, 0x00000006d9c00000, 0x00000006d9c00000|100%| O|  |TAMS 0x00000006d9800000, 0x00000006d9800000| Untracked 
| 359|0x00000006d9c00000, 0x00000006da000000, 0x00000006da000000|100%| O|  |TAMS 0x00000006d9c00000, 0x00000006d9c00000| Untracked 
| 360|0x00000006da000000, 0x00000006da400000, 0x00000006da400000|100%| O|  |TAMS 0x00000006da000000, 0x00000006da000000| Untracked 
| 361|0x00000006da400000, 0x00000006da800000, 0x00000006da800000|100%| O|  |TAMS 0x00000006da400000, 0x00000006da400000| Untracked 
| 362|0x00000006da800000, 0x00000006dac00000, 0x00000006dac00000|100%| O|  |TAMS 0x00000006da800000, 0x00000006da800000| Untracked 
| 363|0x00000006dac00000, 0x00000006db000000, 0x00000006db000000|100%| O|  |TAMS 0x00000006dac00000, 0x00000006dac00000| Untracked 
| 364|0x00000006db000000, 0x00000006db400000, 0x00000006db400000|100%| O|  |TAMS 0x00000006db000000, 0x00000006db000000| Untracked 
| 365|0x00000006db400000, 0x00000006db800000, 0x00000006db800000|100%| O|  |TAMS 0x00000006db400000, 0x00000006db400000| Untracked 
| 366|0x00000006db800000, 0x00000006dbc00000, 0x00000006dbc00000|100%|HS|  |TAMS 0x00000006db800000, 0x00000006db800000| Complete 
| 367|0x00000006dbc00000, 0x00000006dc000000, 0x00000006dc000000|100%| O|  |TAMS 0x00000006dbc00000, 0x00000006dbc00000| Untracked 
| 368|0x00000006dc000000, 0x00000006dc400000, 0x00000006dc400000|100%| O|  |TAMS 0x00000006dc000000, 0x00000006dc000000| Untracked 
| 369|0x00000006dc400000, 0x00000006dc800000, 0x00000006dc800000|100%| O|  |TAMS 0x00000006dc400000, 0x00000006dc400000| Untracked 
| 370|0x00000006dc800000, 0x00000006dcc00000, 0x00000006dcc00000|100%| O|  |TAMS 0x00000006dc800000, 0x00000006dc800000| Untracked 
| 371|0x00000006dcc00000, 0x00000006dd000000, 0x00000006dd000000|100%| O|  |TAMS 0x00000006dcc00000, 0x00000006dcc00000| Untracked 
| 372|0x00000006dd000000, 0x00000006dd400000, 0x00000006dd400000|100%| O|  |TAMS 0x00000006dd000000, 0x00000006dd000000| Untracked 
| 373|0x00000006dd400000, 0x00000006dd800000, 0x00000006dd800000|100%| O|  |TAMS 0x00000006dd400000, 0x00000006dd400000| Untracked 
| 374|0x00000006dd800000, 0x00000006ddc00000, 0x00000006ddc00000|100%| O|  |TAMS 0x00000006dd800000, 0x00000006dd800000| Untracked 
| 375|0x00000006ddc00000, 0x00000006de000000, 0x00000006de000000|100%| O|  |TAMS 0x00000006ddc00000, 0x00000006ddc00000| Untracked 
| 376|0x00000006de000000, 0x00000006de400000, 0x00000006de400000|100%| O|  |TAMS 0x00000006de000000, 0x00000006de000000| Untracked 
| 377|0x00000006de400000, 0x00000006de800000, 0x00000006de800000|100%| O|  |TAMS 0x00000006de400000, 0x00000006de400000| Untracked 
| 378|0x00000006de800000, 0x00000006dec00000, 0x00000006dec00000|100%| O|  |TAMS 0x00000006de800000, 0x00000006de800000| Untracked 
| 379|0x00000006dec00000, 0x00000006ded40800, 0x00000006df000000| 31%| O|  |TAMS 0x00000006dec00000, 0x00000006dec00000| Untracked 
| 380|0x00000006df000000, 0x00000006df000000, 0x00000006df400000|  0%| F|  |TAMS 0x00000006df000000, 0x00000006df000000| Untracked 
| 381|0x00000006df400000, 0x00000006df400000, 0x00000006df800000|  0%| F|  |TAMS 0x00000006df400000, 0x00000006df400000| Untracked 
| 382|0x00000006df800000, 0x00000006df800000, 0x00000006dfc00000|  0%| F|  |TAMS 0x00000006df800000, 0x00000006df800000| Untracked 
| 383|0x00000006dfc00000, 0x00000006dfc00000, 0x00000006e0000000|  0%| F|  |TAMS 0x00000006dfc00000, 0x00000006dfc00000| Untracked 
| 384|0x00000006e0000000, 0x00000006e0000000, 0x00000006e0400000|  0%| F|  |TAMS 0x00000006e0000000, 0x00000006e0000000| Untracked 
| 385|0x00000006e0400000, 0x00000006e0400000, 0x00000006e0800000|  0%| F|  |TAMS 0x00000006e0400000, 0x00000006e0400000| Untracked 
| 386|0x00000006e0800000, 0x00000006e0800000, 0x00000006e0c00000|  0%| F|  |TAMS 0x00000006e0800000, 0x00000006e0800000| Untracked 
| 387|0x00000006e0c00000, 0x00000006e0c00000, 0x00000006e1000000|  0%| F|  |TAMS 0x00000006e0c00000, 0x00000006e0c00000| Untracked 
| 388|0x00000006e1000000, 0x00000006e1000000, 0x00000006e1400000|  0%| F|  |TAMS 0x00000006e1000000, 0x00000006e1000000| Untracked 
| 389|0x00000006e1400000, 0x00000006e1400000, 0x00000006e1800000|  0%| F|  |TAMS 0x00000006e1400000, 0x00000006e1400000| Untracked 
| 390|0x00000006e1800000, 0x00000006e1800000, 0x00000006e1c00000|  0%| F|  |TAMS 0x00000006e1800000, 0x00000006e1800000| Untracked 
| 391|0x00000006e1c00000, 0x00000006e1c00000, 0x00000006e2000000|  0%| F|  |TAMS 0x00000006e1c00000, 0x00000006e1c00000| Untracked 
| 392|0x00000006e2000000, 0x00000006e2000000, 0x00000006e2400000|  0%| F|  |TAMS 0x00000006e2000000, 0x00000006e2000000| Untracked 
| 393|0x00000006e2400000, 0x00000006e2400000, 0x00000006e2800000|  0%| F|  |TAMS 0x00000006e2400000, 0x00000006e2400000| Untracked 
| 394|0x00000006e2800000, 0x00000006e2800000, 0x00000006e2c00000|  0%| F|  |TAMS 0x00000006e2800000, 0x00000006e2800000| Untracked 
| 395|0x00000006e2c00000, 0x00000006e2c00000, 0x00000006e3000000|  0%| F|  |TAMS 0x00000006e2c00000, 0x00000006e2c00000| Untracked 
| 396|0x00000006e3000000, 0x00000006e3000000, 0x00000006e3400000|  0%| F|  |TAMS 0x00000006e3000000, 0x00000006e3000000| Untracked 
| 397|0x00000006e3400000, 0x00000006e3400000, 0x00000006e3800000|  0%| F|  |TAMS 0x00000006e3400000, 0x00000006e3400000| Untracked 
| 398|0x00000006e3800000, 0x00000006e3800000, 0x00000006e3c00000|  0%| F|  |TAMS 0x00000006e3800000, 0x00000006e3800000| Untracked 
| 399|0x00000006e3c00000, 0x00000006e3c00000, 0x00000006e4000000|  0%| F|  |TAMS 0x00000006e3c00000, 0x00000006e3c00000| Untracked 
| 400|0x00000006e4000000, 0x00000006e4000000, 0x00000006e4400000|  0%| F|  |TAMS 0x00000006e4000000, 0x00000006e4000000| Untracked 
| 401|0x00000006e4400000, 0x00000006e4400000, 0x00000006e4800000|  0%| F|  |TAMS 0x00000006e4400000, 0x00000006e4400000| Untracked 
| 402|0x00000006e4800000, 0x00000006e4800000, 0x00000006e4c00000|  0%| F|  |TAMS 0x00000006e4800000, 0x00000006e4800000| Untracked 
| 403|0x00000006e4c00000, 0x00000006e4c00000, 0x00000006e5000000|  0%| F|  |TAMS 0x00000006e4c00000, 0x00000006e4c00000| Untracked 
| 404|0x00000006e5000000, 0x00000006e5000000, 0x00000006e5400000|  0%| F|  |TAMS 0x00000006e5000000, 0x00000006e5000000| Untracked 
| 405|0x00000006e5400000, 0x00000006e5400000, 0x00000006e5800000|  0%| F|  |TAMS 0x00000006e5400000, 0x00000006e5400000| Untracked 
| 406|0x00000006e5800000, 0x00000006e5800000, 0x00000006e5c00000|  0%| F|  |TAMS 0x00000006e5800000, 0x00000006e5800000| Untracked 
| 407|0x00000006e5c00000, 0x00000006e5c00000, 0x00000006e6000000|  0%| F|  |TAMS 0x00000006e5c00000, 0x00000006e5c00000| Untracked 
| 408|0x00000006e6000000, 0x00000006e6000000, 0x00000006e6400000|  0%| F|  |TAMS 0x00000006e6000000, 0x00000006e6000000| Untracked 
| 409|0x00000006e6400000, 0x00000006e6400000, 0x00000006e6800000|  0%| F|  |TAMS 0x00000006e6400000, 0x00000006e6400000| Untracked 
| 410|0x00000006e6800000, 0x00000006e6800000, 0x00000006e6c00000|  0%| F|  |TAMS 0x00000006e6800000, 0x00000006e6800000| Untracked 
| 411|0x00000006e6c00000, 0x00000006e6c00000, 0x00000006e7000000|  0%| F|  |TAMS 0x00000006e6c00000, 0x00000006e6c00000| Untracked 
| 412|0x00000006e7000000, 0x00000006e7000000, 0x00000006e7400000|  0%| F|  |TAMS 0x00000006e7000000, 0x00000006e7000000| Untracked 
| 413|0x00000006e7400000, 0x00000006e7400000, 0x00000006e7800000|  0%| F|  |TAMS 0x00000006e7400000, 0x00000006e7400000| Untracked 
| 414|0x00000006e7800000, 0x00000006e7800000, 0x00000006e7c00000|  0%| F|  |TAMS 0x00000006e7800000, 0x00000006e7800000| Untracked 
| 415|0x00000006e7c00000, 0x00000006e7c00000, 0x00000006e8000000|  0%| F|  |TAMS 0x00000006e7c00000, 0x00000006e7c00000| Untracked 
| 416|0x00000006e8000000, 0x00000006e8000000, 0x00000006e8400000|  0%| F|  |TAMS 0x00000006e8000000, 0x00000006e8000000| Untracked 
| 417|0x00000006e8400000, 0x00000006e8400000, 0x00000006e8800000|  0%| F|  |TAMS 0x00000006e8400000, 0x00000006e8400000| Untracked 
| 418|0x00000006e8800000, 0x00000006e8800000, 0x00000006e8c00000|  0%| F|  |TAMS 0x00000006e8800000, 0x00000006e8800000| Untracked 
| 419|0x00000006e8c00000, 0x00000006e8c00000, 0x00000006e9000000|  0%| F|  |TAMS 0x00000006e8c00000, 0x00000006e8c00000| Untracked 
| 420|0x00000006e9000000, 0x00000006e9000000, 0x00000006e9400000|  0%| F|  |TAMS 0x00000006e9000000, 0x00000006e9000000| Untracked 
| 421|0x00000006e9400000, 0x00000006e9400000, 0x00000006e9800000|  0%| F|  |TAMS 0x00000006e9400000, 0x00000006e9400000| Untracked 
| 422|0x00000006e9800000, 0x00000006e9800000, 0x00000006e9c00000|  0%| F|  |TAMS 0x00000006e9800000, 0x00000006e9800000| Untracked 
| 423|0x00000006e9c00000, 0x00000006e9c00000, 0x00000006ea000000|  0%| F|  |TAMS 0x00000006e9c00000, 0x00000006e9c00000| Untracked 
| 424|0x00000006ea000000, 0x00000006ea000000, 0x00000006ea400000|  0%| F|  |TAMS 0x00000006ea000000, 0x00000006ea000000| Untracked 
| 425|0x00000006ea400000, 0x00000006ea400000, 0x00000006ea800000|  0%| F|  |TAMS 0x00000006ea400000, 0x00000006ea400000| Untracked 
| 426|0x00000006ea800000, 0x00000006ea800000, 0x00000006eac00000|  0%| F|  |TAMS 0x00000006ea800000, 0x00000006ea800000| Untracked 
| 427|0x00000006eac00000, 0x00000006eac00000, 0x00000006eb000000|  0%| F|  |TAMS 0x00000006eac00000, 0x00000006eac00000| Untracked 
| 428|0x00000006eb000000, 0x00000006eb000000, 0x00000006eb400000|  0%| F|  |TAMS 0x00000006eb000000, 0x00000006eb000000| Untracked 
| 429|0x00000006eb400000, 0x00000006eb400000, 0x00000006eb800000|  0%| F|  |TAMS 0x00000006eb400000, 0x00000006eb400000| Untracked 
| 430|0x00000006eb800000, 0x00000006ebc00000, 0x00000006ebc00000|100%| S|CS|TAMS 0x00000006eb800000, 0x00000006eb800000| Complete 
| 431|0x00000006ebc00000, 0x00000006ec000000, 0x00000006ec000000|100%| S|CS|TAMS 0x00000006ebc00000, 0x00000006ebc00000| Complete 
| 432|0x00000006ec000000, 0x00000006ec400000, 0x00000006ec400000|100%| S|CS|TAMS 0x00000006ec000000, 0x00000006ec000000| Complete 
| 433|0x00000006ec400000, 0x00000006ec800000, 0x00000006ec800000|100%| S|CS|TAMS 0x00000006ec400000, 0x00000006ec400000| Complete 
| 434|0x00000006ec800000, 0x00000006ecc00000, 0x00000006ecc00000|100%| S|CS|TAMS 0x00000006ec800000, 0x00000006ec800000| Complete 
| 435|0x00000006ecc00000, 0x00000006ed000000, 0x00000006ed000000|100%| S|CS|TAMS 0x00000006ecc00000, 0x00000006ecc00000| Complete 
| 436|0x00000006ed000000, 0x00000006ed400000, 0x00000006ed400000|100%| S|CS|TAMS 0x00000006ed000000, 0x00000006ed000000| Complete 
| 437|0x00000006ed400000, 0x00000006ed800000, 0x00000006ed800000|100%| S|CS|TAMS 0x00000006ed400000, 0x00000006ed400000| Complete 
| 438|0x00000006ed800000, 0x00000006edc00000, 0x00000006edc00000|100%| S|CS|TAMS 0x00000006ed800000, 0x00000006ed800000| Complete 
| 439|0x00000006edc00000, 0x00000006ee000000, 0x00000006ee000000|100%| S|CS|TAMS 0x00000006edc00000, 0x00000006edc00000| Complete 
| 440|0x00000006ee000000, 0x00000006ee400000, 0x00000006ee400000|100%| S|CS|TAMS 0x00000006ee000000, 0x00000006ee000000| Complete 
| 441|0x00000006ee400000, 0x00000006ee800000, 0x00000006ee800000|100%| S|CS|TAMS 0x00000006ee400000, 0x00000006ee400000| Complete 
| 442|0x00000006ee800000, 0x00000006eec00000, 0x00000006eec00000|100%| S|CS|TAMS 0x00000006ee800000, 0x00000006ee800000| Complete 
| 443|0x00000006eec00000, 0x00000006ef000000, 0x00000006ef000000|100%| S|CS|TAMS 0x00000006eec00000, 0x00000006eec00000| Complete 
| 444|0x00000006ef000000, 0x00000006ef000000, 0x00000006ef400000|  0%| F|  |TAMS 0x00000006ef000000, 0x00000006ef000000| Untracked 
| 445|0x00000006ef400000, 0x00000006ef400000, 0x00000006ef800000|  0%| F|  |TAMS 0x00000006ef400000, 0x00000006ef400000| Untracked 
| 446|0x00000006ef800000, 0x00000006ef800000, 0x00000006efc00000|  0%| F|  |TAMS 0x00000006ef800000, 0x00000006ef800000| Untracked 
| 447|0x00000006efc00000, 0x00000006efc00000, 0x00000006f0000000|  0%| F|  |TAMS 0x00000006efc00000, 0x00000006efc00000| Untracked 
| 448|0x00000006f0000000, 0x00000006f0000000, 0x00000006f0400000|  0%| F|  |TAMS 0x00000006f0000000, 0x00000006f0000000| Untracked 
| 449|0x00000006f0400000, 0x00000006f0400000, 0x00000006f0800000|  0%| F|  |TAMS 0x00000006f0400000, 0x00000006f0400000| Untracked 
| 450|0x00000006f0800000, 0x00000006f0800000, 0x00000006f0c00000|  0%| F|  |TAMS 0x00000006f0800000, 0x00000006f0800000| Untracked 
| 451|0x00000006f0c00000, 0x00000006f0c00000, 0x00000006f1000000|  0%| F|  |TAMS 0x00000006f0c00000, 0x00000006f0c00000| Untracked 
| 452|0x00000006f1000000, 0x00000006f1000000, 0x00000006f1400000|  0%| F|  |TAMS 0x00000006f1000000, 0x00000006f1000000| Untracked 
| 453|0x00000006f1400000, 0x00000006f1400000, 0x00000006f1800000|  0%| F|  |TAMS 0x00000006f1400000, 0x00000006f1400000| Untracked 
| 454|0x00000006f1800000, 0x00000006f1800000, 0x00000006f1c00000|  0%| F|  |TAMS 0x00000006f1800000, 0x00000006f1800000| Untracked 
| 455|0x00000006f1c00000, 0x00000006f1c00000, 0x00000006f2000000|  0%| F|  |TAMS 0x00000006f1c00000, 0x00000006f1c00000| Untracked 
| 456|0x00000006f2000000, 0x00000006f2000000, 0x00000006f2400000|  0%| F|  |TAMS 0x00000006f2000000, 0x00000006f2000000| Untracked 
| 457|0x00000006f2400000, 0x00000006f2400000, 0x00000006f2800000|  0%| F|  |TAMS 0x00000006f2400000, 0x00000006f2400000| Untracked 
| 458|0x00000006f2800000, 0x00000006f2800000, 0x00000006f2c00000|  0%| F|  |TAMS 0x00000006f2800000, 0x00000006f2800000| Untracked 
| 459|0x00000006f2c00000, 0x00000006f2c00000, 0x00000006f3000000|  0%| F|  |TAMS 0x00000006f2c00000, 0x00000006f2c00000| Untracked 
| 460|0x00000006f3000000, 0x00000006f3000000, 0x00000006f3400000|  0%| F|  |TAMS 0x00000006f3000000, 0x00000006f3000000| Untracked 
| 461|0x00000006f3400000, 0x00000006f3400000, 0x00000006f3800000|  0%| F|  |TAMS 0x00000006f3400000, 0x00000006f3400000| Untracked 
| 462|0x00000006f3800000, 0x00000006f3800000, 0x00000006f3c00000|  0%| F|  |TAMS 0x00000006f3800000, 0x00000006f3800000| Untracked 
| 463|0x00000006f3c00000, 0x00000006f3c00000, 0x00000006f4000000|  0%| F|  |TAMS 0x00000006f3c00000, 0x00000006f3c00000| Untracked 
| 464|0x00000006f4000000, 0x00000006f4000000, 0x00000006f4400000|  0%| F|  |TAMS 0x00000006f4000000, 0x00000006f4000000| Untracked 
| 465|0x00000006f4400000, 0x00000006f4400000, 0x00000006f4800000|  0%| F|  |TAMS 0x00000006f4400000, 0x00000006f4400000| Untracked 
| 466|0x00000006f4800000, 0x00000006f4800000, 0x00000006f4c00000|  0%| F|  |TAMS 0x00000006f4800000, 0x00000006f4800000| Untracked 
| 467|0x00000006f4c00000, 0x00000006f4c00000, 0x00000006f5000000|  0%| F|  |TAMS 0x00000006f4c00000, 0x00000006f4c00000| Untracked 
| 468|0x00000006f5000000, 0x00000006f5000000, 0x00000006f5400000|  0%| F|  |TAMS 0x00000006f5000000, 0x00000006f5000000| Untracked 
| 469|0x00000006f5400000, 0x00000006f5400000, 0x00000006f5800000|  0%| F|  |TAMS 0x00000006f5400000, 0x00000006f5400000| Untracked 
| 470|0x00000006f5800000, 0x00000006f5800000, 0x00000006f5c00000|  0%| F|  |TAMS 0x00000006f5800000, 0x00000006f5800000| Untracked 
| 471|0x00000006f5c00000, 0x00000006f5c00000, 0x00000006f6000000|  0%| F|  |TAMS 0x00000006f5c00000, 0x00000006f5c00000| Untracked 
| 472|0x00000006f6000000, 0x00000006f6000000, 0x00000006f6400000|  0%| F|  |TAMS 0x00000006f6000000, 0x00000006f6000000| Untracked 
| 473|0x00000006f6400000, 0x00000006f6400000, 0x00000006f6800000|  0%| F|  |TAMS 0x00000006f6400000, 0x00000006f6400000| Untracked 
| 474|0x00000006f6800000, 0x00000006f6800000, 0x00000006f6c00000|  0%| F|  |TAMS 0x00000006f6800000, 0x00000006f6800000| Untracked 
| 475|0x00000006f6c00000, 0x00000006f6c00000, 0x00000006f7000000|  0%| F|  |TAMS 0x00000006f6c00000, 0x00000006f6c00000| Untracked 
| 476|0x00000006f7000000, 0x00000006f7000000, 0x00000006f7400000|  0%| F|  |TAMS 0x00000006f7000000, 0x00000006f7000000| Untracked 
| 477|0x00000006f7400000, 0x00000006f7400000, 0x00000006f7800000|  0%| F|  |TAMS 0x00000006f7400000, 0x00000006f7400000| Untracked 
| 478|0x00000006f7800000, 0x00000006f7800000, 0x00000006f7c00000|  0%| F|  |TAMS 0x00000006f7800000, 0x00000006f7800000| Untracked 
| 479|0x00000006f7c00000, 0x00000006f7c00000, 0x00000006f8000000|  0%| F|  |TAMS 0x00000006f7c00000, 0x00000006f7c00000| Untracked 
| 480|0x00000006f8000000, 0x00000006f8000000, 0x00000006f8400000|  0%| F|  |TAMS 0x00000006f8000000, 0x00000006f8000000| Untracked 
| 481|0x00000006f8400000, 0x00000006f8400000, 0x00000006f8800000|  0%| F|  |TAMS 0x00000006f8400000, 0x00000006f8400000| Untracked 
| 482|0x00000006f8800000, 0x00000006f8800000, 0x00000006f8c00000|  0%| F|  |TAMS 0x00000006f8800000, 0x00000006f8800000| Untracked 
| 483|0x00000006f8c00000, 0x00000006f8c00000, 0x00000006f9000000|  0%| F|  |TAMS 0x00000006f8c00000, 0x00000006f8c00000| Untracked 
| 484|0x00000006f9000000, 0x00000006f9000000, 0x00000006f9400000|  0%| F|  |TAMS 0x00000006f9000000, 0x00000006f9000000| Untracked 
| 485|0x00000006f9400000, 0x00000006f9400000, 0x00000006f9800000|  0%| F|  |TAMS 0x00000006f9400000, 0x00000006f9400000| Untracked 
| 486|0x00000006f9800000, 0x00000006f9800000, 0x00000006f9c00000|  0%| F|  |TAMS 0x00000006f9800000, 0x00000006f9800000| Untracked 
| 487|0x00000006f9c00000, 0x00000006f9c00000, 0x00000006fa000000|  0%| F|  |TAMS 0x00000006f9c00000, 0x00000006f9c00000| Untracked 
| 488|0x00000006fa000000, 0x00000006fa000000, 0x00000006fa400000|  0%| F|  |TAMS 0x00000006fa000000, 0x00000006fa000000| Untracked 
| 489|0x00000006fa400000, 0x00000006fa400000, 0x00000006fa800000|  0%| F|  |TAMS 0x00000006fa400000, 0x00000006fa400000| Untracked 
| 490|0x00000006fa800000, 0x00000006fa800000, 0x00000006fac00000|  0%| F|  |TAMS 0x00000006fa800000, 0x00000006fa800000| Untracked 
| 491|0x00000006fac00000, 0x00000006fac00000, 0x00000006fb000000|  0%| F|  |TAMS 0x00000006fac00000, 0x00000006fac00000| Untracked 
| 492|0x00000006fb000000, 0x00000006fb000000, 0x00000006fb400000|  0%| F|  |TAMS 0x00000006fb000000, 0x00000006fb000000| Untracked 
| 493|0x00000006fb400000, 0x00000006fb400000, 0x00000006fb800000|  0%| F|  |TAMS 0x00000006fb400000, 0x00000006fb400000| Untracked 
| 494|0x00000006fb800000, 0x00000006fb800000, 0x00000006fbc00000|  0%| F|  |TAMS 0x00000006fb800000, 0x00000006fb800000| Untracked 
| 495|0x00000006fbc00000, 0x00000006fbc00000, 0x00000006fc000000|  0%| F|  |TAMS 0x00000006fbc00000, 0x00000006fbc00000| Untracked 
| 496|0x00000006fc000000, 0x00000006fc000000, 0x00000006fc400000|  0%| F|  |TAMS 0x00000006fc000000, 0x00000006fc000000| Untracked 
| 497|0x00000006fc400000, 0x00000006fc400000, 0x00000006fc800000|  0%| F|  |TAMS 0x00000006fc400000, 0x00000006fc400000| Untracked 
| 498|0x00000006fc800000, 0x00000006fc800000, 0x00000006fcc00000|  0%| F|  |TAMS 0x00000006fc800000, 0x00000006fc800000| Untracked 
| 499|0x00000006fcc00000, 0x00000006fcc00000, 0x00000006fd000000|  0%| F|  |TAMS 0x00000006fcc00000, 0x00000006fcc00000| Untracked 
| 500|0x00000006fd000000, 0x00000006fd000000, 0x00000006fd400000|  0%| F|  |TAMS 0x00000006fd000000, 0x00000006fd000000| Untracked 
| 501|0x00000006fd400000, 0x00000006fd400000, 0x00000006fd800000|  0%| F|  |TAMS 0x00000006fd400000, 0x00000006fd400000| Untracked 
| 502|0x00000006fd800000, 0x00000006fd800000, 0x00000006fdc00000|  0%| F|  |TAMS 0x00000006fd800000, 0x00000006fd800000| Untracked 
| 503|0x00000006fdc00000, 0x00000006fdc00000, 0x00000006fe000000|  0%| F|  |TAMS 0x00000006fdc00000, 0x00000006fdc00000| Untracked 
| 504|0x00000006fe000000, 0x00000006fe000000, 0x00000006fe400000|  0%| F|  |TAMS 0x00000006fe000000, 0x00000006fe000000| Untracked 
| 505|0x00000006fe400000, 0x00000006fe400000, 0x00000006fe800000|  0%| F|  |TAMS 0x00000006fe400000, 0x00000006fe400000| Untracked 
| 506|0x00000006fe800000, 0x00000006fe800000, 0x00000006fec00000|  0%| F|  |TAMS 0x00000006fe800000, 0x00000006fe800000| Untracked 
| 507|0x00000006fec00000, 0x00000006fec00000, 0x00000006ff000000|  0%| F|  |TAMS 0x00000006fec00000, 0x00000006fec00000| Untracked 
| 508|0x00000006ff000000, 0x00000006ff000000, 0x00000006ff400000|  0%| F|  |TAMS 0x00000006ff000000, 0x00000006ff000000| Untracked 
| 509|0x00000006ff400000, 0x00000006ff400000, 0x00000006ff800000|  0%| F|  |TAMS 0x00000006ff400000, 0x00000006ff400000| Untracked 
| 510|0x00000006ff800000, 0x00000006ff800000, 0x00000006ffc00000|  0%| F|  |TAMS 0x00000006ff800000, 0x00000006ff800000| Untracked 
| 511|0x00000006ffc00000, 0x00000006ffc00000, 0x0000000700000000|  0%| F|  |TAMS 0x00000006ffc00000, 0x00000006ffc00000| Untracked 
| 512|0x0000000700000000, 0x0000000700000000, 0x0000000700400000|  0%| F|  |TAMS 0x0000000700000000, 0x0000000700000000| Untracked 
| 513|0x0000000700400000, 0x0000000700400000, 0x0000000700800000|  0%| F|  |TAMS 0x0000000700400000, 0x0000000700400000| Untracked 
| 514|0x0000000700800000, 0x0000000700800000, 0x0000000700c00000|  0%| F|  |TAMS 0x0000000700800000, 0x0000000700800000| Untracked 
| 515|0x0000000700c00000, 0x0000000700c00000, 0x0000000701000000|  0%| F|  |TAMS 0x0000000700c00000, 0x0000000700c00000| Untracked 
| 516|0x0000000701000000, 0x0000000701000000, 0x0000000701400000|  0%| F|  |TAMS 0x0000000701000000, 0x0000000701000000| Untracked 
| 517|0x0000000701400000, 0x0000000701400000, 0x0000000701800000|  0%| F|  |TAMS 0x0000000701400000, 0x0000000701400000| Untracked 
| 518|0x0000000701800000, 0x0000000701800000, 0x0000000701c00000|  0%| F|  |TAMS 0x0000000701800000, 0x0000000701800000| Untracked 
| 519|0x0000000701c00000, 0x0000000701c00000, 0x0000000702000000|  0%| F|  |TAMS 0x0000000701c00000, 0x0000000701c00000| Untracked 
| 520|0x0000000702000000, 0x0000000702000000, 0x0000000702400000|  0%| F|  |TAMS 0x0000000702000000, 0x0000000702000000| Untracked 
| 521|0x0000000702400000, 0x0000000702400000, 0x0000000702800000|  0%| F|  |TAMS 0x0000000702400000, 0x0000000702400000| Untracked 
| 522|0x0000000702800000, 0x0000000702800000, 0x0000000702c00000|  0%| F|  |TAMS 0x0000000702800000, 0x0000000702800000| Untracked 
| 523|0x0000000702c00000, 0x0000000702c00000, 0x0000000703000000|  0%| F|  |TAMS 0x0000000702c00000, 0x0000000702c00000| Untracked 
| 524|0x0000000703000000, 0x0000000703000000, 0x0000000703400000|  0%| F|  |TAMS 0x0000000703000000, 0x0000000703000000| Untracked 
| 525|0x0000000703400000, 0x0000000703400000, 0x0000000703800000|  0%| F|  |TAMS 0x0000000703400000, 0x0000000703400000| Untracked 
| 526|0x0000000703800000, 0x0000000703800000, 0x0000000703c00000|  0%| F|  |TAMS 0x0000000703800000, 0x0000000703800000| Untracked 
| 527|0x0000000703c00000, 0x0000000703c00000, 0x0000000704000000|  0%| F|  |TAMS 0x0000000703c00000, 0x0000000703c00000| Untracked 
| 528|0x0000000704000000, 0x0000000704000000, 0x0000000704400000|  0%| F|  |TAMS 0x0000000704000000, 0x0000000704000000| Untracked 
| 529|0x0000000704400000, 0x0000000704400000, 0x0000000704800000|  0%| F|  |TAMS 0x0000000704400000, 0x0000000704400000| Untracked 
| 530|0x0000000704800000, 0x0000000704800000, 0x0000000704c00000|  0%| F|  |TAMS 0x0000000704800000, 0x0000000704800000| Untracked 
| 531|0x0000000704c00000, 0x0000000704c00000, 0x0000000705000000|  0%| F|  |TAMS 0x0000000704c00000, 0x0000000704c00000| Untracked 
| 532|0x0000000705000000, 0x0000000705000000, 0x0000000705400000|  0%| F|  |TAMS 0x0000000705000000, 0x0000000705000000| Untracked 
| 533|0x0000000705400000, 0x0000000705400000, 0x0000000705800000|  0%| F|  |TAMS 0x0000000705400000, 0x0000000705400000| Untracked 
| 534|0x0000000705800000, 0x0000000705800000, 0x0000000705c00000|  0%| F|  |TAMS 0x0000000705800000, 0x0000000705800000| Untracked 
| 535|0x0000000705c00000, 0x0000000705c00000, 0x0000000706000000|  0%| F|  |TAMS 0x0000000705c00000, 0x0000000705c00000| Untracked 
| 536|0x0000000706000000, 0x0000000706000000, 0x0000000706400000|  0%| F|  |TAMS 0x0000000706000000, 0x0000000706000000| Untracked 
| 537|0x0000000706400000, 0x0000000706400000, 0x0000000706800000|  0%| F|  |TAMS 0x0000000706400000, 0x0000000706400000| Untracked 
| 538|0x0000000706800000, 0x0000000706800000, 0x0000000706c00000|  0%| F|  |TAMS 0x0000000706800000, 0x0000000706800000| Untracked 
| 539|0x0000000706c00000, 0x0000000706c00000, 0x0000000707000000|  0%| F|  |TAMS 0x0000000706c00000, 0x0000000706c00000| Untracked 
| 540|0x0000000707000000, 0x0000000707000000, 0x0000000707400000|  0%| F|  |TAMS 0x0000000707000000, 0x0000000707000000| Untracked 
| 541|0x0000000707400000, 0x0000000707400000, 0x0000000707800000|  0%| F|  |TAMS 0x0000000707400000, 0x0000000707400000| Untracked 
| 542|0x0000000707800000, 0x0000000707800000, 0x0000000707c00000|  0%| F|  |TAMS 0x0000000707800000, 0x0000000707800000| Untracked 
| 543|0x0000000707c00000, 0x0000000707c00000, 0x0000000708000000|  0%| F|  |TAMS 0x0000000707c00000, 0x0000000707c00000| Untracked 
| 544|0x0000000708000000, 0x0000000708000000, 0x0000000708400000|  0%| F|  |TAMS 0x0000000708000000, 0x0000000708000000| Untracked 
| 545|0x0000000708400000, 0x0000000708400000, 0x0000000708800000|  0%| F|  |TAMS 0x0000000708400000, 0x0000000708400000| Untracked 
| 546|0x0000000708800000, 0x0000000708800000, 0x0000000708c00000|  0%| F|  |TAMS 0x0000000708800000, 0x0000000708800000| Untracked 
| 547|0x0000000708c00000, 0x0000000708c00000, 0x0000000709000000|  0%| F|  |TAMS 0x0000000708c00000, 0x0000000708c00000| Untracked 
| 548|0x0000000709000000, 0x0000000709000000, 0x0000000709400000|  0%| F|  |TAMS 0x0000000709000000, 0x0000000709000000| Untracked 
| 549|0x0000000709400000, 0x0000000709400000, 0x0000000709800000|  0%| F|  |TAMS 0x0000000709400000, 0x0000000709400000| Untracked 
| 550|0x0000000709800000, 0x0000000709800000, 0x0000000709c00000|  0%| F|  |TAMS 0x0000000709800000, 0x0000000709800000| Untracked 
|1532|0x00000007ff000000, 0x00000007ff000000, 0x00000007ff400000|  0%| F|  |TAMS 0x00000007ff000000, 0x00000007ff000000| Untracked 
|1533|0x00000007ff400000, 0x00000007ff400000, 0x00000007ff800000|  0%| F|  |TAMS 0x00000007ff400000, 0x00000007ff400000| Untracked 
|1534|0x00000007ff800000, 0x00000007ff800000, 0x00000007ffc00000|  0%| F|  |TAMS 0x00000007ff800000, 0x00000007ff800000| Untracked 
|1535|0x00000007ffc00000, 0x00000007ffc00000, 0x0000000800000000|  0%| F|  |TAMS 0x00000007ffc00000, 0x00000007ffc00000| Untracked 

Card table byte_map: [0x00000222450e0000,0x0000022245ce0000] _byte_map_base: 0x0000022241ce0000

Marking Bits (Prev, Next): (CMBitMap*) 0x000002222b54c180, (CMBitMap*) 0x000002222b54c140
 Prev Bits: [0x000002224c8e0000, 0x00000222528e0000)
 Next Bits: [0x00000222468e0000, 0x000002224c8e0000)

Polling page: 0x000002222b580000

Metaspace:

Usage:
  Non-class:    129.14 MB used.
      Class:     18.90 MB used.
       Both:    148.04 MB used.

Virtual space:
  Non-class space:      192.00 MB reserved,     129.94 MB ( 68%) committed,  3 nodes.
      Class space:        1.00 GB reserved,      19.62 MB (  2%) committed,  1 nodes.
             Both:        1.19 GB reserved,     149.56 MB ( 12%) committed. 

Chunk freelists:
   Non-Class:  13.44 MB
       Class:  12.36 MB
        Both:  25.80 MB

MaxMetaspaceSize: unlimited
CompressedClassSpaceSize: 1.00 GB
Initial GC threshold: 21.00 MB
Current GC threshold: 237.50 MB
CDS: on
MetaspaceReclaimPolicy: balanced
 - commit_granule_bytes: 65536.
 - commit_granule_words: 8192.
 - virtual_space_node_default_size: 8388608.
 - enlarge_chunks_in_place: 1.
 - new_chunks_are_fully_committed: 0.
 - uncommit_free_chunks: 1.
 - use_allocation_guard: 0.
 - handle_deallocations: 1.


Internal statistics:

num_allocs_failed_limit: 6.
num_arena_births: 2378.
num_arena_deaths: 4.
num_vsnodes_births: 4.
num_vsnodes_deaths: 0.
num_space_committed: 2393.
num_space_uncommitted: 2.
num_chunks_returned_to_freelist: 31.
num_chunks_taken_from_freelist: 9294.
num_chunk_merges: 11.
num_chunk_splits: 5843.
num_chunks_enlarged: 3530.
num_inconsistent_stats: 0.

CodeHeap 'non-profiled nmethods': size=120000Kb used=39288Kb max_used=41952Kb free=80711Kb
 bounds [0x000002223c310000, 0x000002223ec10000, 0x0000022243840000]
CodeHeap 'profiled nmethods': size=120000Kb used=55948Kb max_used=55948Kb free=64051Kb
 bounds [0x0000022234840000, 0x0000022237ef0000, 0x000002223bd70000]
CodeHeap 'non-nmethods': size=5760Kb used=2518Kb max_used=2599Kb free=3241Kb
 bounds [0x000002223bd70000, 0x000002223c010000, 0x000002223c310000]
 total_blobs=31337 nmethods=30275 adapters=972
 compilation: enabled
              stopped_count=0, restarted_count=0
 full_count=0

Compilation events (20 events):
Event: 306.710 Thread 0x00000222550a2540 nmethod 43203 0x000002223cb2e210 code [0x000002223cb2e3a0, 0x000002223cb2e6f8]
Event: 306.710 Thread 0x00000222550a2540 43205       4       com.android.tools.r8.graph.i4::a (55 bytes)
Event: 306.711 Thread 0x00000222550a2540 nmethod 43205 0x000002223cb2de10 code [0x000002223cb2dfa0, 0x000002223cb2e0b8]
Event: 306.711 Thread 0x00000222550a2540 43189       4       com.android.tools.r8.graph.B3$f::<init> (61 bytes)
Event: 306.714 Thread 0x00000222550a2540 nmethod 43189 0x000002223cb2d910 code [0x000002223cb2da80, 0x000002223cb2dd98]
Event: 306.714 Thread 0x00000222550a2540 43191       4       com.android.tools.r8.graph.B3$b::<init> (64 bytes)
Event: 306.716 Thread 0x00000222550a2540 nmethod 43191 0x000002223cb2d410 code [0x000002223cb2d580, 0x000002223cb2d898]
Event: 306.717 Thread 0x00000222550a2540 43206       4       com.android.tools.r8.graph.E3$$Lambda$3146/0x000002225839e460::accept (12 bytes)
Event: 306.723 Thread 0x00000222550a2540 nmethod 43206 0x000002223c53a810 code [0x000002223c53a9c0, 0x000002223c53b088]
Event: 306.723 Thread 0x00000222550a2540 43209       4       com.android.tools.r8.graph.f4::b (130 bytes)
Event: 306.771 Thread 0x00000222550a2540 nmethod 43209 0x000002223c537310 code [0x000002223c537580, 0x000002223c539b98]
Event: 306.775 Thread 0x00000222550a2540 43210       4       com.android.tools.r8.graph.v2::c (62 bytes)
Event: 306.783 Thread 0x00000222550a2540 nmethod 43210 0x000002223c536610 code [0x000002223c5367e0, 0x000002223c536e38]
Event: 306.801 Thread 0x00000222550a2540 43211       4       com.android.tools.r8.graph.n3::a (136 bytes)
Event: 306.847 Thread 0x00000222550a2540 nmethod 43211 0x000002223c88fe10 code [0x000002223c890080, 0x000002223c891698]
Event: 306.865 Thread 0x00000222550a3b90 43212       3       com.android.tools.r8.graph.N2$f::a (26 bytes)
Event: 306.866 Thread 0x00000222550a3b90 nmethod 43212 0x0000022237ee6a90 code [0x0000022237ee6c60, 0x0000022237ee7028]
Event: 306.866 Thread 0x00000222550a3b90 43213       3       java.lang.Float::compare (46 bytes)
Event: 306.866 Thread 0x00000222550a3b90 nmethod 43213 0x0000022237ee7210 code [0x0000022237ee7400, 0x0000022237ee79f8]
Event: 306.868 Thread 0x00000222a3770c10 nmethod 43186 0x000002223c7d1b10 code [0x000002223c7d22a0, 0x000002223c7da6f0]

GC Heap History (20 events):
Event: 286.916 GC heap after
{Heap after GC invocations=172 (full 0):
 garbage-first heap   total 1839104K, used 1223528K [0x0000000680000000, 0x0000000800000000)
  region size 4096K, 9 young (36864K), 9 survivors (36864K)
 Metaspace       used 144427K, committed 145920K, reserved 1179648K
  class space    used 18426K, committed 19136K, reserved 1048576K
}
Event: 291.256 GC heap before
{Heap before GC invocations=173 (full 0):
 garbage-first heap   total 2273280K, used 1678184K [0x0000000680000000, 0x0000000800000000)
  region size 4096K, 90 young (368640K), 9 survivors (36864K)
 Metaspace       used 145328K, committed 146816K, reserved 1179648K
  class space    used 18540K, committed 19264K, reserved 1048576K
}
Event: 291.275 GC heap after
{Heap after GC invocations=174 (full 0):
 garbage-first heap   total 2273280K, used 835660K [0x0000000680000000, 0x0000000800000000)
  region size 4096K, 7 young (28672K), 7 survivors (28672K)
 Metaspace       used 145328K, committed 146816K, reserved 1179648K
  class space    used 18540K, committed 19264K, reserved 1048576K
}
Event: 294.351 GC heap before
{Heap before GC invocations=174 (full 0):
 garbage-first heap   total 2273280K, used 1269836K [0x0000000680000000, 0x0000000800000000)
  region size 4096K, 112 young (458752K), 7 survivors (28672K)
 Metaspace       used 145386K, committed 146944K, reserved 1179648K
  class space    used 18540K, committed 19264K, reserved 1048576K
}
Event: 294.400 GC heap after
{Heap after GC invocations=175 (full 0):
 garbage-first heap   total 2273280K, used 737382K [0x0000000680000000, 0x0000000800000000)
  region size 4096K, 14 young (57344K), 14 survivors (57344K)
 Metaspace       used 145386K, committed 146944K, reserved 1179648K
  class space    used 18540K, committed 19264K, reserved 1048576K
}
Event: 298.628 GC heap before
{Heap before GC invocations=175 (full 0):
 garbage-first heap   total 2273280K, used 1798246K [0x0000000680000000, 0x0000000800000000)
  region size 4096K, 265 young (1085440K), 14 survivors (57344K)
 Metaspace       used 145995K, committed 147520K, reserved 1179648K
  class space    used 18608K, committed 19328K, reserved 1048576K
}
Event: 298.647 GC heap after
{Heap after GC invocations=176 (full 0):
 garbage-first heap   total 2273280K, used 718993K [0x0000000680000000, 0x0000000800000000)
  region size 4096K, 10 young (40960K), 10 survivors (40960K)
 Metaspace       used 145995K, committed 147520K, reserved 1179648K
  class space    used 18608K, committed 19328K, reserved 1048576K
}
Event: 301.883 GC heap before
{Heap before GC invocations=176 (full 0):
 garbage-first heap   total 2273280K, used 1788049K [0x0000000680000000, 0x0000000800000000)
  region size 4096K, 271 young (1110016K), 10 survivors (40960K)
 Metaspace       used 146881K, committed 148480K, reserved 1179648K
  class space    used 18729K, committed 19456K, reserved 1048576K
}
Event: 301.938 GC heap after
{Heap after GC invocations=177 (full 0):
 garbage-first heap   total 2273280K, used 986258K [0x0000000680000000, 0x0000000800000000)
  region size 4096K, 34 young (139264K), 34 survivors (139264K)
 Metaspace       used 146881K, committed 148480K, reserved 1179648K
  class space    used 18729K, committed 19456K, reserved 1048576K
}
Event: 304.202 GC heap before
{Heap before GC invocations=177 (full 0):
 garbage-first heap   total 2273280K, used 1670290K [0x0000000680000000, 0x0000000800000000)
  region size 4096K, 202 young (827392K), 34 survivors (139264K)
 Metaspace       used 151571K, committed 153152K, reserved 1245184K
  class space    used 19354K, committed 20096K, reserved 1048576K
}
Event: 304.290 GC heap after
{Heap after GC invocations=178 (full 0):
 garbage-first heap   total 2273280K, used 1163264K [0x0000000680000000, 0x0000000800000000)
  region size 4096K, 26 young (106496K), 26 survivors (106496K)
 Metaspace       used 151571K, committed 153152K, reserved 1245184K
  class space    used 19354K, committed 20096K, reserved 1048576K
}
Event: 304.956 GC heap before
{Heap before GC invocations=178 (full 0):
 garbage-first heap   total 2273280K, used 1679360K [0x0000000680000000, 0x0000000800000000)
  region size 4096K, 152 young (622592K), 26 survivors (106496K)
 Metaspace       used 151587K, committed 153152K, reserved 1245184K
  class space    used 19356K, committed 20096K, reserved 1048576K
}
Event: 305.057 GC heap after
{Heap after GC invocations=179 (full 0):
 garbage-first heap   total 2273280K, used 1288192K [0x0000000680000000, 0x0000000800000000)
  region size 4096K, 19 young (77824K), 19 survivors (77824K)
 Metaspace       used 151587K, committed 153152K, reserved 1245184K
  class space    used 19356K, committed 20096K, reserved 1048576K
}
Event: 305.510 GC heap before
{Heap before GC invocations=179 (full 0):
 garbage-first heap   total 2273280K, used 1718272K [0x0000000680000000, 0x0000000800000000)
  region size 4096K, 122 young (499712K), 19 survivors (77824K)
 Metaspace       used 151588K, committed 153152K, reserved 1245184K
  class space    used 19356K, committed 20096K, reserved 1048576K
}
Event: 305.605 GC heap after
{Heap after GC invocations=180 (full 0):
 garbage-first heap   total 2273280K, used 1390592K [0x0000000680000000, 0x0000000800000000)
  region size 4096K, 16 young (65536K), 16 survivors (65536K)
 Metaspace       used 151588K, committed 153152K, reserved 1245184K
  class space    used 19356K, committed 20096K, reserved 1048576K
}
Event: 306.086 GC heap before
{Heap before GC invocations=180 (full 0):
 garbage-first heap   total 2273280K, used 1787904K [0x0000000680000000, 0x0000000800000000)
  region size 4096K, 111 young (454656K), 16 survivors (65536K)
 Metaspace       used 151588K, committed 153152K, reserved 1245184K
  class space    used 19356K, committed 20096K, reserved 1048576K
}
Event: 306.174 GC heap after
{Heap after GC invocations=181 (full 0):
 garbage-first heap   total 2273280K, used 1486848K [0x0000000680000000, 0x0000000800000000)
  region size 4096K, 14 young (57344K), 14 survivors (57344K)
 Metaspace       used 151588K, committed 153152K, reserved 1245184K
  class space    used 19356K, committed 20096K, reserved 1048576K
}
Event: 306.267 GC heap before
{Heap before GC invocations=181 (full 0):
 garbage-first heap   total 2273280K, used 1564672K [0x0000000680000000, 0x0000000800000000)
  region size 4096K, 34 young (139264K), 14 survivors (57344K)
 Metaspace       used 151588K, committed 153152K, reserved 1245184K
  class space    used 19356K, committed 20096K, reserved 1048576K
}
Event: 306.330 GC heap after
{Heap after GC invocations=182 (full 0):
 garbage-first heap   total 2273280K, used 1519735K [0x0000000680000000, 0x0000000800000000)
  region size 4096K, 6 young (24576K), 6 survivors (24576K)
 Metaspace       used 151588K, committed 153152K, reserved 1245184K
  class space    used 19356K, committed 20096K, reserved 1048576K
}
Event: 306.898 GC heap before
{Heap before GC invocations=182 (full 0):
 garbage-first heap   total 2273280K, used 1949815K [0x0000000680000000, 0x0000000800000000)
  region size 4096K, 111 young (454656K), 6 survivors (24576K)
 Metaspace       used 151593K, committed 153152K, reserved 1245184K
  class space    used 19356K, committed 20096K, reserved 1048576K
}

Dll operation events (15 events):
Event: 0.029 Loaded shared library C:\Users\ivanp\AppData\Local\Programs\Eclipse Adoptium\jdk-17.0.19.10-hotspot\bin\java.dll
Event: 0.066 Loaded shared library C:\Users\ivanp\AppData\Local\Programs\Eclipse Adoptium\jdk-17.0.19.10-hotspot\bin\jsvml.dll
Event: 0.180 Loaded shared library C:\Users\ivanp\AppData\Local\Programs\Eclipse Adoptium\jdk-17.0.19.10-hotspot\bin\zip.dll
Event: 0.187 Loaded shared library C:\Users\ivanp\AppData\Local\Programs\Eclipse Adoptium\jdk-17.0.19.10-hotspot\bin\instrument.dll
Event: 0.195 Loaded shared library C:\Users\ivanp\AppData\Local\Programs\Eclipse Adoptium\jdk-17.0.19.10-hotspot\bin\net.dll
Event: 0.199 Loaded shared library C:\Users\ivanp\AppData\Local\Programs\Eclipse Adoptium\jdk-17.0.19.10-hotspot\bin\nio.dll
Event: 0.207 Loaded shared library C:\Users\ivanp\AppData\Local\Programs\Eclipse Adoptium\jdk-17.0.19.10-hotspot\bin\zip.dll
Event: 0.524 Loaded shared library C:\Users\ivanp\AppData\Local\Programs\Eclipse Adoptium\jdk-17.0.19.10-hotspot\bin\jimage.dll
Event: 0.646 Loaded shared library C:\Users\ivanp\AppData\Local\Programs\Eclipse Adoptium\jdk-17.0.19.10-hotspot\bin\verify.dll
Event: 0.898 Loaded shared library C:\Users\ivanp\.gradle\native\c067742578af261105cb4f569cf0c3c89f3d7b1fecec35dd04571415982c5e48\windows-amd64\native-platform.dll
Event: 0.915 Loaded shared library C:\Users\ivanp\.gradle\native\38dada09dfb8b06ba9b0570ebf7e218e3eb74d4ef43ca46872605cf95ebc2f47\windows-amd64\native-platform-file-events.dll
Event: 2.560 Loaded shared library C:\Users\ivanp\AppData\Local\Programs\Eclipse Adoptium\jdk-17.0.19.10-hotspot\bin\management.dll
Event: 2.563 Loaded shared library C:\Users\ivanp\AppData\Local\Programs\Eclipse Adoptium\jdk-17.0.19.10-hotspot\bin\management_ext.dll
Event: 2.909 Loaded shared library C:\Users\ivanp\AppData\Local\Programs\Eclipse Adoptium\jdk-17.0.19.10-hotspot\bin\extnet.dll
Event: 3.454 Loaded shared library C:\Users\ivanp\AppData\Local\Programs\Eclipse Adoptium\jdk-17.0.19.10-hotspot\bin\sunmscapi.dll

Deoptimization events (20 events):
Event: 306.391 Thread 0x00000222a3482d40 Uncommon trap: trap_request=0xffffff45 fr.pc=0x000002223c609550 relative=0x0000000000000230
Event: 306.391 Thread 0x00000222a3482d40 Uncommon trap: reason=unstable_if action=reinterpret pc=0x000002223c609550 method=com.android.tools.r8.graph.J2.equals(Ljava/lang/Object;)Z @ 28 c2
Event: 306.391 Thread 0x00000222a3482d40 DEOPT PACKING pc=0x000002223c609550 sp=0x00000096977ff060
Event: 306.391 Thread 0x00000222a3482d40 DEOPT UNPACKING pc=0x000002223bdc69a3 sp=0x00000096977feff0 mode 2
Event: 306.403 Thread 0x00000222a3482320 Uncommon trap: trap_request=0xffffff45 fr.pc=0x000002223c9d87a8 relative=0x0000000000001ca8
Event: 306.403 Thread 0x00000222a3482320 Uncommon trap: reason=unstable_if action=reinterpret pc=0x000002223c9d87a8 method=com.android.tools.r8.internal.Hg0.b()Ljava/lang/String; @ 34 c2
Event: 306.403 Thread 0x00000222a3482320 DEOPT PACKING pc=0x000002223c9d87a8 sp=0x00000096975fec10
Event: 306.403 Thread 0x00000222a3482320 DEOPT UNPACKING pc=0x000002223bdc69a3 sp=0x00000096975febf8 mode 2
Event: 306.406 Thread 0x000002229b274710 Uncommon trap: trap_request=0xffffff45 fr.pc=0x000002223c608c50 relative=0x0000000000000390
Event: 306.406 Thread 0x000002229b274710 Uncommon trap: reason=unstable_if action=reinterpret pc=0x000002223c608c50 method=com.android.tools.r8.graph.J2.equals(Ljava/lang/Object;)Z @ 28 c2
Event: 306.406 Thread 0x000002229b274710 DEOPT PACKING pc=0x000002223c608c50 sp=0x00000096978fedd0
Event: 306.406 Thread 0x000002229b274710 DEOPT UNPACKING pc=0x000002223bdc69a3 sp=0x00000096978fecf8 mode 2
Event: 306.443 Thread 0x000002229b274710 Uncommon trap: trap_request=0xffffff45 fr.pc=0x000002223e3cea10 relative=0x0000000000003590
Event: 306.443 Thread 0x000002229b274710 Uncommon trap: reason=unstable_if action=reinterpret pc=0x000002223e3cea10 method=com.android.tools.r8.graph.E3.a(Ljava/util/function/Consumer;)V @ 88 c2
Event: 306.443 Thread 0x000002229b274710 DEOPT PACKING pc=0x000002223e3cea10 sp=0x00000096978fed50
Event: 306.443 Thread 0x000002229b274710 DEOPT UNPACKING pc=0x000002223bdc69a3 sp=0x00000096978fed58 mode 2
Event: 306.467 Thread 0x00000222a3482320 Uncommon trap: trap_request=0xffffff45 fr.pc=0x000002223e9fb030 relative=0x0000000000000ed0
Event: 306.467 Thread 0x00000222a3482320 Uncommon trap: reason=unstable_if action=reinterpret pc=0x000002223e9fb030 method=com.android.tools.r8.graph.E3.c()Lcom/android/tools/r8/graph/B3$e; @ 33 c2
Event: 306.467 Thread 0x00000222a3482320 DEOPT PACKING pc=0x000002223e9fb030 sp=0x00000096975feaa0
Event: 306.467 Thread 0x00000222a3482320 DEOPT UNPACKING pc=0x000002223bdc69a3 sp=0x00000096975fea80 mode 2

Classes loaded (20 events):
Event: 294.717 Loading class java/util/TreeMap$NavigableSubMap done
Event: 294.717 Loading class java/util/TreeMap$AscendingSubMap done
Event: 294.717 Loading class java/util/TreeMap$NavigableSubMap$SubMapKeyIterator
Event: 294.718 Loading class java/util/TreeMap$NavigableSubMap$SubMapIterator
Event: 294.718 Loading class java/util/TreeMap$NavigableSubMap$SubMapIterator done
Event: 294.718 Loading class java/util/TreeMap$NavigableSubMap$SubMapKeyIterator done
Event: 299.028 Loading class java/util/zip/ZipOutputStream
Event: 299.030 Loading class java/util/zip/ZipOutputStream done
Event: 303.340 Loading class java/util/IdentityHashMap$EntrySet
Event: 303.341 Loading class java/util/IdentityHashMap$EntrySet done
Event: 303.414 Loading class java/util/concurrent/ForkJoinTask$AdaptedCallable
Event: 303.416 Loading class java/util/concurrent/ForkJoinTask$AdaptedCallable done
Event: 303.420 Loading class java/util/concurrent/ForkJoinPool$DefaultForkJoinWorkerThreadFactory$1
Event: 303.421 Loading class java/util/concurrent/ForkJoinPool$DefaultForkJoinWorkerThreadFactory$1 done
Event: 303.445 Loading class java/lang/reflect/GenericSignatureFormatError
Event: 303.446 Loading class java/lang/reflect/GenericSignatureFormatError done
Event: 303.728 Loading class java/util/concurrent/ConcurrentHashMap$TreeNode
Event: 303.738 Loading class java/util/concurrent/ConcurrentHashMap$TreeNode done
Event: 303.738 Loading class java/util/concurrent/ConcurrentHashMap$TreeBin
Event: 303.738 Loading class java/util/concurrent/ConcurrentHashMap$TreeBin done

Classes unloaded (20 events):
Event: 215.069 Thread 0x0000022255075fd0 Unloading class 0x000002225822b800 'jdk/internal/jimage/ImageHeader'
Event: 215.069 Thread 0x0000022255075fd0 Unloading class 0x000002225822adc8 'jdk/internal/jimage/BasicImageReader$2'
Event: 215.069 Thread 0x0000022255075fd0 Unloading class 0x000002225822ab98 'jdk/internal/jimage/BasicImageReader$1'
Event: 215.069 Thread 0x0000022255075fd0 Unloading class 0x000002225822a930 'jdk/internal/jimage/ImageReader$Resource'
Event: 215.069 Thread 0x0000022255075fd0 Unloading class 0x000002225822a6c8 'jdk/internal/jimage/ImageReader$LinkNode'
Event: 215.069 Thread 0x0000022255075fd0 Unloading class 0x000002225822a460 'jdk/internal/jimage/ImageReader$Directory'
Event: 215.069 Thread 0x0000022255075fd0 Unloading class 0x000002225822a1f8 'jdk/internal/jimage/ImageReader$Node'
Event: 215.069 Thread 0x0000022255075fd0 Unloading class 0x000002225822a000 'jdk/internal/jimage/ImageStrings'
Event: 215.069 Thread 0x0000022255075fd0 Unloading class 0x0000022258229b50 'jdk/internal/jimage/ImageReader$SharedImageReader'
Event: 215.069 Thread 0x0000022255075fd0 Unloading class 0x0000022258229890 'jdk/internal/jimage/BasicImageReader'
Event: 215.069 Thread 0x0000022255075fd0 Unloading class 0x0000022258229670 'jdk/internal/jimage/ImageReader'
Event: 215.069 Thread 0x0000022255075fd0 Unloading class 0x0000022258229448 'jdk/internal/jrtfs/SystemImage$2'
Event: 215.069 Thread 0x0000022255075fd0 Unloading class 0x0000022258229230 'jdk/internal/jrtfs/SystemImage$$Lambda$2643+0x0000022258229230'
Event: 215.069 Thread 0x0000022255075fd0 Unloading class 0x0000022258229000 'jdk/internal/jrtfs/ExplodedImage'
Event: 215.069 Thread 0x0000022255075fd0 Unloading class 0x0000022258228dc8 'jdk/internal/jrtfs/SystemImage$1'
Event: 215.069 Thread 0x0000022255075fd0 Unloading class 0x0000022258228bb0 'jdk/internal/jrtfs/SystemImage'
Event: 215.069 Thread 0x0000022255075fd0 Unloading class 0x0000022258228950 'jdk/internal/jrtfs/JrtFileStore'
Event: 215.069 Thread 0x0000022255075fd0 Unloading class 0x00000222582285d8 'jdk/internal/jrtfs/JrtPath'
Event: 215.069 Thread 0x0000022255075fd0 Unloading class 0x00000222582282e0 'jdk/internal/jrtfs/JrtFileSystem'
Event: 215.069 Thread 0x0000022255075fd0 Unloading class 0x0000022258228000 'jdk/internal/jrtfs/JrtFileSystemProvider'

Classes redefined (0 events):
No events

Internal exceptions (20 events):
Event: 303.451 Thread 0x00000222a3483760 Exception <a 'java/lang/IncompatibleClassChangeError'{0x00000006f1b862f0}: Found class java.lang.Object, but interface was expected> (0x00000006f1b862f0) 
thrown [s\src\hotspot\share\interpreter\linkResolver.cpp, line 826]
Event: 303.523 Thread 0x00000222a9e17060 Exception <a 'java/lang/NoSuchMethodError'{0x00000006f0837210}: 'long java.lang.invoke.DirectMethodHandle$Holder.invokeStatic(java.lang.Object, java.lang.Object)'> (0x00000006f0837210) 
thrown [s\src\hotspot\share\interpreter\linkResolver.cpp, line 759]
Event: 303.523 Thread 0x00000222a3483760 Exception <a 'java/lang/NoSuchMethodError'{0x00000006f0a55bd0}: 'long java.lang.invoke.DirectMethodHandle$Holder.invokeStatic(java.lang.Object, java.lang.Object)'> (0x00000006f0a55bd0) 
thrown [s\src\hotspot\share\interpreter\linkResolver.cpp, line 759]
Event: 303.523 Thread 0x00000222a9e1d720 Exception <a 'java/lang/NoSuchMethodError'{0x00000006f143b100}: 'long java.lang.invoke.DirectMethodHandle$Holder.invokeStatic(java.lang.Object, java.lang.Object)'> (0x00000006f143b100) 
thrown [s\src\hotspot\share\interpreter\linkResolver.cpp, line 759]
Event: 303.523 Thread 0x00000222a3482d40 Exception <a 'java/lang/NoSuchMethodError'{0x00000006f0948280}: 'long java.lang.invoke.DirectMethodHandle$Holder.invokeStatic(java.lang.Object, java.lang.Object)'> (0x00000006f0948280) 
thrown [s\src\hotspot\share\interpreter\linkResolver.cpp, line 759]
Event: 303.523 Thread 0x000002229b274710 Exception <a 'java/lang/NoSuchMethodError'{0x00000006f1261088}: 'long java.lang.invoke.DirectMethodHandle$Holder.invokeStatic(java.lang.Object, java.lang.Object)'> (0x00000006f1261088) 
thrown [s\src\hotspot\share\interpreter\linkResolver.cpp, line 759]
Event: 303.523 Thread 0x00000222a3482320 Exception <a 'java/lang/NoSuchMethodError'{0x00000006f089ec70}: 'long java.lang.invoke.DirectMethodHandle$Holder.invokeStatic(java.lang.Object, java.lang.Object)'> (0x00000006f089ec70) 
thrown [s\src\hotspot\share\interpreter\linkResolver.cpp, line 759]
Event: 303.524 Thread 0x00000222a3483760 Exception <a 'java/lang/NoSuchMethodError'{0x00000006f0a591d0}: 'long java.lang.invoke.DirectMethodHandle$Holder.invokeStaticInit(java.lang.Object, java.lang.Object)'> (0x00000006f0a591d0) 
thrown [s\src\hotspot\share\interpreter\linkResolver.cpp, line 759]
Event: 303.524 Thread 0x00000222a9e17060 Exception <a 'java/lang/NoSuchMethodError'{0x00000006f083a7e8}: 'long java.lang.invoke.DirectMethodHandle$Holder.invokeStaticInit(java.lang.Object, java.lang.Object)'> (0x00000006f083a7e8) 
thrown [s\src\hotspot\share\interpreter\linkResolver.cpp, line 759]
Event: 303.524 Thread 0x00000222a3482d40 Exception <a 'java/lang/NoSuchMethodError'{0x00000006f094b858}: 'long java.lang.invoke.DirectMethodHandle$Holder.invokeStaticInit(java.lang.Object, java.lang.Object)'> (0x00000006f094b858) 
thrown [s\src\hotspot\share\interpreter\linkResolver.cpp, line 759]
Event: 303.524 Thread 0x000002229b274710 Exception <a 'java/lang/NoSuchMethodError'{0x00000006f1264660}: 'long java.lang.invoke.DirectMethodHandle$Holder.invokeStaticInit(java.lang.Object, java.lang.Object)'> (0x00000006f1264660) 
thrown [s\src\hotspot\share\interpreter\linkResolver.cpp, line 759]
Event: 303.524 Thread 0x00000222a9e1d720 Exception <a 'java/lang/NoSuchMethodError'{0x00000006f143e6d8}: 'long java.lang.invoke.DirectMethodHandle$Holder.invokeStaticInit(java.lang.Object, java.lang.Object)'> (0x00000006f143e6d8) 
thrown [s\src\hotspot\share\interpreter\linkResolver.cpp, line 759]
Event: 303.524 Thread 0x00000222a3482320 Exception <a 'java/lang/NoSuchMethodError'{0x00000006f08a2248}: 'long java.lang.invoke.DirectMethodHandle$Holder.invokeStaticInit(java.lang.Object, java.lang.Object)'> (0x00000006f08a2248) 
thrown [s\src\hotspot\share\interpreter\linkResolver.cpp, line 759]
Event: 303.536 Thread 0x000002229b274710 Implicit null exception at 0x000002223d0375da to 0x000002223d038144
Event: 303.536 Thread 0x00000222a9e1d720 Implicit null exception at 0x000002223d0375da to 0x000002223d038144
Event: 303.536 Thread 0x00000222a3483760 Implicit null exception at 0x000002223d490ffc to 0x000002223d4911a4
Event: 303.536 Thread 0x000002229b274710 Implicit null exception at 0x000002223cdab9ab to 0x000002223cdaba04
Event: 303.756 Thread 0x00000222a9e1d720 Implicit null exception at 0x000002223d5f8e6b to 0x000002223d5f97f4
Event: 304.545 Thread 0x000002229b274710 Implicit null exception at 0x000002223d97932d to 0x000002223d97943c
Event: 304.545 Thread 0x00000222a3482320 Implicit null exception at 0x000002223d97932d to 0x000002223d97943c

VM Operations (20 events):
Event: 303.354 Executing VM operation: HandshakeAllThreads done
Event: 303.413 Executing VM operation: HandshakeAllThreads
Event: 303.414 Executing VM operation: HandshakeAllThreads done
Event: 303.419 Executing VM operation: HandshakeAllThreads
Event: 303.419 Executing VM operation: HandshakeAllThreads done
Event: 303.774 Executing VM operation: ICBufferFull
Event: 303.775 Executing VM operation: ICBufferFull done
Event: 304.202 Executing VM operation: G1CollectForAllocation
Event: 304.290 Executing VM operation: G1CollectForAllocation done
Event: 304.760 Executing VM operation: HandshakeAllThreads
Event: 304.761 Executing VM operation: HandshakeAllThreads done
Event: 304.956 Executing VM operation: G1CollectForAllocation
Event: 305.057 Executing VM operation: G1CollectForAllocation done
Event: 305.510 Executing VM operation: G1CollectForAllocation
Event: 305.605 Executing VM operation: G1CollectForAllocation done
Event: 306.086 Executing VM operation: G1CollectForAllocation
Event: 306.174 Executing VM operation: G1CollectForAllocation done
Event: 306.267 Executing VM operation: G1TryInitiateConcMark
Event: 306.330 Executing VM operation: G1TryInitiateConcMark done
Event: 306.898 Executing VM operation: G1CollectForAllocation

Memory protections (0 events):
No events

Nmethod flushes (20 events):
Event: 303.088 Thread 0x000002225576a290 flushing  nmethod 0x000002223e983110
Event: 303.088 Thread 0x000002225576a290 flushing  nmethod 0x000002223e9b2c90
Event: 303.088 Thread 0x000002225576a290 flushing  nmethod 0x000002223e9ccc10
Event: 303.088 Thread 0x000002225576a290 flushing  nmethod 0x000002223e9f9e10
Event: 303.088 Thread 0x000002225576a290 flushing osr nmethod 0x000002223ea9d090
Event: 303.088 Thread 0x000002225576a290 flushing  nmethod 0x000002223eac7310
Event: 303.089 Thread 0x000002225576a290 flushing  nmethod 0x000002223ead4e90
Event: 303.089 Thread 0x000002225576a290 flushing  nmethod 0x000002223eae2610
Event: 303.089 Thread 0x000002225576a290 flushing osr nmethod 0x000002223eb1b410
Event: 303.089 Thread 0x000002225576a290 flushing osr nmethod 0x000002223eb20010
Event: 303.089 Thread 0x000002225576a290 flushing osr nmethod 0x000002223eb35510
Event: 303.089 Thread 0x000002225576a290 flushing  nmethod 0x000002223eb41010
Event: 303.089 Thread 0x000002225576a290 flushing  nmethod 0x000002223eb49f10
Event: 303.089 Thread 0x000002225576a290 flushing  nmethod 0x000002223ebcfb90
Event: 303.125 Thread 0x000002225576a290 flushing  nmethod 0x0000022237cc4110
Event: 303.125 Thread 0x000002225576a290 flushing  nmethod 0x0000022237ccb010
Event: 303.125 Thread 0x000002225576a290 flushing  nmethod 0x0000022237cd7010
Event: 304.778 Thread 0x000002225576a290 flushing  nmethod 0x000002223e7a4d10
Event: 304.789 Thread 0x000002225576a290 flushing  nmethod 0x00000222354f3a10
Event: 304.806 Thread 0x000002225576a290 flushing  nmethod 0x00000222368c4210

Events (20 events):
Event: 291.725 Thread 0x00000222a14eeaa0 Thread exited: 0x00000222a14eeaa0
Event: 291.932 Thread 0x00000222a14ee000 Thread exited: 0x00000222a14ee000
Event: 294.412 Thread 0x00000222550a2540 Thread added: 0x00000222a9ca45a0
Event: 295.207 Thread 0x00000222a9ca45a0 Thread exited: 0x00000222a9ca45a0
Event: 296.727 Thread 0x00000222550a3b90 Thread added: 0x00000222a14edab0
Event: 296.930 Thread 0x00000222a14edab0 Thread exited: 0x00000222a14edab0
Event: 298.478 Thread 0x00000222550a2540 Thread added: 0x00000222a9ca5040
Event: 298.478 Thread 0x00000222550a2540 Thread added: 0x00000222a9ca45a0
Event: 299.855 Thread 0x00000222a9ca45a0 Thread exited: 0x00000222a9ca45a0
Event: 299.870 Thread 0x00000222a9ca5040 Thread exited: 0x00000222a9ca5040
Event: 300.067 Thread 0x00000222550a2540 Thread added: 0x00000222a37706c0
Event: 300.413 Thread 0x00000222a37706c0 Thread exited: 0x00000222a37706c0
Event: 303.115 Thread 0x00000222550a2540 Thread added: 0x000002229d4678f0
Event: 303.421 Thread 0x000002229b12cf60 Thread added: 0x00000222a3483760
Event: 303.422 Thread 0x000002229b12cf60 Thread added: 0x00000222a3482320
Event: 303.422 Thread 0x00000222a3483760 Thread added: 0x00000222a9e1d720
Event: 303.422 Thread 0x000002229b12cf60 Thread added: 0x00000222a3482d40
Event: 303.423 Thread 0x00000222a9e1d720 Thread added: 0x000002229b274710
Event: 303.423 Thread 0x00000222a3482d40 Thread added: 0x00000222a9e17060
Event: 303.584 Thread 0x00000222550a3b90 Thread added: 0x00000222a3770c10


Dynamic libraries:
0x00007ff72d0b0000 - 0x00007ff72d0be000 	C:\Users\ivanp\AppData\Local\Programs\Eclipse Adoptium\jdk-17.0.19.10-hotspot\bin\java.exe
0x00007ffb90000000 - 0x00007ffb90266000 	C:\WINDOWS\SYSTEM32\ntdll.dll
0x00007ffb8f640000 - 0x00007ffb8f709000 	C:\WINDOWS\System32\KERNEL32.DLL
0x00007ffb8d400000 - 0x00007ffb8d7fa000 	C:\WINDOWS\System32\KERNELBASE.dll
0x00007ffb8dac0000 - 0x00007ffb8dc0c000 	C:\WINDOWS\System32\ucrtbase.dll
0x00007ffb7b950000 - 0x00007ffb7b96e000 	C:\Users\ivanp\AppData\Local\Programs\Eclipse Adoptium\jdk-17.0.19.10-hotspot\bin\VCRUNTIME140.dll
0x00007ffb7b860000 - 0x00007ffb7b878000 	C:\Users\ivanp\AppData\Local\Programs\Eclipse Adoptium\jdk-17.0.19.10-hotspot\bin\jli.dll
0x00007ffb8e2b0000 - 0x00007ffb8e477000 	C:\WINDOWS\System32\USER32.dll
0x00007ffb709c0000 - 0x00007ffb70c52000 	C:\WINDOWS\WinSxS\amd64_microsoft.windows.common-controls_6595b64144ccf1df_6.0.26100.8521_none_3e08b75ce33403b3\COMCTL32.dll
0x00007ffb8dd40000 - 0x00007ffb8dd67000 	C:\WINDOWS\System32\win32u.dll
0x00007ffb8fb30000 - 0x00007ffb8fbd9000 	C:\WINDOWS\System32\msvcrt.dll
0x00007ffb8f920000 - 0x00007ffb8f94b000 	C:\WINDOWS\System32\GDI32.dll
0x00007ffb8dc10000 - 0x00007ffb8dd3b000 	C:\WINDOWS\System32\gdi32full.dll
0x00007ffb8d800000 - 0x00007ffb8d8a3000 	C:\WINDOWS\System32\msvcp_win.dll
0x00007ffb8fbe0000 - 0x00007ffb8fc12000 	C:\WINDOWS\System32\IMM32.DLL
0x00007ffb80090000 - 0x00007ffb8009c000 	C:\Users\ivanp\AppData\Local\Programs\Eclipse Adoptium\jdk-17.0.19.10-hotspot\bin\vcruntime140_1.dll
0x00007ffb7a6a0000 - 0x00007ffb7a72d000 	C:\Users\ivanp\AppData\Local\Programs\Eclipse Adoptium\jdk-17.0.19.10-hotspot\bin\msvcp140.dll
0x00007ffabd060000 - 0x00007ffabdccc000 	C:\Users\ivanp\AppData\Local\Programs\Eclipse Adoptium\jdk-17.0.19.10-hotspot\bin\server\jvm.dll
0x00007ffb8f580000 - 0x00007ffb8f636000 	C:\WINDOWS\System32\ADVAPI32.dll
0x00007ffb8f870000 - 0x00007ffb8f91a000 	C:\WINDOWS\System32\sechost.dll
0x00007ffb8fd00000 - 0x00007ffb8fe18000 	C:\WINDOWS\System32\RPCRT4.dll
0x00007ffb8fa20000 - 0x00007ffb8faa0000 	C:\WINDOWS\System32\WS2_32.dll
0x00007ffb8caf0000 - 0x00007ffb8cb4e000 	C:\WINDOWS\SYSTEM32\POWRPROF.dll
0x00007ffb7c890000 - 0x00007ffb7c8c6000 	C:\WINDOWS\SYSTEM32\WINMM.dll
0x00007ffb80a40000 - 0x00007ffb80a4b000 	C:\WINDOWS\SYSTEM32\VERSION.dll
0x00007ffb8cad0000 - 0x00007ffb8cae4000 	C:\WINDOWS\SYSTEM32\UMPDC.dll
0x00007ffb8bfe0000 - 0x00007ffb8bffb000 	C:\WINDOWS\SYSTEM32\kernel.appcore.dll
0x00007ffb80060000 - 0x00007ffb8006a000 	C:\Users\ivanp\AppData\Local\Programs\Eclipse Adoptium\jdk-17.0.19.10-hotspot\bin\jimage.dll
0x00007ffb8a900000 - 0x00007ffb8ab42000 	C:\WINDOWS\SYSTEM32\DBGHELP.DLL
0x00007ffb8e4d0000 - 0x00007ffb8e853000 	C:\WINDOWS\System32\combase.dll
0x00007ffb8f790000 - 0x00007ffb8f869000 	C:\WINDOWS\System32\OLEAUT32.dll
0x00007ffb6cc40000 - 0x00007ffb6cc7b000 	C:\WINDOWS\SYSTEM32\dbgcore.DLL
0x00007ffb8d350000 - 0x00007ffb8d3f8000 	C:\WINDOWS\System32\bcryptPrimitives.dll
0x00007ffb7edd0000 - 0x00007ffb7edde000 	C:\Users\ivanp\AppData\Local\Programs\Eclipse Adoptium\jdk-17.0.19.10-hotspot\bin\instrument.dll
0x00007ffb7b670000 - 0x00007ffb7b695000 	C:\Users\ivanp\AppData\Local\Programs\Eclipse Adoptium\jdk-17.0.19.10-hotspot\bin\java.dll
0x00007ffad9590000 - 0x00007ffad9667000 	C:\Users\ivanp\AppData\Local\Programs\Eclipse Adoptium\jdk-17.0.19.10-hotspot\bin\jsvml.dll
0x00007ffb8e860000 - 0x00007ffb8efe4000 	C:\WINDOWS\System32\SHELL32.dll
0x00007ffb8ae10000 - 0x00007ffb8b690000 	C:\WINDOWS\SYSTEM32\windows.storage.dll
0x00007ffb8e1b0000 - 0x00007ffb8e2a6000 	C:\WINDOWS\System32\SHCORE.dll
0x00007ffb8fc30000 - 0x00007ffb8fc97000 	C:\WINDOWS\System32\shlwapi.dll
0x00007ffb8d1b0000 - 0x00007ffb8d1d9000 	C:\WINDOWS\SYSTEM32\profapi.dll
0x00007ffb7b360000 - 0x00007ffb7b378000 	C:\Users\ivanp\AppData\Local\Programs\Eclipse Adoptium\jdk-17.0.19.10-hotspot\bin\zip.dll
0x00007ffb7b780000 - 0x00007ffb7b79a000 	C:\Users\ivanp\AppData\Local\Programs\Eclipse Adoptium\jdk-17.0.19.10-hotspot\bin\net.dll
0x00007ffb83e50000 - 0x00007ffb83f79000 	C:\WINDOWS\SYSTEM32\WINHTTP.dll
0x00007ffb8c530000 - 0x00007ffb8c59c000 	C:\WINDOWS\system32\mswsock.dll
0x00007ffb7b5b0000 - 0x00007ffb7b5c6000 	C:\Users\ivanp\AppData\Local\Programs\Eclipse Adoptium\jdk-17.0.19.10-hotspot\bin\nio.dll
0x00007ffb7bac0000 - 0x00007ffb7bad0000 	C:\Users\ivanp\AppData\Local\Programs\Eclipse Adoptium\jdk-17.0.19.10-hotspot\bin\verify.dll
0x00007ffb6b750000 - 0x00007ffb6b777000 	C:\Users\ivanp\.gradle\native\c067742578af261105cb4f569cf0c3c89f3d7b1fecec35dd04571415982c5e48\windows-amd64\native-platform.dll
0x00007ffad7e60000 - 0x00007ffad7fa4000 	C:\Users\ivanp\.gradle\native\38dada09dfb8b06ba9b0570ebf7e218e3eb74d4ef43ca46872605cf95ebc2f47\windows-amd64\native-platform-file-events.dll
0x00007ffb7b850000 - 0x00007ffb7b85a000 	C:\Users\ivanp\AppData\Local\Programs\Eclipse Adoptium\jdk-17.0.19.10-hotspot\bin\management.dll
0x00007ffb7b750000 - 0x00007ffb7b75c000 	C:\Users\ivanp\AppData\Local\Programs\Eclipse Adoptium\jdk-17.0.19.10-hotspot\bin\management_ext.dll
0x00007ffb8f950000 - 0x00007ffb8f958000 	C:\WINDOWS\System32\PSAPI.DLL
0x00007ffb8c930000 - 0x00007ffb8c94b000 	C:\WINDOWS\SYSTEM32\CRYPTSP.dll
0x00007ffb8bf40000 - 0x00007ffb8bf79000 	C:\WINDOWS\system32\rsaenh.dll
0x00007ffb8c5e0000 - 0x00007ffb8c613000 	C:\WINDOWS\SYSTEM32\USERENV.dll
0x00007ffb8d180000 - 0x00007ffb8d1aa000 	C:\WINDOWS\SYSTEM32\bcrypt.dll
0x00007ffb8c790000 - 0x00007ffb8c79c000 	C:\WINDOWS\SYSTEM32\CRYPTBASE.dll
0x00007ffb8ba70000 - 0x00007ffb8baa3000 	C:\WINDOWS\SYSTEM32\IPHLPAPI.DLL
0x00007ffb8e480000 - 0x00007ffb8e48a000 	C:\WINDOWS\System32\NSI.dll
0x00007ffb865f0000 - 0x00007ffb8660d000 	C:\WINDOWS\SYSTEM32\dhcpcsvc6.DLL
0x00007ffb84000000 - 0x00007ffb84025000 	C:\WINDOWS\SYSTEM32\dhcpcsvc.DLL
0x00007ffb8bb40000 - 0x00007ffb8bc8a000 	C:\WINDOWS\SYSTEM32\DNSAPI.dll
0x00007ffb8c300000 - 0x00007ffb8c30d000 	C:\WINDOWS\SYSTEM32\DSPARSE.dll
0x00007ffb7ede0000 - 0x00007ffb7ede9000 	C:\Users\ivanp\AppData\Local\Programs\Eclipse Adoptium\jdk-17.0.19.10-hotspot\bin\extnet.dll
0x00007ffb7baf0000 - 0x00007ffb7bafe000 	C:\Users\ivanp\AppData\Local\Programs\Eclipse Adoptium\jdk-17.0.19.10-hotspot\bin\sunmscapi.dll
0x00007ffb8d8b0000 - 0x00007ffb8da28000 	C:\WINDOWS\System32\CRYPT32.dll
0x00007ffb8cbb0000 - 0x00007ffb8cbe0000 	C:\WINDOWS\SYSTEM32\ncrypt.dll
0x00007ffb8cb60000 - 0x00007ffb8cb9f000 	C:\WINDOWS\SYSTEM32\NTASN1.dll
0x00007ffb80cc0000 - 0x00007ffb80cc8000 	C:\WINDOWS\system32\wshunix.dll
0x00007ffb62cd0000 - 0x00007ffb62ce8000 	C:\WINDOWS\system32\napinsp.dll
0x00007ffb62cb0000 - 0x00007ffb62cc3000 	C:\WINDOWS\System32\winrnr.dll
0x00007ffb62c80000 - 0x00007ffb62ca2000 	C:\WINDOWS\system32\nlansp_c.dll
0x00007ffb820a0000 - 0x00007ffb820b6000 	C:\WINDOWS\system32\wshbth.dll
0x00007ffb82320000 - 0x00007ffb8232b000 	C:\Windows\System32\rasadhlp.dll
0x00007ffb86930000 - 0x00007ffb869b6000 	C:\WINDOWS\System32\fwpuclnt.dll
0x00007ffb8c100000 - 0x00007ffb8c136000 	C:\WINDOWS\SYSTEM32\ntmarta.dll

dbghelp: loaded successfully - version: 4.0.5 - missing functions: none
symbol engine: initialized successfully - sym options: 0x614 - pdb path: .;C:\Users\ivanp\AppData\Local\Programs\Eclipse Adoptium\jdk-17.0.19.10-hotspot\bin;C:\WINDOWS\SYSTEM32;C:\WINDOWS\WinSxS\amd64_microsoft.windows.common-controls_6595b64144ccf1df_6.0.26100.8521_none_3e08b75ce33403b3;C:\Users\ivanp\AppData\Local\Programs\Eclipse Adoptium\jdk-17.0.19.10-hotspot\bin\server;C:\Users\ivanp\.gradle\native\c067742578af261105cb4f569cf0c3c89f3d7b1fecec35dd04571415982c5e48\windows-amd64;C:\Users\ivanp\.gradle\native\38dada09dfb8b06ba9b0570ebf7e218e3eb74d4ef43ca46872605cf95ebc2f47\windows-amd64

VM Arguments:
jvm_args: -XX:+UseG1GC -XX:+UnlockExperimentalVMOptions -XX:G1NewSizePercent=20 -XX:G1ReservePercent=15 -XX:MaxGCPauseMillis=100 --add-opens=java.base/java.util=ALL-UNNAMED --add-opens=java.base/java.lang=ALL-UNNAMED --add-opens=java.base/java.lang.invoke=ALL-UNNAMED --add-opens=java.prefs/java.util.prefs=ALL-UNNAMED --add-opens=java.base/java.nio.charset=ALL-UNNAMED --add-opens=java.base/java.net=ALL-UNNAMED --add-opens=java.base/java.util.concurrent.atomic=ALL-UNNAMED -Xmx6g -Dfile.encoding=windows-1251 -Duser.country=RU -Duser.language=ru -Duser.variant -javaagent:C:\Users\ivanp\.gradle\wrapper\dists\gradle-8.7-bin\bhs2wmbdwecv87pi65oeuq5iu\gradle-8.7\lib\agents\gradle-instrumentation-agent-8.7.jar 
java_command: org.gradle.launcher.daemon.bootstrap.GradleDaemon 8.7
java_class_path (initial): C:\Users\ivanp\.gradle\wrapper\dists\gradle-8.7-bin\bhs2wmbdwecv87pi65oeuq5iu\gradle-8.7\lib\gradle-launcher-8.7.jar
Launcher Type: SUN_STANDARD

[Global flags]
     intx CICompilerCount                          = 4                                         {product} {ergonomic}
     uint ConcGCThreads                            = 3                                         {product} {ergonomic}
     uint G1ConcRefinementThreads                  = 10                                        {product} {ergonomic}
     uint G1EagerReclaimRemSetThreshold            = 32                                   {experimental} {ergonomic}
   size_t G1HeapRegionSize                         = 4194304                                   {product} {ergonomic}
    uintx G1NewSizePercent                         = 20                                   {experimental} {command line}
    uintx G1ReservePercent                         = 15                                        {product} {command line}
    uintx GCDrainStackTargetSize                   = 64                                        {product} {ergonomic}
   size_t InitialHeapSize                          = 264241152                                 {product} {ergonomic}
   size_t MarkStackSize                            = 4194304                                   {product} {ergonomic}
    uintx MaxGCPauseMillis                         = 100                                       {product} {command line}
   size_t MaxHeapSize                              = 6442450944                                {product} {command line}
   size_t MaxNewSize                               = 3862953984                                {product} {ergonomic}
   size_t MinHeapDeltaBytes                        = 4194304                                   {product} {ergonomic}
   size_t MinHeapSize                              = 8388608                                   {product} {ergonomic}
    uintx NonNMethodCodeHeapSize                   = 5839372                                {pd product} {ergonomic}
    uintx NonProfiledCodeHeapSize                  = 122909434                              {pd product} {ergonomic}
    uintx ProfiledCodeHeapSize                     = 122909434                              {pd product} {ergonomic}
    uintx ReservedCodeCacheSize                    = 251658240                              {pd product} {ergonomic}
     bool SegmentedCodeCache                       = true                                      {product} {ergonomic}
   size_t SoftMaxHeapSize                          = 6442450944                             {manageable} {ergonomic}
     bool UnlockExperimentalVMOptions              = true                                 {experimental} {command line}
     bool UseCompressedClassPointers               = true                           {product lp64_product} {ergonomic}
     bool UseCompressedOops                        = true                           {product lp64_product} {ergonomic}
     bool UseG1GC                                  = true                                      {product} {command line}
     bool UseLargePagesIndividualAllocation        = false                                  {pd product} {ergonomic}

Logging:
Log output configuration:
 #0: stdout all=warning uptime,level,tags
 #1: stderr all=off uptime,level,tags

Environment Variables:
JAVA_HOME=C:\Users\ivanp\AppData\Local\Programs\Eclipse Adoptium\jdk-17.0.19.10-hotspot
CLASSPATH=C:\Users\ivanp\NewCatroid\\gradle\wrapper\gradle-wrapper.jar
PATH=C:\WINDOWS\system32;C:\WINDOWS;C:\WINDOWS\System32\Wbem;C:\WINDOWS\System32\WindowsPowerShell\v1.0\;C:\WINDOWS\System32\OpenSSH\;C:\Program Files\dotnet\;C:\Program Files\NVIDIA Corporation\NVIDIA App\NvDLISR;C:\Program Files (x86)\NVIDIA Corporation\PhysX\Common;C:\Users\ivanp\AppData\Local\Muse Hub\lib;C:\Program Files\Git\cmd;C:\Program Files\nodejs\;C:\Program Files\Cloudflare\Cloudflare WARP\;C:\Users\ivanp\AppData\Local\Programs\Eclipse Adoptium\jdk-17.0.19.10-hotspot\bin;C:\WINDOWS\system32;C:\WINDOWS;C:\WINDOWS\System32\Wbem;C:\WINDOWS\System32\WindowsPowerShell\v1.0\;C:\WINDOWS\System32\OpenSSH\;C:\Program Files\dotnet\;C:\Program Files\NVIDIA Corporation\NVIDIA App\NvDLISR;C:\Program Files (x86)\NVIDIA Corporation\PhysX\Common;C:\Users\ivanp\AppData\Local\Muse Hub\lib;C:\Program Files\Git\cmd;C:\Program Files\nodejs\;C:\Program Files\Cloudflare\Cloudflare WARP\;C:\Users\ivanp\AppData\Local\Programs\Eclipse Adoptium\jdk-21.0.11.10-hotspot\bin;C:\Users\ivanp\AppData\Local\Programs\Python\Python310\Scripts\;C:\Users\ivanp\AppData\Local\Programs\Python\Python310\;C:\Users\ivanp\AppData\Local\Programs\Eclipse Adoptium\jdk-25.0.3.9-hotspot\bin;C:\Users\ivanp\AppData\Local\Programs\Python\Python313\Scripts\;C:\Users\ivanp\AppDa;C:\Users\ivanp\AppData\Local\Programs\Microsoft VS Code\bin
USERNAME=ivanp
OS=Windows_NT
PROCESSOR_IDENTIFIER=Intel64 Family 6 Model 154 Stepping 3, GenuineIntel
TMP=C:\Users\ivanp\AppData\Local\Temp
TEMP=C:\Users\ivanp\AppData\Local\Temp



Periodic native trim disabled


---------------  S Y S T E M  ---------------

OS:
 Windows 11 , 64 bit Build 26100 (10.0.26100.8521)
OS uptime: 1 days 2:27 hours
Hyper-V role detected

CPU: total 12 (initial active 12) (6 cores per cpu, 2 threads per core) family 6 model 154 stepping 3 microcode 0x424, cx8, cmov, fxsr, ht, mmx, 3dnowpref, sse, sse2, sse3, ssse3, sse4.1, sse4.2, popcnt, lzcnt, tsc, tscinvbit, avx, avx2, aes, erms, clmul, bmi1, bmi2, adx, sha, fma, vzeroupper, clflush, clflushopt, clwb, hv
Processor Information for processor 0
  Max Mhz: 2000, Current Mhz: 2000, Mhz Limit: 2000
Processor Information for processor 1
  Max Mhz: 2000, Current Mhz: 2000, Mhz Limit: 2000
Processor Information for processor 2
  Max Mhz: 2000, Current Mhz: 2000, Mhz Limit: 2000
Processor Information for processor 3
  Max Mhz: 2000, Current Mhz: 2000, Mhz Limit: 2000
Processor Information for processor 4
  Max Mhz: 2000, Current Mhz: 2000, Mhz Limit: 2000
Processor Information for processor 5
  Max Mhz: 2000, Current Mhz: 2000, Mhz Limit: 2000
Processor Information for processor 6
  Max Mhz: 2000, Current Mhz: 1520, Mhz Limit: 2000
Processor Information for processor 7
  Max Mhz: 2000, Current Mhz: 2000, Mhz Limit: 2000
Processor Information for processor 8
  Max Mhz: 2000, Current Mhz: 2000, Mhz Limit: 2000
Processor Information for processor 9
  Max Mhz: 2000, Current Mhz: 1466, Mhz Limit: 2000
Processor Information for processor 10
  Max Mhz: 2000, Current Mhz: 1466, Mhz Limit: 2000
Processor Information for processor 11
  Max Mhz: 2000, Current Mhz: 2000, Mhz Limit: 2000

Memory: 4k page, system-wide physical 16087M (849M free)
TotalPageFile size 36567M (AvailPageFile size 852M)
current process WorkingSet (physical memory assigned to process): 2875M, peak: 2879M
current process commit charge ("private bytes"): 3075M, peak: 4083M

vm_info: OpenJDK 64-Bit Server VM (17.0.19+10) for windows-amd64 JRE (17.0.19+10), built on Apr 25 2026 08:04:44 by "admin" with MS VC++ 17.12 (VS2022)

END.
